[     665ms] [INFO] %cDownload the React DevTools for a better development experience: https://react.dev/link/react-devtools font-weight:bold @ http://localhost:3000/_next/static/chunks/node_modules_next_dist_1e8vcs8._.js:776
[    1005ms] [LOG] [HMR] connected @ http://localhost:3000/_next/static/chunks/node_modules_next_dist_1e8vcs8._.js:776
[   95210ms] [LOG] [Fast Refresh] rebuilding @ http://localhost:3000/_next/static/chunks/node_modules_next_dist_1e8vcs8._.js:776
[   96993ms] [LOG] [Fast Refresh] done in 1897ms @ http://localhost:3000/_next/static/chunks/node_modules_next_dist_1e8vcs8._.js:776
[  123957ms] [LOG] [Fast Refresh] rebuilding @ http://localhost:3000/_next/static/chunks/node_modules_next_dist_1e8vcs8._.js:776
[  124102ms] [LOG] [Fast Refresh] done in 251ms @ http://localhost:3000/_next/static/chunks/node_modules_next_dist_1e8vcs8._.js:776
[  156805ms] [LOG] [Fast Refresh] rebuilding @ http://localhost:3000/_next/static/chunks/node_modules_next_dist_1e8vcs8._.js:776
[  157855ms] [LOG] [Fast Refresh] done in 1145ms @ http://localhost:3000/_next/static/chunks/node_modules_next_dist_1e8vcs8._.js:776
[  157958ms] [LOG] [Fast Refresh] done in 1145ms @ http://localhost:3000/_next/static/chunks/node_modules_next_dist_1e8vcs8._.js:776
[  158328ms] [LOG] [Fast Refresh] done in 1145ms @ http://localhost:3000/_next/static/chunks/node_modules_next_dist_1e8vcs8._.js:776
[  159080ms] [LOG] [Fast Refresh] done in 1145ms @ http://localhost:3000/_next/static/chunks/node_modules_next_dist_1e8vcs8._.js:776
[  159148ms] [LOG] [Fast Refresh] done in 1145ms @ http://localhost:3000/_next/static/chunks/node_modules_next_dist_1e8vcs8._.js:776
[  159217ms] [LOG] [Fast Refresh] done in 1145ms @ http://localhost:3000/_next/static/chunks/node_modules_next_dist_1e8vcs8._.js:776
[  159305ms] [LOG] [Fast Refresh] done in 1145ms @ http://localhost:3000/_next/static/chunks/node_modules_next_dist_1e8vcs8._.js:776
[  159365ms] [LOG] [Fast Refresh] done in 1145ms @ http://localhost:3000/_next/static/chunks/node_modules_next_dist_1e8vcs8._.js:776
[  159428ms] [LOG] [Fast Refresh] done in 1145ms @ http://localhost:3000/_next/static/chunks/node_modules_next_dist_1e8vcs8._.js:776
[  159489ms] [LOG] [Fast Refresh] done in 1145ms @ http://localhost:3000/_next/static/chunks/node_modules_next_dist_1e8vcs8._.js:776
[  159553ms] [LOG] [Fast Refresh] done in 1145ms @ http://localhost:3000/_next/static/chunks/node_modules_next_dist_1e8vcs8._.js:776
[  159616ms] [LOG] [Fast Refresh] done in 1145ms @ http://localhost:3000/_next/static/chunks/node_modules_next_dist_1e8vcs8._.js:776
[  159680ms] [LOG] [Fast Refresh] done in 1145ms @ http://localhost:3000/_next/static/chunks/node_modules_next_dist_1e8vcs8._.js:776
[  159741ms] [LOG] [Fast Refresh] done in 1145ms @ http://localhost:3000/_next/static/chunks/node_modules_next_dist_1e8vcs8._.js:776
[  159819ms] [LOG] [Fast Refresh] done in 1145ms @ http://localhost:3000/_next/static/chunks/node_modules_next_dist_1e8vcs8._.js:776
[  159914ms] [LOG] [Fast Refresh] done in 1145ms @ http://localhost:3000/_next/static/chunks/node_modules_next_dist_1e8vcs8._.js:776
[  159978ms] [LOG] [Fast Refresh] done in 1145ms @ http://localhost:3000/_next/static/chunks/node_modules_next_dist_1e8vcs8._.js:776
[  160039ms] [LOG] [Fast Refresh] done in 1145ms @ http://localhost:3000/_next/static/chunks/node_modules_next_dist_1e8vcs8._.js:776
[  160270ms] [LOG] [Fast Refresh] rebuilding @ http://localhost:3000/_next/static/chunks/node_modules_next_dist_1e8vcs8._.js:776
[  160271ms] [LOG] [Fast Refresh] done in 109ms @ http://localhost:3000/_next/static/chunks/node_modules_next_dist_1e8vcs8._.js:776
[  160503ms] [LOG] [Fast Refresh] rebuilding @ http://localhost:3000/_next/static/chunks/node_modules_next_dist_1e8vcs8._.js:776
[  160566ms] [LOG] [Fast Refresh] done in 172ms @ http://localhost:3000/_next/static/chunks/node_modules_next_dist_1e8vcs8._.js:776
[  189788ms] [LOG] [Fast Refresh] rebuilding @ http://localhost:3000/_next/static/chunks/node_modules_next_dist_1e8vcs8._.js:776
[  190580ms] [LOG] [Fast Refresh] done in 888ms @ http://localhost:3000/_next/static/chunks/node_modules_next_dist_1e8vcs8._.js:776
[  190971ms] [LOG] [Fast Refresh] rebuilding @ http://localhost:3000/_next/static/chunks/node_modules_next_dist_1e8vcs8._.js:776
[  191020ms] [LOG] [Fast Refresh] done in 154ms @ http://localhost:3000/_next/static/chunks/node_modules_next_dist_1e8vcs8._.js:776
[  260605ms] [INFO] %cDownload the React DevTools for a better development experience: https://react.dev/link/react-devtools font-weight:bold @ http://localhost:3000/_next/static/chunks/node_modules_next_dist_1e8vcs8._.js:776
[  260638ms] [LOG] [HMR] connected @ http://localhost:3000/_next/static/chunks/node_modules_next_dist_1e8vcs8._.js:776
[  388819ms] [LOG] [Fast Refresh] rebuilding @ http://localhost:3000/_next/static/chunks/node_modules_next_dist_1e8vcs8._.js:776
[  389186ms] [LOG] [Fast Refresh] done in 461ms @ http://localhost:3000/_next/static/chunks/node_modules_next_dist_1e8vcs8._.js:776
[  389425ms] [LOG] [Fast Refresh] done in 461ms @ http://localhost:3000/_next/static/chunks/node_modules_next_dist_1e8vcs8._.js:776
[  389426ms] [LOG] [Fast Refresh] done in 461ms @ http://localhost:3000/_next/static/chunks/node_modules_next_dist_1e8vcs8._.js:776
[  389624ms] [LOG] [Fast Refresh] done in 461ms @ http://localhost:3000/_next/static/chunks/node_modules_next_dist_1e8vcs8._.js:776
[  390127ms] [LOG] [Fast Refresh] done in 461ms @ http://localhost:3000/_next/static/chunks/node_modules_next_dist_1e8vcs8._.js:776
[  390260ms] [LOG] [Fast Refresh] done in 461ms @ http://localhost:3000/_next/static/chunks/node_modules_next_dist_1e8vcs8._.js:776
[  390326ms] [LOG] [Fast Refresh] done in 461ms @ http://localhost:3000/_next/static/chunks/node_modules_next_dist_1e8vcs8._.js:776
[  390390ms] [LOG] [Fast Refresh] done in 461ms @ http://localhost:3000/_next/static/chunks/node_modules_next_dist_1e8vcs8._.js:776
[  390455ms] [LOG] [Fast Refresh] done in 461ms @ http://localhost:3000/_next/static/chunks/node_modules_next_dist_1e8vcs8._.js:776
[  390511ms] [LOG] [Fast Refresh] done in 461ms @ http://localhost:3000/_next/static/chunks/node_modules_next_dist_1e8vcs8._.js:776
[  390574ms] [LOG] [Fast Refresh] done in 461ms @ http://localhost:3000/_next/static/chunks/node_modules_next_dist_1e8vcs8._.js:776
[  390637ms] [LOG] [Fast Refresh] done in 461ms @ http://localhost:3000/_next/static/chunks/node_modules_next_dist_1e8vcs8._.js:776
[  390707ms] [LOG] [Fast Refresh] done in 461ms @ http://localhost:3000/_next/static/chunks/node_modules_next_dist_1e8vcs8._.js:776
[  390761ms] [LOG] [Fast Refresh] done in 461ms @ http://localhost:3000/_next/static/chunks/node_modules_next_dist_1e8vcs8._.js:776
[  390832ms] [LOG] [Fast Refresh] done in 461ms @ http://localhost:3000/_next/static/chunks/node_modules_next_dist_1e8vcs8._.js:776
[  390906ms] [LOG] [Fast Refresh] done in 461ms @ http://localhost:3000/_next/static/chunks/node_modules_next_dist_1e8vcs8._.js:776
[  390976ms] [LOG] [Fast Refresh] done in 461ms @ http://localhost:3000/_next/static/chunks/node_modules_next_dist_1e8vcs8._.js:776
[  391042ms] [LOG] [Fast Refresh] done in 461ms @ http://localhost:3000/_next/static/chunks/node_modules_next_dist_1e8vcs8._.js:776
[  391106ms] [LOG] [Fast Refresh] done in 461ms @ http://localhost:3000/_next/static/chunks/node_modules_next_dist_1e8vcs8._.js:776
[  391171ms] [LOG] [Fast Refresh] done in 461ms @ http://localhost:3000/_next/static/chunks/node_modules_next_dist_1e8vcs8._.js:776
[  391228ms] [LOG] [Fast Refresh] done in 461ms @ http://localhost:3000/_next/static/chunks/node_modules_next_dist_1e8vcs8._.js:776
[  391292ms] [LOG] [Fast Refresh] done in 461ms @ http://localhost:3000/_next/static/chunks/node_modules_next_dist_1e8vcs8._.js:776
[  391354ms] [LOG] [Fast Refresh] done in 461ms @ http://localhost:3000/_next/static/chunks/node_modules_next_dist_1e8vcs8._.js:776
[  391423ms] [LOG] [Fast Refresh] done in 461ms @ http://localhost:3000/_next/static/chunks/node_modules_next_dist_1e8vcs8._.js:776
[  391479ms] [LOG] [Fast Refresh] done in 461ms @ http://localhost:3000/_next/static/chunks/node_modules_next_dist_1e8vcs8._.js:776
[  391542ms] [LOG] [Fast Refresh] done in 461ms @ http://localhost:3000/_next/static/chunks/node_modules_next_dist_1e8vcs8._.js:776
[  391605ms] [LOG] [Fast Refresh] done in 461ms @ http://localhost:3000/_next/static/chunks/node_modules_next_dist_1e8vcs8._.js:776
[  391670ms] [LOG] [Fast Refresh] done in 461ms @ http://localhost:3000/_next/static/chunks/node_modules_next_dist_1e8vcs8._.js:776
[  391730ms] [LOG] [Fast Refresh] done in 461ms @ http://localhost:3000/_next/static/chunks/node_modules_next_dist_1e8vcs8._.js:776
[  391791ms] [LOG] [Fast Refresh] done in 461ms @ http://localhost:3000/_next/static/chunks/node_modules_next_dist_1e8vcs8._.js:776
[  391854ms] [LOG] [Fast Refresh] done in 461ms @ http://localhost:3000/_next/static/chunks/node_modules_next_dist_1e8vcs8._.js:776
[  391920ms] [LOG] [Fast Refresh] done in 461ms @ http://localhost:3000/_next/static/chunks/node_modules_next_dist_1e8vcs8._.js:776
[  391979ms] [LOG] [Fast Refresh] done in 461ms @ http://localhost:3000/_next/static/chunks/node_modules_next_dist_1e8vcs8._.js:776
[  392040ms] [LOG] [Fast Refresh] done in 461ms @ http://localhost:3000/_next/static/chunks/node_modules_next_dist_1e8vcs8._.js:776
[  392125ms] [LOG] [Fast Refresh] done in 461ms @ http://localhost:3000/_next/static/chunks/node_modules_next_dist_1e8vcs8._.js:776
[  392178ms] [LOG] [Fast Refresh] done in 461ms @ http://localhost:3000/_next/static/chunks/node_modules_next_dist_1e8vcs8._.js:776
[  392241ms] [LOG] [Fast Refresh] done in 461ms @ http://localhost:3000/_next/static/chunks/node_modules_next_dist_1e8vcs8._.js:776
[  392303ms] [LOG] [Fast Refresh] done in 461ms @ http://localhost:3000/_next/static/chunks/node_modules_next_dist_1e8vcs8._.js:776
[  392370ms] [LOG] [Fast Refresh] done in 461ms @ http://localhost:3000/_next/static/chunks/node_modules_next_dist_1e8vcs8._.js:776
[  392426ms] [LOG] [Fast Refresh] done in 461ms @ http://localhost:3000/_next/static/chunks/node_modules_next_dist_1e8vcs8._.js:776
[  392491ms] [LOG] [Fast Refresh] done in 461ms @ http://localhost:3000/_next/static/chunks/node_modules_next_dist_1e8vcs8._.js:776
[  392555ms] [LOG] [Fast Refresh] done in 461ms @ http://localhost:3000/_next/static/chunks/node_modules_next_dist_1e8vcs8._.js:776
[  392621ms] [LOG] [Fast Refresh] done in 461ms @ http://localhost:3000/_next/static/chunks/node_modules_next_dist_1e8vcs8._.js:776
[  392676ms] [LOG] [Fast Refresh] done in 461ms @ http://localhost:3000/_next/static/chunks/node_modules_next_dist_1e8vcs8._.js:776
[  392739ms] [LOG] [Fast Refresh] done in 461ms @ http://localhost:3000/_next/static/chunks/node_modules_next_dist_1e8vcs8._.js:776
[  392794ms] [LOG] [Fast Refresh] done in 461ms @ http://localhost:3000/_next/static/chunks/node_modules_next_dist_1e8vcs8._.js:776
[  392856ms] [LOG] [Fast Refresh] done in 461ms @ http://localhost:3000/_next/static/chunks/node_modules_next_dist_1e8vcs8._.js:776
[  392920ms] [LOG] [Fast Refresh] done in 461ms @ http://localhost:3000/_next/static/chunks/node_modules_next_dist_1e8vcs8._.js:776
[  392987ms] [LOG] [Fast Refresh] done in 461ms @ http://localhost:3000/_next/static/chunks/node_modules_next_dist_1e8vcs8._.js:776
[  393044ms] [LOG] [Fast Refresh] done in 461ms @ http://localhost:3000/_next/static/chunks/node_modules_next_dist_1e8vcs8._.js:776
[  393107ms] [LOG] [Fast Refresh] done in 461ms @ http://localhost:3000/_next/static/chunks/node_modules_next_dist_1e8vcs8._.js:776
[  393172ms] [LOG] [Fast Refresh] done in 461ms @ http://localhost:3000/_next/static/chunks/node_modules_next_dist_1e8vcs8._.js:776
[  393230ms] [LOG] [Fast Refresh] done in 461ms @ http://localhost:3000/_next/static/chunks/node_modules_next_dist_1e8vcs8._.js:776
[  393292ms] [LOG] [Fast Refresh] done in 461ms @ http://localhost:3000/_next/static/chunks/node_modules_next_dist_1e8vcs8._.js:776
[  393355ms] [LOG] [Fast Refresh] done in 461ms @ http://localhost:3000/_next/static/chunks/node_modules_next_dist_1e8vcs8._.js:776
[  393420ms] [LOG] [Fast Refresh] done in 461ms @ http://localhost:3000/_next/static/chunks/node_modules_next_dist_1e8vcs8._.js:776
[  393480ms] [LOG] [Fast Refresh] done in 461ms @ http://localhost:3000/_next/static/chunks/node_modules_next_dist_1e8vcs8._.js:776
[  393544ms] [LOG] [Fast Refresh] done in 461ms @ http://localhost:3000/_next/static/chunks/node_modules_next_dist_1e8vcs8._.js:776
[  393606ms] [LOG] [Fast Refresh] done in 461ms @ http://localhost:3000/_next/static/chunks/node_modules_next_dist_1e8vcs8._.js:776
[  393670ms] [LOG] [Fast Refresh] done in 461ms @ http://localhost:3000/_next/static/chunks/node_modules_next_dist_1e8vcs8._.js:776
[  393730ms] [LOG] [Fast Refresh] done in 461ms @ http://localhost:3000/_next/static/chunks/node_modules_next_dist_1e8vcs8._.js:776
[  393792ms] [LOG] [Fast Refresh] done in 461ms @ http://localhost:3000/_next/static/chunks/node_modules_next_dist_1e8vcs8._.js:776
[  393854ms] [LOG] [Fast Refresh] done in 461ms @ http://localhost:3000/_next/static/chunks/node_modules_next_dist_1e8vcs8._.js:776
[  393914ms] [LOG] [Fast Refresh] done in 461ms @ http://localhost:3000/_next/static/chunks/node_modules_next_dist_1e8vcs8._.js:776
[  393975ms] [LOG] [Fast Refresh] done in 461ms @ http://localhost:3000/_next/static/chunks/node_modules_next_dist_1e8vcs8._.js:776
[  394038ms] [LOG] [Fast Refresh] done in 461ms @ http://localhost:3000/_next/static/chunks/node_modules_next_dist_1e8vcs8._.js:776
[  394104ms] [LOG] [Fast Refresh] done in 461ms @ http://localhost:3000/_next/static/chunks/node_modules_next_dist_1e8vcs8._.js:776
[  394161ms] [LOG] [Fast Refresh] done in 461ms @ http://localhost:3000/_next/static/chunks/node_modules_next_dist_1e8vcs8._.js:776
[  394223ms] [LOG] [Fast Refresh] done in 461ms @ http://localhost:3000/_next/static/chunks/node_modules_next_dist_1e8vcs8._.js:776
[  394288ms] [LOG] [Fast Refresh] done in 461ms @ http://localhost:3000/_next/static/chunks/node_modules_next_dist_1e8vcs8._.js:776
[  394354ms] [LOG] [Fast Refresh] done in 461ms @ http://localhost:3000/_next/static/chunks/node_modules_next_dist_1e8vcs8._.js:776
[  394411ms] [LOG] [Fast Refresh] done in 461ms @ http://localhost:3000/_next/static/chunks/node_modules_next_dist_1e8vcs8._.js:776
[  394473ms] [LOG] [Fast Refresh] done in 461ms @ http://localhost:3000/_next/static/chunks/node_modules_next_dist_1e8vcs8._.js:776
[  394537ms] [LOG] [Fast Refresh] done in 461ms @ http://localhost:3000/_next/static/chunks/node_modules_next_dist_1e8vcs8._.js:776
[  394597ms] [LOG] [Fast Refresh] done in 461ms @ http://localhost:3000/_next/static/chunks/node_modules_next_dist_1e8vcs8._.js:776
[  394659ms] [LOG] [Fast Refresh] done in 461ms @ http://localhost:3000/_next/static/chunks/node_modules_next_dist_1e8vcs8._.js:776
[  394722ms] [LOG] [Fast Refresh] done in 461ms @ http://localhost:3000/_next/static/chunks/node_modules_next_dist_1e8vcs8._.js:776
[  394788ms] [LOG] [Fast Refresh] done in 461ms @ http://localhost:3000/_next/static/chunks/node_modules_next_dist_1e8vcs8._.js:776
[  394853ms] [LOG] [Fast Refresh] done in 461ms @ http://localhost:3000/_next/static/chunks/node_modules_next_dist_1e8vcs8._.js:776
[  394910ms] [LOG] [Fast Refresh] done in 461ms @ http://localhost:3000/_next/static/chunks/node_modules_next_dist_1e8vcs8._.js:776
[  394971ms] [LOG] [Fast Refresh] done in 461ms @ http://localhost:3000/_next/static/chunks/node_modules_next_dist_1e8vcs8._.js:776
[  395038ms] [LOG] [Fast Refresh] done in 461ms @ http://localhost:3000/_next/static/chunks/node_modules_next_dist_1e8vcs8._.js:776
[  395097ms] [LOG] [Fast Refresh] done in 461ms @ http://localhost:3000/_next/static/chunks/node_modules_next_dist_1e8vcs8._.js:776
[  395158ms] [LOG] [Fast Refresh] done in 461ms @ http://localhost:3000/_next/static/chunks/node_modules_next_dist_1e8vcs8._.js:776
[  395223ms] [LOG] [Fast Refresh] done in 461ms @ http://localhost:3000/_next/static/chunks/node_modules_next_dist_1e8vcs8._.js:776
[  395289ms] [LOG] [Fast Refresh] done in 461ms @ http://localhost:3000/_next/static/chunks/node_modules_next_dist_1e8vcs8._.js:776
[  395345ms] [LOG] [Fast Refresh] done in 461ms @ http://localhost:3000/_next/static/chunks/node_modules_next_dist_1e8vcs8._.js:776
[  395408ms] [LOG] [Fast Refresh] done in 461ms @ http://localhost:3000/_next/static/chunks/node_modules_next_dist_1e8vcs8._.js:776
[  395458ms] [LOG] [Fast Refresh] done in 461ms @ http://localhost:3000/_next/static/chunks/node_modules_next_dist_1e8vcs8._.js:776
[  395524ms] [LOG] [Fast Refresh] done in 461ms @ http://localhost:3000/_next/static/chunks/node_modules_next_dist_1e8vcs8._.js:776
[  395588ms] [LOG] [Fast Refresh] done in 461ms @ http://localhost:3000/_next/static/chunks/node_modules_next_dist_1e8vcs8._.js:776
[  395644ms] [LOG] [Fast Refresh] done in 461ms @ http://localhost:3000/_next/static/chunks/node_modules_next_dist_1e8vcs8._.js:776
[  395708ms] [LOG] [Fast Refresh] done in 461ms @ http://localhost:3000/_next/static/chunks/node_modules_next_dist_1e8vcs8._.js:776
[  395771ms] [LOG] [Fast Refresh] done in 461ms @ http://localhost:3000/_next/static/chunks/node_modules_next_dist_1e8vcs8._.js:776
[  395829ms] [LOG] [Fast Refresh] done in 461ms @ http://localhost:3000/_next/static/chunks/node_modules_next_dist_1e8vcs8._.js:776
[  395892ms] [LOG] [Fast Refresh] done in 461ms @ http://localhost:3000/_next/static/chunks/node_modules_next_dist_1e8vcs8._.js:776
[  395954ms] [LOG] [Fast Refresh] done in 461ms @ http://localhost:3000/_next/static/chunks/node_modules_next_dist_1e8vcs8._.js:776
[  396020ms] [LOG] [Fast Refresh] done in 461ms @ http://localhost:3000/_next/static/chunks/node_modules_next_dist_1e8vcs8._.js:776
[  396080ms] [LOG] [Fast Refresh] done in 461ms @ http://localhost:3000/_next/static/chunks/node_modules_next_dist_1e8vcs8._.js:776
[  396142ms] [LOG] [Fast Refresh] done in 461ms @ http://localhost:3000/_next/static/chunks/node_modules_next_dist_1e8vcs8._.js:776
[  396207ms] [LOG] [Fast Refresh] done in 461ms @ http://localhost:3000/_next/static/chunks/node_modules_next_dist_1e8vcs8._.js:776
[  396270ms] [LOG] [Fast Refresh] done in 461ms @ http://localhost:3000/_next/static/chunks/node_modules_next_dist_1e8vcs8._.js:776
[  396342ms] [LOG] [Fast Refresh] done in 461ms @ http://localhost:3000/_next/static/chunks/node_modules_next_dist_1e8vcs8._.js:776
[  396393ms] [LOG] [Fast Refresh] done in 461ms @ http://localhost:3000/_next/static/chunks/node_modules_next_dist_1e8vcs8._.js:776
[  396456ms] [LOG] [Fast Refresh] done in 461ms @ http://localhost:3000/_next/static/chunks/node_modules_next_dist_1e8vcs8._.js:776
[  396520ms] [LOG] [Fast Refresh] done in 461ms @ http://localhost:3000/_next/static/chunks/node_modules_next_dist_1e8vcs8._.js:776
[  396581ms] [LOG] [Fast Refresh] done in 461ms @ http://localhost:3000/_next/static/chunks/node_modules_next_dist_1e8vcs8._.js:776
[  396642ms] [LOG] [Fast Refresh] done in 461ms @ http://localhost:3000/_next/static/chunks/node_modules_next_dist_1e8vcs8._.js:776
[  396705ms] [LOG] [Fast Refresh] done in 461ms @ http://localhost:3000/_next/static/chunks/node_modules_next_dist_1e8vcs8._.js:776
[  396770ms] [LOG] [Fast Refresh] done in 461ms @ http://localhost:3000/_next/static/chunks/node_modules_next_dist_1e8vcs8._.js:776
[  396828ms] [LOG] [Fast Refresh] done in 461ms @ http://localhost:3000/_next/static/chunks/node_modules_next_dist_1e8vcs8._.js:776
[  396892ms] [LOG] [Fast Refresh] done in 461ms @ http://localhost:3000/_next/static/chunks/node_modules_next_dist_1e8vcs8._.js:776
[  396956ms] [LOG] [Fast Refresh] done in 461ms @ http://localhost:3000/_next/static/chunks/node_modules_next_dist_1e8vcs8._.js:776
[  397022ms] [LOG] [Fast Refresh] done in 461ms @ http://localhost:3000/_next/static/chunks/node_modules_next_dist_1e8vcs8._.js:776
[  397080ms] [LOG] [Fast Refresh] done in 461ms @ http://localhost:3000/_next/static/chunks/node_modules_next_dist_1e8vcs8._.js:776
[  397143ms] [LOG] [Fast Refresh] done in 461ms @ http://localhost:3000/_next/static/chunks/node_modules_next_dist_1e8vcs8._.js:776
[  397206ms] [LOG] [Fast Refresh] done in 461ms @ http://localhost:3000/_next/static/chunks/node_modules_next_dist_1e8vcs8._.js:776
[  397259ms] [LOG] [Fast Refresh] done in 461ms @ http://localhost:3000/_next/static/chunks/node_modules_next_dist_1e8vcs8._.js:776
[  397323ms] [LOG] [Fast Refresh] done in 461ms @ http://localhost:3000/_next/static/chunks/node_modules_next_dist_1e8vcs8._.js:776
[  397388ms] [LOG] [Fast Refresh] done in 461ms @ http://localhost:3000/_next/static/chunks/node_modules_next_dist_1e8vcs8._.js:776
[  397446ms] [LOG] [Fast Refresh] done in 461ms @ http://localhost:3000/_next/static/chunks/node_modules_next_dist_1e8vcs8._.js:776
[  397509ms] [LOG] [Fast Refresh] done in 461ms @ http://localhost:3000/_next/static/chunks/node_modules_next_dist_1e8vcs8._.js:776
[  397572ms] [LOG] [Fast Refresh] done in 461ms @ http://localhost:3000/_next/static/chunks/node_modules_next_dist_1e8vcs8._.js:776
[  397637ms] [LOG] [Fast Refresh] done in 461ms @ http://localhost:3000/_next/static/chunks/node_modules_next_dist_1e8vcs8._.js:776
[  397695ms] [LOG] [Fast Refresh] done in 461ms @ http://localhost:3000/_next/static/chunks/node_modules_next_dist_1e8vcs8._.js:776
[  397757ms] [LOG] [Fast Refresh] done in 461ms @ http://localhost:3000/_next/static/chunks/node_modules_next_dist_1e8vcs8._.js:776
[  397821ms] [LOG] [Fast Refresh] done in 461ms @ http://localhost:3000/_next/static/chunks/node_modules_next_dist_1e8vcs8._.js:776
[  397880ms] [LOG] [Fast Refresh] done in 461ms @ http://localhost:3000/_next/static/chunks/node_modules_next_dist_1e8vcs8._.js:776
[  397943ms] [LOG] [Fast Refresh] done in 461ms @ http://localhost:3000/_next/static/chunks/node_modules_next_dist_1e8vcs8._.js:776
[  398006ms] [LOG] [Fast Refresh] done in 461ms @ http://localhost:3000/_next/static/chunks/node_modules_next_dist_1e8vcs8._.js:776
[  398071ms] [LOG] [Fast Refresh] done in 461ms @ http://localhost:3000/_next/static/chunks/node_modules_next_dist_1e8vcs8._.js:776
[  398137ms] [LOG] [Fast Refresh] done in 461ms @ http://localhost:3000/_next/static/chunks/node_modules_next_dist_1e8vcs8._.js:776
[  398193ms] [LOG] [Fast Refresh] done in 461ms @ http://localhost:3000/_next/static/chunks/node_modules_next_dist_1e8vcs8._.js:776
[  398256ms] [LOG] [Fast Refresh] done in 461ms @ http://localhost:3000/_next/static/chunks/node_modules_next_dist_1e8vcs8._.js:776
[  398321ms] [LOG] [Fast Refresh] done in 461ms @ http://localhost:3000/_next/static/chunks/node_modules_next_dist_1e8vcs8._.js:776
[  398381ms] [LOG] [Fast Refresh] done in 461ms @ http://localhost:3000/_next/static/chunks/node_modules_next_dist_1e8vcs8._.js:776
[  398443ms] [LOG] [Fast Refresh] done in 461ms @ http://localhost:3000/_next/static/chunks/node_modules_next_dist_1e8vcs8._.js:776
[  398506ms] [LOG] [Fast Refresh] done in 461ms @ http://localhost:3000/_next/static/chunks/node_modules_next_dist_1e8vcs8._.js:776
[  398571ms] [LOG] [Fast Refresh] done in 461ms @ http://localhost:3000/_next/static/chunks/node_modules_next_dist_1e8vcs8._.js:776
[  398638ms] [LOG] [Fast Refresh] done in 461ms @ http://localhost:3000/_next/static/chunks/node_modules_next_dist_1e8vcs8._.js:776
[  398693ms] [LOG] [Fast Refresh] done in 461ms @ http://localhost:3000/_next/static/chunks/node_modules_next_dist_1e8vcs8._.js:776
[  398755ms] [LOG] [Fast Refresh] done in 461ms @ http://localhost:3000/_next/static/chunks/node_modules_next_dist_1e8vcs8._.js:776
[  398821ms] [LOG] [Fast Refresh] done in 461ms @ http://localhost:3000/_next/static/chunks/node_modules_next_dist_1e8vcs8._.js:776
[  398878ms] [LOG] [Fast Refresh] done in 461ms @ http://localhost:3000/_next/static/chunks/node_modules_next_dist_1e8vcs8._.js:776
[  398941ms] [LOG] [Fast Refresh] done in 461ms @ http://localhost:3000/_next/static/chunks/node_modules_next_dist_1e8vcs8._.js:776
[  399005ms] [LOG] [Fast Refresh] done in 461ms @ http://localhost:3000/_next/static/chunks/node_modules_next_dist_1e8vcs8._.js:776
[  399071ms] [LOG] [Fast Refresh] done in 461ms @ http://localhost:3000/_next/static/chunks/node_modules_next_dist_1e8vcs8._.js:776
[  399127ms] [LOG] [Fast Refresh] done in 461ms @ http://localhost:3000/_next/static/chunks/node_modules_next_dist_1e8vcs8._.js:776
[  399189ms] [LOG] [Fast Refresh] done in 461ms @ http://localhost:3000/_next/static/chunks/node_modules_next_dist_1e8vcs8._.js:776
[  399256ms] [LOG] [Fast Refresh] done in 461ms @ http://localhost:3000/_next/static/chunks/node_modules_next_dist_1e8vcs8._.js:776
[  399314ms] [LOG] [Fast Refresh] done in 461ms @ http://localhost:3000/_next/static/chunks/node_modules_next_dist_1e8vcs8._.js:776
[  399377ms] [LOG] [Fast Refresh] done in 461ms @ http://localhost:3000/_next/static/chunks/node_modules_next_dist_1e8vcs8._.js:776
[  399439ms] [LOG] [Fast Refresh] done in 461ms @ http://localhost:3000/_next/static/chunks/node_modules_next_dist_1e8vcs8._.js:776
[  399504ms] [LOG] [Fast Refresh] done in 461ms @ http://localhost:3000/_next/static/chunks/node_modules_next_dist_1e8vcs8._.js:776
[  399563ms] [LOG] [Fast Refresh] done in 461ms @ http://localhost:3000/_next/static/chunks/node_modules_next_dist_1e8vcs8._.js:776
[  399625ms] [LOG] [Fast Refresh] done in 461ms @ http://localhost:3000/_next/static/chunks/node_modules_next_dist_1e8vcs8._.js:776
[  399688ms] [LOG] [Fast Refresh] done in 461ms @ http://localhost:3000/_next/static/chunks/node_modules_next_dist_1e8vcs8._.js:776
[  399756ms] [LOG] [Fast Refresh] done in 461ms @ http://localhost:3000/_next/static/chunks/node_modules_next_dist_1e8vcs8._.js:776
[  399813ms] [LOG] [Fast Refresh] done in 461ms @ http://localhost:3000/_next/static/chunks/node_modules_next_dist_1e8vcs8._.js:776
[  399875ms] [LOG] [Fast Refresh] done in 461ms @ http://localhost:3000/_next/static/chunks/node_modules_next_dist_1e8vcs8._.js:776
[  399939ms] [LOG] [Fast Refresh] done in 461ms @ http://localhost:3000/_next/static/chunks/node_modules_next_dist_1e8vcs8._.js:776
[  400007ms] [LOG] [Fast Refresh] done in 461ms @ http://localhost:3000/_next/static/chunks/node_modules_next_dist_1e8vcs8._.js:776
[  400078ms] [LOG] [Fast Refresh] done in 461ms @ http://localhost:3000/_next/static/chunks/node_modules_next_dist_1e8vcs8._.js:776
[  400140ms] [LOG] [Fast Refresh] done in 461ms @ http://localhost:3000/_next/static/chunks/node_modules_next_dist_1e8vcs8._.js:776
[  400204ms] [LOG] [Fast Refresh] done in 461ms @ http://localhost:3000/_next/static/chunks/node_modules_next_dist_1e8vcs8._.js:776
[  400271ms] [LOG] [Fast Refresh] done in 461ms @ http://localhost:3000/_next/static/chunks/node_modules_next_dist_1e8vcs8._.js:776
[  400326ms] [LOG] [Fast Refresh] done in 461ms @ http://localhost:3000/_next/static/chunks/node_modules_next_dist_1e8vcs8._.js:776
[  400389ms] [LOG] [Fast Refresh] done in 461ms @ http://localhost:3000/_next/static/chunks/node_modules_next_dist_1e8vcs8._.js:776
[  400455ms] [LOG] [Fast Refresh] done in 461ms @ http://localhost:3000/_next/static/chunks/node_modules_next_dist_1e8vcs8._.js:776
[  400515ms] [LOG] [Fast Refresh] done in 461ms @ http://localhost:3000/_next/static/chunks/node_modules_next_dist_1e8vcs8._.js:776
[  400577ms] [LOG] [Fast Refresh] done in 461ms @ http://localhost:3000/_next/static/chunks/node_modules_next_dist_1e8vcs8._.js:776
[  400639ms] [LOG] [Fast Refresh] done in 461ms @ http://localhost:3000/_next/static/chunks/node_modules_next_dist_1e8vcs8._.js:776
[  400704ms] [LOG] [Fast Refresh] done in 461ms @ http://localhost:3000/_next/static/chunks/node_modules_next_dist_1e8vcs8._.js:776
[  400764ms] [LOG] [Fast Refresh] done in 461ms @ http://localhost:3000/_next/static/chunks/node_modules_next_dist_1e8vcs8._.js:776
[  400826ms] [LOG] [Fast Refresh] done in 461ms @ http://localhost:3000/_next/static/chunks/node_modules_next_dist_1e8vcs8._.js:776
[  400890ms] [LOG] [Fast Refresh] done in 461ms @ http://localhost:3000/_next/static/chunks/node_modules_next_dist_1e8vcs8._.js:776
[  400954ms] [LOG] [Fast Refresh] done in 461ms @ http://localhost:3000/_next/static/chunks/node_modules_next_dist_1e8vcs8._.js:776
[  401021ms] [LOG] [Fast Refresh] done in 461ms @ http://localhost:3000/_next/static/chunks/node_modules_next_dist_1e8vcs8._.js:776
[  401078ms] [LOG] [Fast Refresh] done in 461ms @ http://localhost:3000/_next/static/chunks/node_modules_next_dist_1e8vcs8._.js:776
[  401140ms] [LOG] [Fast Refresh] done in 461ms @ http://localhost:3000/_next/static/chunks/node_modules_next_dist_1e8vcs8._.js:776
[  401204ms] [LOG] [Fast Refresh] done in 461ms @ http://localhost:3000/_next/static/chunks/node_modules_next_dist_1e8vcs8._.js:776
[  401264ms] [LOG] [Fast Refresh] done in 461ms @ http://localhost:3000/_next/static/chunks/node_modules_next_dist_1e8vcs8._.js:776
[  401327ms] [LOG] [Fast Refresh] done in 461ms @ http://localhost:3000/_next/static/chunks/node_modules_next_dist_1e8vcs8._.js:776
[  401389ms] [LOG] [Fast Refresh] done in 461ms @ http://localhost:3000/_next/static/chunks/node_modules_next_dist_1e8vcs8._.js:776
[  401454ms] [LOG] [Fast Refresh] done in 461ms @ http://localhost:3000/_next/static/chunks/node_modules_next_dist_1e8vcs8._.js:776
[  401520ms] [LOG] [Fast Refresh] done in 461ms @ http://localhost:3000/_next/static/chunks/node_modules_next_dist_1e8vcs8._.js:776
[  401594ms] [LOG] [Fast Refresh] done in 461ms @ http://localhost:3000/_next/static/chunks/node_modules_next_dist_1e8vcs8._.js:776
[  401656ms] [LOG] [Fast Refresh] done in 461ms @ http://localhost:3000/_next/static/chunks/node_modules_next_dist_1e8vcs8._.js:776
[  401721ms] [LOG] [Fast Refresh] done in 461ms @ http://localhost:3000/_next/static/chunks/node_modules_next_dist_1e8vcs8._.js:776
[  401789ms] [LOG] [Fast Refresh] done in 461ms @ http://localhost:3000/_next/static/chunks/node_modules_next_dist_1e8vcs8._.js:776
[  401844ms] [LOG] [Fast Refresh] done in 461ms @ http://localhost:3000/_next/static/chunks/node_modules_next_dist_1e8vcs8._.js:776
[  401907ms] [LOG] [Fast Refresh] done in 461ms @ http://localhost:3000/_next/static/chunks/node_modules_next_dist_1e8vcs8._.js:776
[  401972ms] [LOG] [Fast Refresh] done in 461ms @ http://localhost:3000/_next/static/chunks/node_modules_next_dist_1e8vcs8._.js:776
[  402037ms] [LOG] [Fast Refresh] done in 461ms @ http://localhost:3000/_next/static/chunks/node_modules_next_dist_1e8vcs8._.js:776
[  402097ms] [LOG] [Fast Refresh] done in 461ms @ http://localhost:3000/_next/static/chunks/node_modules_next_dist_1e8vcs8._.js:776
[  402158ms] [LOG] [Fast Refresh] done in 461ms @ http://localhost:3000/_next/static/chunks/node_modules_next_dist_1e8vcs8._.js:776
[  402221ms] [LOG] [Fast Refresh] done in 461ms @ http://localhost:3000/_next/static/chunks/node_modules_next_dist_1e8vcs8._.js:776
[  402279ms] [LOG] [Fast Refresh] done in 461ms @ http://localhost:3000/_next/static/chunks/node_modules_next_dist_1e8vcs8._.js:776
[  402342ms] [LOG] [Fast Refresh] done in 461ms @ http://localhost:3000/_next/static/chunks/node_modules_next_dist_1e8vcs8._.js:776
[  402405ms] [LOG] [Fast Refresh] done in 461ms @ http://localhost:3000/_next/static/chunks/node_modules_next_dist_1e8vcs8._.js:776
[  402473ms] [LOG] [Fast Refresh] done in 461ms @ http://localhost:3000/_next/static/chunks/node_modules_next_dist_1e8vcs8._.js:776
[  402531ms] [LOG] [Fast Refresh] done in 461ms @ http://localhost:3000/_next/static/chunks/node_modules_next_dist_1e8vcs8._.js:776
[  402592ms] [LOG] [Fast Refresh] done in 461ms @ http://localhost:3000/_next/static/chunks/node_modules_next_dist_1e8vcs8._.js:776
[  402656ms] [LOG] [Fast Refresh] done in 461ms @ http://localhost:3000/_next/static/chunks/node_modules_next_dist_1e8vcs8._.js:776
[  402720ms] [LOG] [Fast Refresh] done in 461ms @ http://localhost:3000/_next/static/chunks/node_modules_next_dist_1e8vcs8._.js:776
[  402787ms] [LOG] [Fast Refresh] done in 461ms @ http://localhost:3000/_next/static/chunks/node_modules_next_dist_1e8vcs8._.js:776
[  402845ms] [LOG] [Fast Refresh] done in 461ms @ http://localhost:3000/_next/static/chunks/node_modules_next_dist_1e8vcs8._.js:776
[  402907ms] [LOG] [Fast Refresh] done in 461ms @ http://localhost:3000/_next/static/chunks/node_modules_next_dist_1e8vcs8._.js:776
[  402972ms] [LOG] [Fast Refresh] done in 461ms @ http://localhost:3000/_next/static/chunks/node_modules_next_dist_1e8vcs8._.js:776
[  403037ms] [LOG] [Fast Refresh] done in 461ms @ http://localhost:3000/_next/static/chunks/node_modules_next_dist_1e8vcs8._.js:776
[  403093ms] [LOG] [Fast Refresh] done in 461ms @ http://localhost:3000/_next/static/chunks/node_modules_next_dist_1e8vcs8._.js:776
[  403156ms] [LOG] [Fast Refresh] done in 461ms @ http://localhost:3000/_next/static/chunks/node_modules_next_dist_1e8vcs8._.js:776
[  403221ms] [LOG] [Fast Refresh] done in 461ms @ http://localhost:3000/_next/static/chunks/node_modules_next_dist_1e8vcs8._.js:776
[  403280ms] [LOG] [Fast Refresh] done in 461ms @ http://localhost:3000/_next/static/chunks/node_modules_next_dist_1e8vcs8._.js:776
[  403342ms] [LOG] [Fast Refresh] done in 461ms @ http://localhost:3000/_next/static/chunks/node_modules_next_dist_1e8vcs8._.js:776
[  403405ms] [LOG] [Fast Refresh] done in 461ms @ http://localhost:3000/_next/static/chunks/node_modules_next_dist_1e8vcs8._.js:776
[  403472ms] [LOG] [Fast Refresh] done in 461ms @ http://localhost:3000/_next/static/chunks/node_modules_next_dist_1e8vcs8._.js:776
[  403529ms] [LOG] [Fast Refresh] done in 461ms @ http://localhost:3000/_next/static/chunks/node_modules_next_dist_1e8vcs8._.js:776
[  403591ms] [LOG] [Fast Refresh] done in 461ms @ http://localhost:3000/_next/static/chunks/node_modules_next_dist_1e8vcs8._.js:776
[  403655ms] [LOG] [Fast Refresh] done in 461ms @ http://localhost:3000/_next/static/chunks/node_modules_next_dist_1e8vcs8._.js:776
[  403721ms] [LOG] [Fast Refresh] done in 461ms @ http://localhost:3000/_next/static/chunks/node_modules_next_dist_1e8vcs8._.js:776
[  403779ms] [LOG] [Fast Refresh] done in 461ms @ http://localhost:3000/_next/static/chunks/node_modules_next_dist_1e8vcs8._.js:776
[  403840ms] [LOG] [Fast Refresh] done in 461ms @ http://localhost:3000/_next/static/chunks/node_modules_next_dist_1e8vcs8._.js:776
[  403905ms] [LOG] [Fast Refresh] done in 461ms @ http://localhost:3000/_next/static/chunks/node_modules_next_dist_1e8vcs8._.js:776
[  403971ms] [LOG] [Fast Refresh] done in 461ms @ http://localhost:3000/_next/static/chunks/node_modules_next_dist_1e8vcs8._.js:776
[  404030ms] [LOG] [Fast Refresh] done in 461ms @ http://localhost:3000/_next/static/chunks/node_modules_next_dist_1e8vcs8._.js:776
[  404090ms] [LOG] [Fast Refresh] done in 461ms @ http://localhost:3000/_next/static/chunks/node_modules_next_dist_1e8vcs8._.js:776
[  404155ms] [LOG] [Fast Refresh] done in 461ms @ http://localhost:3000/_next/static/chunks/node_modules_next_dist_1e8vcs8._.js:776
[  404221ms] [LOG] [Fast Refresh] done in 461ms @ http://localhost:3000/_next/static/chunks/node_modules_next_dist_1e8vcs8._.js:776
[  404278ms] [LOG] [Fast Refresh] done in 461ms @ http://localhost:3000/_next/static/chunks/node_modules_next_dist_1e8vcs8._.js:776
[  404342ms] [LOG] [Fast Refresh] done in 461ms @ http://localhost:3000/_next/static/chunks/node_modules_next_dist_1e8vcs8._.js:776
[  404404ms] [LOG] [Fast Refresh] done in 461ms @ http://localhost:3000/_next/static/chunks/node_modules_next_dist_1e8vcs8._.js:776
[  404470ms] [LOG] [Fast Refresh] done in 461ms @ http://localhost:3000/_next/static/chunks/node_modules_next_dist_1e8vcs8._.js:776
[  404528ms] [LOG] [Fast Refresh] done in 461ms @ http://localhost:3000/_next/static/chunks/node_modules_next_dist_1e8vcs8._.js:776
[  404590ms] [LOG] [Fast Refresh] done in 461ms @ http://localhost:3000/_next/static/chunks/node_modules_next_dist_1e8vcs8._.js:776
[  404654ms] [LOG] [Fast Refresh] done in 461ms @ http://localhost:3000/_next/static/chunks/node_modules_next_dist_1e8vcs8._.js:776
[  404716ms] [LOG] [Fast Refresh] done in 461ms @ http://localhost:3000/_next/static/chunks/node_modules_next_dist_1e8vcs8._.js:776
[  404778ms] [LOG] [Fast Refresh] done in 461ms @ http://localhost:3000/_next/static/chunks/node_modules_next_dist_1e8vcs8._.js:776
[  404841ms] [LOG] [Fast Refresh] done in 461ms @ http://localhost:3000/_next/static/chunks/node_modules_next_dist_1e8vcs8._.js:776
[  404896ms] [LOG] [Fast Refresh] done in 461ms @ http://localhost:3000/_next/static/chunks/node_modules_next_dist_1e8vcs8._.js:776
[  404957ms] [LOG] [Fast Refresh] done in 461ms @ http://localhost:3000/_next/static/chunks/node_modules_next_dist_1e8vcs8._.js:776
[  405022ms] [LOG] [Fast Refresh] done in 461ms @ http://localhost:3000/_next/static/chunks/node_modules_next_dist_1e8vcs8._.js:776
[  405088ms] [LOG] [Fast Refresh] done in 461ms @ http://localhost:3000/_next/static/chunks/node_modules_next_dist_1e8vcs8._.js:776
[  405145ms] [LOG] [Fast Refresh] done in 461ms @ http://localhost:3000/_next/static/chunks/node_modules_next_dist_1e8vcs8._.js:776
[  405208ms] [LOG] [Fast Refresh] done in 461ms @ http://localhost:3000/_next/static/chunks/node_modules_next_dist_1e8vcs8._.js:776
[  405272ms] [LOG] [Fast Refresh] done in 461ms @ http://localhost:3000/_next/static/chunks/node_modules_next_dist_1e8vcs8._.js:776
[  405338ms] [LOG] [Fast Refresh] done in 461ms @ http://localhost:3000/_next/static/chunks/node_modules_next_dist_1e8vcs8._.js:776
[  405397ms] [LOG] [Fast Refresh] done in 461ms @ http://localhost:3000/_next/static/chunks/node_modules_next_dist_1e8vcs8._.js:776
[  405459ms] [LOG] [Fast Refresh] done in 461ms @ http://localhost:3000/_next/static/chunks/node_modules_next_dist_1e8vcs8._.js:776
[  405522ms] [LOG] [Fast Refresh] done in 461ms @ http://localhost:3000/_next/static/chunks/node_modules_next_dist_1e8vcs8._.js:776
[  405588ms] [LOG] [Fast Refresh] done in 461ms @ http://localhost:3000/_next/static/chunks/node_modules_next_dist_1e8vcs8._.js:776
[  405646ms] [LOG] [Fast Refresh] done in 461ms @ http://localhost:3000/_next/static/chunks/node_modules_next_dist_1e8vcs8._.js:776
[  405709ms] [LOG] [Fast Refresh] done in 461ms @ http://localhost:3000/_next/static/chunks/node_modules_next_dist_1e8vcs8._.js:776
[  405771ms] [LOG] [Fast Refresh] done in 461ms @ http://localhost:3000/_next/static/chunks/node_modules_next_dist_1e8vcs8._.js:776
[  405838ms] [LOG] [Fast Refresh] done in 461ms @ http://localhost:3000/_next/static/chunks/node_modules_next_dist_1e8vcs8._.js:776
[  405897ms] [LOG] [Fast Refresh] done in 461ms @ http://localhost:3000/_next/static/chunks/node_modules_next_dist_1e8vcs8._.js:776
[  405970ms] [LOG] [Fast Refresh] done in 461ms @ http://localhost:3000/_next/static/chunks/node_modules_next_dist_1e8vcs8._.js:776
[  406028ms] [LOG] [Fast Refresh] done in 461ms @ http://localhost:3000/_next/static/chunks/node_modules_next_dist_1e8vcs8._.js:776
[  406091ms] [LOG] [Fast Refresh] done in 461ms @ http://localhost:3000/_next/static/chunks/node_modules_next_dist_1e8vcs8._.js:776
[  406155ms] [LOG] [Fast Refresh] done in 461ms @ http://localhost:3000/_next/static/chunks/node_modules_next_dist_1e8vcs8._.js:776
[  406220ms] [LOG] [Fast Refresh] done in 461ms @ http://localhost:3000/_next/static/chunks/node_modules_next_dist_1e8vcs8._.js:776
[  406280ms] [LOG] [Fast Refresh] done in 461ms @ http://localhost:3000/_next/static/chunks/node_modules_next_dist_1e8vcs8._.js:776
[  406344ms] [LOG] [Fast Refresh] done in 461ms @ http://localhost:3000/_next/static/chunks/node_modules_next_dist_1e8vcs8._.js:776
[  406406ms] [LOG] [Fast Refresh] done in 461ms @ http://localhost:3000/_next/static/chunks/node_modules_next_dist_1e8vcs8._.js:776
[  406471ms] [LOG] [Fast Refresh] done in 461ms @ http://localhost:3000/_next/static/chunks/node_modules_next_dist_1e8vcs8._.js:776
[  406530ms] [LOG] [Fast Refresh] done in 461ms @ http://localhost:3000/_next/static/chunks/node_modules_next_dist_1e8vcs8._.js:776
[  406591ms] [LOG] [Fast Refresh] done in 461ms @ http://localhost:3000/_next/static/chunks/node_modules_next_dist_1e8vcs8._.js:776
[  406656ms] [LOG] [Fast Refresh] done in 461ms @ http://localhost:3000/_next/static/chunks/node_modules_next_dist_1e8vcs8._.js:776
[  406722ms] [LOG] [Fast Refresh] done in 461ms @ http://localhost:3000/_next/static/chunks/node_modules_next_dist_1e8vcs8._.js:776
[  406778ms] [LOG] [Fast Refresh] done in 461ms @ http://localhost:3000/_next/static/chunks/node_modules_next_dist_1e8vcs8._.js:776
[  406827ms] [LOG] [Fast Refresh] done in 461ms @ http://localhost:3000/_next/static/chunks/node_modules_next_dist_1e8vcs8._.js:776
[  406889ms] [LOG] [Fast Refresh] done in 461ms @ http://localhost:3000/_next/static/chunks/node_modules_next_dist_1e8vcs8._.js:776
[  406953ms] [LOG] [Fast Refresh] done in 461ms @ http://localhost:3000/_next/static/chunks/node_modules_next_dist_1e8vcs8._.js:776
[  407011ms] [LOG] [Fast Refresh] done in 461ms @ http://localhost:3000/_next/static/chunks/node_modules_next_dist_1e8vcs8._.js:776
[  407075ms] [LOG] [Fast Refresh] done in 461ms @ http://localhost:3000/_next/static/chunks/node_modules_next_dist_1e8vcs8._.js:776
[  407137ms] [LOG] [Fast Refresh] done in 461ms @ http://localhost:3000/_next/static/chunks/node_modules_next_dist_1e8vcs8._.js:776
[  407206ms] [LOG] [Fast Refresh] done in 461ms @ http://localhost:3000/_next/static/chunks/node_modules_next_dist_1e8vcs8._.js:776
[  407261ms] [LOG] [Fast Refresh] done in 461ms @ http://localhost:3000/_next/static/chunks/node_modules_next_dist_1e8vcs8._.js:776
[  407326ms] [LOG] [Fast Refresh] done in 461ms @ http://localhost:3000/_next/static/chunks/node_modules_next_dist_1e8vcs8._.js:776
[  407388ms] [LOG] [Fast Refresh] done in 461ms @ http://localhost:3000/_next/static/chunks/node_modules_next_dist_1e8vcs8._.js:776
[  407448ms] [LOG] [Fast Refresh] done in 461ms @ http://localhost:3000/_next/static/chunks/node_modules_next_dist_1e8vcs8._.js:776
[  407509ms] [LOG] [Fast Refresh] done in 461ms @ http://localhost:3000/_next/static/chunks/node_modules_next_dist_1e8vcs8._.js:776
[  407571ms] [LOG] [Fast Refresh] done in 461ms @ http://localhost:3000/_next/static/chunks/node_modules_next_dist_1e8vcs8._.js:776
[  407637ms] [LOG] [Fast Refresh] done in 461ms @ http://localhost:3000/_next/static/chunks/node_modules_next_dist_1e8vcs8._.js:776
[  407697ms] [LOG] [Fast Refresh] done in 461ms @ http://localhost:3000/_next/static/chunks/node_modules_next_dist_1e8vcs8._.js:776
[  407763ms] [LOG] [Fast Refresh] done in 461ms @ http://localhost:3000/_next/static/chunks/node_modules_next_dist_1e8vcs8._.js:776
[  407821ms] [LOG] [Fast Refresh] done in 461ms @ http://localhost:3000/_next/static/chunks/node_modules_next_dist_1e8vcs8._.js:776
[  407887ms] [LOG] [Fast Refresh] done in 461ms @ http://localhost:3000/_next/static/chunks/node_modules_next_dist_1e8vcs8._.js:776
[  407955ms] [LOG] [Fast Refresh] done in 461ms @ http://localhost:3000/_next/static/chunks/node_modules_next_dist_1e8vcs8._.js:776
[  408009ms] [LOG] [Fast Refresh] done in 461ms @ http://localhost:3000/_next/static/chunks/node_modules_next_dist_1e8vcs8._.js:776
[  408072ms] [LOG] [Fast Refresh] done in 461ms @ http://localhost:3000/_next/static/chunks/node_modules_next_dist_1e8vcs8._.js:776
[  408139ms] [LOG] [Fast Refresh] done in 461ms @ http://localhost:3000/_next/static/chunks/node_modules_next_dist_1e8vcs8._.js:776
[  408198ms] [LOG] [Fast Refresh] done in 461ms @ http://localhost:3000/_next/static/chunks/node_modules_next_dist_1e8vcs8._.js:776
[  408260ms] [LOG] [Fast Refresh] done in 461ms @ http://localhost:3000/_next/static/chunks/node_modules_next_dist_1e8vcs8._.js:776
[  408322ms] [LOG] [Fast Refresh] done in 461ms @ http://localhost:3000/_next/static/chunks/node_modules_next_dist_1e8vcs8._.js:776
[  408388ms] [LOG] [Fast Refresh] done in 461ms @ http://localhost:3000/_next/static/chunks/node_modules_next_dist_1e8vcs8._.js:776
[  408447ms] [LOG] [Fast Refresh] done in 461ms @ http://localhost:3000/_next/static/chunks/node_modules_next_dist_1e8vcs8._.js:776
[  408510ms] [LOG] [Fast Refresh] done in 461ms @ http://localhost:3000/_next/static/chunks/node_modules_next_dist_1e8vcs8._.js:776
[  408572ms] [LOG] [Fast Refresh] done in 461ms @ http://localhost:3000/_next/static/chunks/node_modules_next_dist_1e8vcs8._.js:776
[  408638ms] [LOG] [Fast Refresh] done in 461ms @ http://localhost:3000/_next/static/chunks/node_modules_next_dist_1e8vcs8._.js:776
[  408696ms] [LOG] [Fast Refresh] done in 461ms @ http://localhost:3000/_next/static/chunks/node_modules_next_dist_1e8vcs8._.js:776
[  408759ms] [LOG] [Fast Refresh] done in 461ms @ http://localhost:3000/_next/static/chunks/node_modules_next_dist_1e8vcs8._.js:776
[  408822ms] [LOG] [Fast Refresh] done in 461ms @ http://localhost:3000/_next/static/chunks/node_modules_next_dist_1e8vcs8._.js:776
[  408887ms] [LOG] [Fast Refresh] done in 461ms @ http://localhost:3000/_next/static/chunks/node_modules_next_dist_1e8vcs8._.js:776
[  408946ms] [LOG] [Fast Refresh] done in 461ms @ http://localhost:3000/_next/static/chunks/node_modules_next_dist_1e8vcs8._.js:776
[  409010ms] [LOG] [Fast Refresh] done in 461ms @ http://localhost:3000/_next/static/chunks/node_modules_next_dist_1e8vcs8._.js:776
[  409072ms] [LOG] [Fast Refresh] done in 461ms @ http://localhost:3000/_next/static/chunks/node_modules_next_dist_1e8vcs8._.js:776
[  409138ms] [LOG] [Fast Refresh] done in 461ms @ http://localhost:3000/_next/static/chunks/node_modules_next_dist_1e8vcs8._.js:776
[  409211ms] [LOG] [Fast Refresh] done in 461ms @ http://localhost:3000/_next/static/chunks/node_modules_next_dist_1e8vcs8._.js:776
[  409274ms] [LOG] [Fast Refresh] done in 461ms @ http://localhost:3000/_next/static/chunks/node_modules_next_dist_1e8vcs8._.js:776
[  409338ms] [LOG] [Fast Refresh] done in 461ms @ http://localhost:3000/_next/static/chunks/node_modules_next_dist_1e8vcs8._.js:776
[  409398ms] [LOG] [Fast Refresh] done in 461ms @ http://localhost:3000/_next/static/chunks/node_modules_next_dist_1e8vcs8._.js:776
[  409459ms] [LOG] [Fast Refresh] done in 461ms @ http://localhost:3000/_next/static/chunks/node_modules_next_dist_1e8vcs8._.js:776
[  409523ms] [LOG] [Fast Refresh] done in 461ms @ http://localhost:3000/_next/static/chunks/node_modules_next_dist_1e8vcs8._.js:776
[  409588ms] [LOG] [Fast Refresh] done in 461ms @ http://localhost:3000/_next/static/chunks/node_modules_next_dist_1e8vcs8._.js:776
[  409654ms] [LOG] [Fast Refresh] done in 461ms @ http://localhost:3000/_next/static/chunks/node_modules_next_dist_1e8vcs8._.js:776
[  409712ms] [LOG] [Fast Refresh] done in 461ms @ http://localhost:3000/_next/static/chunks/node_modules_next_dist_1e8vcs8._.js:776
[  409774ms] [LOG] [Fast Refresh] done in 461ms @ http://localhost:3000/_next/static/chunks/node_modules_next_dist_1e8vcs8._.js:776
[  409838ms] [LOG] [Fast Refresh] done in 461ms @ http://localhost:3000/_next/static/chunks/node_modules_next_dist_1e8vcs8._.js:776
[  409905ms] [LOG] [Fast Refresh] done in 461ms @ http://localhost:3000/_next/static/chunks/node_modules_next_dist_1e8vcs8._.js:776
[  409961ms] [LOG] [Fast Refresh] done in 461ms @ http://localhost:3000/_next/static/chunks/node_modules_next_dist_1e8vcs8._.js:776
[  410025ms] [LOG] [Fast Refresh] done in 461ms @ http://localhost:3000/_next/static/chunks/node_modules_next_dist_1e8vcs8._.js:776
[  410089ms] [LOG] [Fast Refresh] done in 461ms @ http://localhost:3000/_next/static/chunks/node_modules_next_dist_1e8vcs8._.js:776
[  410153ms] [LOG] [Fast Refresh] done in 461ms @ http://localhost:3000/_next/static/chunks/node_modules_next_dist_1e8vcs8._.js:776
[  410213ms] [LOG] [Fast Refresh] done in 461ms @ http://localhost:3000/_next/static/chunks/node_modules_next_dist_1e8vcs8._.js:776
[  410274ms] [LOG] [Fast Refresh] done in 461ms @ http://localhost:3000/_next/static/chunks/node_modules_next_dist_1e8vcs8._.js:776
[  410338ms] [LOG] [Fast Refresh] done in 461ms @ http://localhost:3000/_next/static/chunks/node_modules_next_dist_1e8vcs8._.js:776
[  410405ms] [LOG] [Fast Refresh] done in 461ms @ http://localhost:3000/_next/static/chunks/node_modules_next_dist_1e8vcs8._.js:776
[  410463ms] [LOG] [Fast Refresh] done in 461ms @ http://localhost:3000/_next/static/chunks/node_modules_next_dist_1e8vcs8._.js:776
[  410525ms] [LOG] [Fast Refresh] done in 461ms @ http://localhost:3000/_next/static/chunks/node_modules_next_dist_1e8vcs8._.js:776
[  410588ms] [LOG] [Fast Refresh] done in 461ms @ http://localhost:3000/_next/static/chunks/node_modules_next_dist_1e8vcs8._.js:776
[  410653ms] [LOG] [Fast Refresh] done in 461ms @ http://localhost:3000/_next/static/chunks/node_modules_next_dist_1e8vcs8._.js:776
[  410713ms] [LOG] [Fast Refresh] done in 461ms @ http://localhost:3000/_next/static/chunks/node_modules_next_dist_1e8vcs8._.js:776
[  410776ms] [LOG] [Fast Refresh] done in 461ms @ http://localhost:3000/_next/static/chunks/node_modules_next_dist_1e8vcs8._.js:776
[  410839ms] [LOG] [Fast Refresh] done in 461ms @ http://localhost:3000/_next/static/chunks/node_modules_next_dist_1e8vcs8._.js:776
[  410904ms] [LOG] [Fast Refresh] done in 461ms @ http://localhost:3000/_next/static/chunks/node_modules_next_dist_1e8vcs8._.js:776
[  410971ms] [LOG] [Fast Refresh] done in 461ms @ http://localhost:3000/_next/static/chunks/node_modules_next_dist_1e8vcs8._.js:776
[  411026ms] [LOG] [Fast Refresh] done in 461ms @ http://localhost:3000/_next/static/chunks/node_modules_next_dist_1e8vcs8._.js:776
[  411089ms] [LOG] [Fast Refresh] done in 461ms @ http://localhost:3000/_next/static/chunks/node_modules_next_dist_1e8vcs8._.js:776
[  411155ms] [LOG] [Fast Refresh] done in 461ms @ http://localhost:3000/_next/static/chunks/node_modules_next_dist_1e8vcs8._.js:776
[  411212ms] [LOG] [Fast Refresh] done in 461ms @ http://localhost:3000/_next/static/chunks/node_modules_next_dist_1e8vcs8._.js:776
[  411274ms] [LOG] [Fast Refresh] done in 461ms @ http://localhost:3000/_next/static/chunks/node_modules_next_dist_1e8vcs8._.js:776
[  411339ms] [LOG] [Fast Refresh] done in 461ms @ http://localhost:3000/_next/static/chunks/node_modules_next_dist_1e8vcs8._.js:776
[  411397ms] [LOG] [Fast Refresh] done in 461ms @ http://localhost:3000/_next/static/chunks/node_modules_next_dist_1e8vcs8._.js:776
[  411461ms] [LOG] [Fast Refresh] done in 461ms @ http://localhost:3000/_next/static/chunks/node_modules_next_dist_1e8vcs8._.js:776
[  411522ms] [LOG] [Fast Refresh] done in 461ms @ http://localhost:3000/_next/static/chunks/node_modules_next_dist_1e8vcs8._.js:776
[  411588ms] [LOG] [Fast Refresh] done in 461ms @ http://localhost:3000/_next/static/chunks/node_modules_next_dist_1e8vcs8._.js:776
[  411644ms] [LOG] [Fast Refresh] done in 461ms @ http://localhost:3000/_next/static/chunks/node_modules_next_dist_1e8vcs8._.js:776
[  411706ms] [LOG] [Fast Refresh] done in 461ms @ http://localhost:3000/_next/static/chunks/node_modules_next_dist_1e8vcs8._.js:776
[  411771ms] [LOG] [Fast Refresh] done in 461ms @ http://localhost:3000/_next/static/chunks/node_modules_next_dist_1e8vcs8._.js:776
[  411835ms] [LOG] [Fast Refresh] done in 461ms @ http://localhost:3000/_next/static/chunks/node_modules_next_dist_1e8vcs8._.js:776
[  411895ms] [LOG] [Fast Refresh] done in 461ms @ http://localhost:3000/_next/static/chunks/node_modules_next_dist_1e8vcs8._.js:776
[  411958ms] [LOG] [Fast Refresh] done in 461ms @ http://localhost:3000/_next/static/chunks/node_modules_next_dist_1e8vcs8._.js:776
[  412022ms] [LOG] [Fast Refresh] done in 461ms @ http://localhost:3000/_next/static/chunks/node_modules_next_dist_1e8vcs8._.js:776
[  412088ms] [LOG] [Fast Refresh] done in 461ms @ http://localhost:3000/_next/static/chunks/node_modules_next_dist_1e8vcs8._.js:776
[  412147ms] [LOG] [Fast Refresh] done in 461ms @ http://localhost:3000/_next/static/chunks/node_modules_next_dist_1e8vcs8._.js:776
[  412210ms] [LOG] [Fast Refresh] done in 461ms @ http://localhost:3000/_next/static/chunks/node_modules_next_dist_1e8vcs8._.js:776
[  412272ms] [LOG] [Fast Refresh] done in 461ms @ http://localhost:3000/_next/static/chunks/node_modules_next_dist_1e8vcs8._.js:776
[  412338ms] [LOG] [Fast Refresh] done in 461ms @ http://localhost:3000/_next/static/chunks/node_modules_next_dist_1e8vcs8._.js:776
[  412396ms] [LOG] [Fast Refresh] done in 461ms @ http://localhost:3000/_next/static/chunks/node_modules_next_dist_1e8vcs8._.js:776
[  412459ms] [LOG] [Fast Refresh] done in 461ms @ http://localhost:3000/_next/static/chunks/node_modules_next_dist_1e8vcs8._.js:776
[  412523ms] [LOG] [Fast Refresh] done in 461ms @ http://localhost:3000/_next/static/chunks/node_modules_next_dist_1e8vcs8._.js:776
[  412589ms] [LOG] [Fast Refresh] done in 461ms @ http://localhost:3000/_next/static/chunks/node_modules_next_dist_1e8vcs8._.js:776
[  412648ms] [LOG] [Fast Refresh] done in 461ms @ http://localhost:3000/_next/static/chunks/node_modules_next_dist_1e8vcs8._.js:776
[  412695ms] [LOG] [Fast Refresh] done in 461ms @ http://localhost:3000/_next/static/chunks/node_modules_next_dist_1e8vcs8._.js:776
[  412756ms] [LOG] [Fast Refresh] done in 461ms @ http://localhost:3000/_next/static/chunks/node_modules_next_dist_1e8vcs8._.js:776
[  412823ms] [LOG] [Fast Refresh] done in 461ms @ http://localhost:3000/_next/static/chunks/node_modules_next_dist_1e8vcs8._.js:776
[  412872ms] [LOG] [Fast Refresh] done in 461ms @ http://localhost:3000/_next/static/chunks/node_modules_next_dist_1e8vcs8._.js:776
[  412939ms] [LOG] [Fast Refresh] done in 461ms @ http://localhost:3000/_next/static/chunks/node_modules_next_dist_1e8vcs8._.js:776
[  412991ms] [LOG] [Fast Refresh] done in 461ms @ http://localhost:3000/_next/static/chunks/node_modules_next_dist_1e8vcs8._.js:776
[  413055ms] [LOG] [Fast Refresh] done in 461ms @ http://localhost:3000/_next/static/chunks/node_modules_next_dist_1e8vcs8._.js:776
[  413121ms] [LOG] [Fast Refresh] done in 461ms @ http://localhost:3000/_next/static/chunks/node_modules_next_dist_1e8vcs8._.js:776
[  413178ms] [LOG] [Fast Refresh] done in 461ms @ http://localhost:3000/_next/static/chunks/node_modules_next_dist_1e8vcs8._.js:776
[  413239ms] [LOG] [Fast Refresh] done in 461ms @ http://localhost:3000/_next/static/chunks/node_modules_next_dist_1e8vcs8._.js:776
[  413304ms] [LOG] [Fast Refresh] done in 461ms @ http://localhost:3000/_next/static/chunks/node_modules_next_dist_1e8vcs8._.js:776
[  413364ms] [LOG] [Fast Refresh] done in 461ms @ http://localhost:3000/_next/static/chunks/node_modules_next_dist_1e8vcs8._.js:776
[  413426ms] [LOG] [Fast Refresh] done in 461ms @ http://localhost:3000/_next/static/chunks/node_modules_next_dist_1e8vcs8._.js:776
[  413490ms] [LOG] [Fast Refresh] done in 461ms @ http://localhost:3000/_next/static/chunks/node_modules_next_dist_1e8vcs8._.js:776
[  413555ms] [LOG] [Fast Refresh] done in 461ms @ http://localhost:3000/_next/static/chunks/node_modules_next_dist_1e8vcs8._.js:776
[  413613ms] [LOG] [Fast Refresh] done in 461ms @ http://localhost:3000/_next/static/chunks/node_modules_next_dist_1e8vcs8._.js:776
[  413676ms] [LOG] [Fast Refresh] done in 461ms @ http://localhost:3000/_next/static/chunks/node_modules_next_dist_1e8vcs8._.js:776
[  413739ms] [LOG] [Fast Refresh] done in 461ms @ http://localhost:3000/_next/static/chunks/node_modules_next_dist_1e8vcs8._.js:776
[  413805ms] [LOG] [Fast Refresh] done in 461ms @ http://localhost:3000/_next/static/chunks/node_modules_next_dist_1e8vcs8._.js:776
[  413863ms] [LOG] [Fast Refresh] done in 461ms @ http://localhost:3000/_next/static/chunks/node_modules_next_dist_1e8vcs8._.js:776
[  413925ms] [LOG] [Fast Refresh] done in 461ms @ http://localhost:3000/_next/static/chunks/node_modules_next_dist_1e8vcs8._.js:776
[  413988ms] [LOG] [Fast Refresh] done in 461ms @ http://localhost:3000/_next/static/chunks/node_modules_next_dist_1e8vcs8._.js:776
[  414056ms] [LOG] [Fast Refresh] done in 461ms @ http://localhost:3000/_next/static/chunks/node_modules_next_dist_1e8vcs8._.js:776
[  414114ms] [LOG] [Fast Refresh] done in 461ms @ http://localhost:3000/_next/static/chunks/node_modules_next_dist_1e8vcs8._.js:776
[  414176ms] [LOG] [Fast Refresh] done in 461ms @ http://localhost:3000/_next/static/chunks/node_modules_next_dist_1e8vcs8._.js:776
[  414240ms] [LOG] [Fast Refresh] done in 461ms @ http://localhost:3000/_next/static/chunks/node_modules_next_dist_1e8vcs8._.js:776
[  414304ms] [LOG] [Fast Refresh] done in 461ms @ http://localhost:3000/_next/static/chunks/node_modules_next_dist_1e8vcs8._.js:776
[  414365ms] [LOG] [Fast Refresh] done in 461ms @ http://localhost:3000/_next/static/chunks/node_modules_next_dist_1e8vcs8._.js:776
[  414427ms] [LOG] [Fast Refresh] done in 461ms @ http://localhost:3000/_next/static/chunks/node_modules_next_dist_1e8vcs8._.js:776
[  414490ms] [LOG] [Fast Refresh] done in 461ms @ http://localhost:3000/_next/static/chunks/node_modules_next_dist_1e8vcs8._.js:776
[  414555ms] [LOG] [Fast Refresh] done in 461ms @ http://localhost:3000/_next/static/chunks/node_modules_next_dist_1e8vcs8._.js:776
[  414620ms] [LOG] [Fast Refresh] done in 461ms @ http://localhost:3000/_next/static/chunks/node_modules_next_dist_1e8vcs8._.js:776
[  414678ms] [LOG] [Fast Refresh] done in 461ms @ http://localhost:3000/_next/static/chunks/node_modules_next_dist_1e8vcs8._.js:776
[  414739ms] [LOG] [Fast Refresh] done in 461ms @ http://localhost:3000/_next/static/chunks/node_modules_next_dist_1e8vcs8._.js:776
[  414804ms] [LOG] [Fast Refresh] done in 461ms @ http://localhost:3000/_next/static/chunks/node_modules_next_dist_1e8vcs8._.js:776
[  414863ms] [LOG] [Fast Refresh] done in 461ms @ http://localhost:3000/_next/static/chunks/node_modules_next_dist_1e8vcs8._.js:776
[  414925ms] [LOG] [Fast Refresh] done in 461ms @ http://localhost:3000/_next/static/chunks/node_modules_next_dist_1e8vcs8._.js:776
[  414989ms] [LOG] [Fast Refresh] done in 461ms @ http://localhost:3000/_next/static/chunks/node_modules_next_dist_1e8vcs8._.js:776
[  415055ms] [LOG] [Fast Refresh] done in 461ms @ http://localhost:3000/_next/static/chunks/node_modules_next_dist_1e8vcs8._.js:776
[  415112ms] [LOG] [Fast Refresh] done in 461ms @ http://localhost:3000/_next/static/chunks/node_modules_next_dist_1e8vcs8._.js:776
[  415175ms] [LOG] [Fast Refresh] done in 461ms @ http://localhost:3000/_next/static/chunks/node_modules_next_dist_1e8vcs8._.js:776
[  415238ms] [LOG] [Fast Refresh] done in 461ms @ http://localhost:3000/_next/static/chunks/node_modules_next_dist_1e8vcs8._.js:776
[  415304ms] [LOG] [Fast Refresh] done in 461ms @ http://localhost:3000/_next/static/chunks/node_modules_next_dist_1e8vcs8._.js:776
[  415361ms] [LOG] [Fast Refresh] done in 461ms @ http://localhost:3000/_next/static/chunks/node_modules_next_dist_1e8vcs8._.js:776
[  415423ms] [LOG] [Fast Refresh] done in 461ms @ http://localhost:3000/_next/static/chunks/node_modules_next_dist_1e8vcs8._.js:776
[  415488ms] [LOG] [Fast Refresh] done in 461ms @ http://localhost:3000/_next/static/chunks/node_modules_next_dist_1e8vcs8._.js:776
[  415547ms] [LOG] [Fast Refresh] done in 461ms @ http://localhost:3000/_next/static/chunks/node_modules_next_dist_1e8vcs8._.js:776
[  415611ms] [LOG] [Fast Refresh] done in 461ms @ http://localhost:3000/_next/static/chunks/node_modules_next_dist_1e8vcs8._.js:776
[  415673ms] [LOG] [Fast Refresh] done in 461ms @ http://localhost:3000/_next/static/chunks/node_modules_next_dist_1e8vcs8._.js:776
[  415738ms] [LOG] [Fast Refresh] done in 461ms @ http://localhost:3000/_next/static/chunks/node_modules_next_dist_1e8vcs8._.js:776
[  415798ms] [LOG] [Fast Refresh] done in 461ms @ http://localhost:3000/_next/static/chunks/node_modules_next_dist_1e8vcs8._.js:776
[  415859ms] [LOG] [Fast Refresh] done in 461ms @ http://localhost:3000/_next/static/chunks/node_modules_next_dist_1e8vcs8._.js:776
[  415921ms] [LOG] [Fast Refresh] done in 461ms @ http://localhost:3000/_next/static/chunks/node_modules_next_dist_1e8vcs8._.js:776
[  415987ms] [LOG] [Fast Refresh] done in 461ms @ http://localhost:3000/_next/static/chunks/node_modules_next_dist_1e8vcs8._.js:776
[  416047ms] [LOG] [Fast Refresh] done in 461ms @ http://localhost:3000/_next/static/chunks/node_modules_next_dist_1e8vcs8._.js:776
[  416117ms] [LOG] [Fast Refresh] done in 461ms @ http://localhost:3000/_next/static/chunks/node_modules_next_dist_1e8vcs8._.js:776
[  416175ms] [LOG] [Fast Refresh] done in 461ms @ http://localhost:3000/_next/static/chunks/node_modules_next_dist_1e8vcs8._.js:776
[  416241ms] [LOG] [Fast Refresh] done in 461ms @ http://localhost:3000/_next/static/chunks/node_modules_next_dist_1e8vcs8._.js:776
[  416305ms] [LOG] [Fast Refresh] done in 461ms @ http://localhost:3000/_next/static/chunks/node_modules_next_dist_1e8vcs8._.js:776
[  416364ms] [LOG] [Fast Refresh] done in 461ms @ http://localhost:3000/_next/static/chunks/node_modules_next_dist_1e8vcs8._.js:776
[  416429ms] [LOG] [Fast Refresh] done in 461ms @ http://localhost:3000/_next/static/chunks/node_modules_next_dist_1e8vcs8._.js:776
[  416488ms] [LOG] [Fast Refresh] done in 461ms @ http://localhost:3000/_next/static/chunks/node_modules_next_dist_1e8vcs8._.js:776
[  416556ms] [LOG] [Fast Refresh] done in 461ms @ http://localhost:3000/_next/static/chunks/node_modules_next_dist_1e8vcs8._.js:776
[  416613ms] [LOG] [Fast Refresh] done in 461ms @ http://localhost:3000/_next/static/chunks/node_modules_next_dist_1e8vcs8._.js:776
[  416676ms] [LOG] [Fast Refresh] done in 461ms @ http://localhost:3000/_next/static/chunks/node_modules_next_dist_1e8vcs8._.js:776
[  416739ms] [LOG] [Fast Refresh] done in 461ms @ http://localhost:3000/_next/static/chunks/node_modules_next_dist_1e8vcs8._.js:776
[  416805ms] [LOG] [Fast Refresh] done in 461ms @ http://localhost:3000/_next/static/chunks/node_modules_next_dist_1e8vcs8._.js:776
[  416863ms] [LOG] [Fast Refresh] done in 461ms @ http://localhost:3000/_next/static/chunks/node_modules_next_dist_1e8vcs8._.js:776
[  416926ms] [LOG] [Fast Refresh] done in 461ms @ http://localhost:3000/_next/static/chunks/node_modules_next_dist_1e8vcs8._.js:776
[  416989ms] [LOG] [Fast Refresh] done in 461ms @ http://localhost:3000/_next/static/chunks/node_modules_next_dist_1e8vcs8._.js:776
[  417055ms] [LOG] [Fast Refresh] done in 461ms @ http://localhost:3000/_next/static/chunks/node_modules_next_dist_1e8vcs8._.js:776
[  417124ms] [LOG] [Fast Refresh] done in 461ms @ http://localhost:3000/_next/static/chunks/node_modules_next_dist_1e8vcs8._.js:776
[  417177ms] [LOG] [Fast Refresh] done in 461ms @ http://localhost:3000/_next/static/chunks/node_modules_next_dist_1e8vcs8._.js:776
[  417240ms] [LOG] [Fast Refresh] done in 461ms @ http://localhost:3000/_next/static/chunks/node_modules_next_dist_1e8vcs8._.js:776
[  417305ms] [LOG] [Fast Refresh] done in 461ms @ http://localhost:3000/_next/static/chunks/node_modules_next_dist_1e8vcs8._.js:776
[  417371ms] [LOG] [Fast Refresh] done in 461ms @ http://localhost:3000/_next/static/chunks/node_modules_next_dist_1e8vcs8._.js:776
[  417428ms] [LOG] [Fast Refresh] done in 461ms @ http://localhost:3000/_next/static/chunks/node_modules_next_dist_1e8vcs8._.js:776
[  417490ms] [LOG] [Fast Refresh] done in 461ms @ http://localhost:3000/_next/static/chunks/node_modules_next_dist_1e8vcs8._.js:776
[  417554ms] [LOG] [Fast Refresh] done in 461ms @ http://localhost:3000/_next/static/chunks/node_modules_next_dist_1e8vcs8._.js:776
[  417623ms] [LOG] [Fast Refresh] done in 461ms @ http://localhost:3000/_next/static/chunks/node_modules_next_dist_1e8vcs8._.js:776
[  417676ms] [LOG] [Fast Refresh] done in 461ms @ http://localhost:3000/_next/static/chunks/node_modules_next_dist_1e8vcs8._.js:776
[  417738ms] [LOG] [Fast Refresh] done in 461ms @ http://localhost:3000/_next/static/chunks/node_modules_next_dist_1e8vcs8._.js:776
[  417797ms] [LOG] [Fast Refresh] done in 461ms @ http://localhost:3000/_next/static/chunks/node_modules_next_dist_1e8vcs8._.js:776
[  417859ms] [LOG] [Fast Refresh] done in 461ms @ http://localhost:3000/_next/static/chunks/node_modules_next_dist_1e8vcs8._.js:776
[  417923ms] [LOG] [Fast Refresh] done in 461ms @ http://localhost:3000/_next/static/chunks/node_modules_next_dist_1e8vcs8._.js:776
[  417988ms] [LOG] [Fast Refresh] done in 461ms @ http://localhost:3000/_next/static/chunks/node_modules_next_dist_1e8vcs8._.js:776
[  418045ms] [LOG] [Fast Refresh] done in 461ms @ http://localhost:3000/_next/static/chunks/node_modules_next_dist_1e8vcs8._.js:776
[  418108ms] [LOG] [Fast Refresh] done in 461ms @ http://localhost:3000/_next/static/chunks/node_modules_next_dist_1e8vcs8._.js:776
[  418175ms] [LOG] [Fast Refresh] done in 461ms @ http://localhost:3000/_next/static/chunks/node_modules_next_dist_1e8vcs8._.js:776
[  418238ms] [LOG] [Fast Refresh] done in 461ms @ http://localhost:3000/_next/static/chunks/node_modules_next_dist_1e8vcs8._.js:776
[  418295ms] [LOG] [Fast Refresh] done in 461ms @ http://localhost:3000/_next/static/chunks/node_modules_next_dist_1e8vcs8._.js:776
[  418357ms] [LOG] [Fast Refresh] done in 461ms @ http://localhost:3000/_next/static/chunks/node_modules_next_dist_1e8vcs8._.js:776
[  418421ms] [LOG] [Fast Refresh] done in 461ms @ http://localhost:3000/_next/static/chunks/node_modules_next_dist_1e8vcs8._.js:776
[  418487ms] [LOG] [Fast Refresh] done in 461ms @ http://localhost:3000/_next/static/chunks/node_modules_next_dist_1e8vcs8._.js:776
[  418545ms] [LOG] [Fast Refresh] done in 461ms @ http://localhost:3000/_next/static/chunks/node_modules_next_dist_1e8vcs8._.js:776
[  418606ms] [LOG] [Fast Refresh] done in 461ms @ http://localhost:3000/_next/static/chunks/node_modules_next_dist_1e8vcs8._.js:776
[  418672ms] [LOG] [Fast Refresh] done in 461ms @ http://localhost:3000/_next/static/chunks/node_modules_next_dist_1e8vcs8._.js:776
[  418739ms] [LOG] [Fast Refresh] done in 461ms @ http://localhost:3000/_next/static/chunks/node_modules_next_dist_1e8vcs8._.js:776
[  418796ms] [LOG] [Fast Refresh] done in 461ms @ http://localhost:3000/_next/static/chunks/node_modules_next_dist_1e8vcs8._.js:776
[  418859ms] [LOG] [Fast Refresh] done in 461ms @ http://localhost:3000/_next/static/chunks/node_modules_next_dist_1e8vcs8._.js:776
[  418922ms] [LOG] [Fast Refresh] done in 461ms @ http://localhost:3000/_next/static/chunks/node_modules_next_dist_1e8vcs8._.js:776
[  418988ms] [LOG] [Fast Refresh] done in 461ms @ http://localhost:3000/_next/static/chunks/node_modules_next_dist_1e8vcs8._.js:776
[  419055ms] [LOG] [Fast Refresh] done in 461ms @ http://localhost:3000/_next/static/chunks/node_modules_next_dist_1e8vcs8._.js:776
[  419109ms] [LOG] [Fast Refresh] done in 461ms @ http://localhost:3000/_next/static/chunks/node_modules_next_dist_1e8vcs8._.js:776
[  419171ms] [LOG] [Fast Refresh] done in 461ms @ http://localhost:3000/_next/static/chunks/node_modules_next_dist_1e8vcs8._.js:776
[  419239ms] [LOG] [Fast Refresh] done in 461ms @ http://localhost:3000/_next/static/chunks/node_modules_next_dist_1e8vcs8._.js:776
[  419296ms] [LOG] [Fast Refresh] done in 461ms @ http://localhost:3000/_next/static/chunks/node_modules_next_dist_1e8vcs8._.js:776
[  419357ms] [LOG] [Fast Refresh] done in 461ms @ http://localhost:3000/_next/static/chunks/node_modules_next_dist_1e8vcs8._.js:776
[  419422ms] [LOG] [Fast Refresh] done in 461ms @ http://localhost:3000/_next/static/chunks/node_modules_next_dist_1e8vcs8._.js:776
[  419488ms] [LOG] [Fast Refresh] done in 461ms @ http://localhost:3000/_next/static/chunks/node_modules_next_dist_1e8vcs8._.js:776
[  419546ms] [LOG] [Fast Refresh] done in 461ms @ http://localhost:3000/_next/static/chunks/node_modules_next_dist_1e8vcs8._.js:776
[  419609ms] [LOG] [Fast Refresh] done in 461ms @ http://localhost:3000/_next/static/chunks/node_modules_next_dist_1e8vcs8._.js:776
[  419672ms] [LOG] [Fast Refresh] done in 461ms @ http://localhost:3000/_next/static/chunks/node_modules_next_dist_1e8vcs8._.js:776
[  419738ms] [LOG] [Fast Refresh] done in 461ms @ http://localhost:3000/_next/static/chunks/node_modules_next_dist_1e8vcs8._.js:776
[  419796ms] [LOG] [Fast Refresh] done in 461ms @ http://localhost:3000/_next/static/chunks/node_modules_next_dist_1e8vcs8._.js:776
[  419860ms] [LOG] [Fast Refresh] done in 461ms @ http://localhost:3000/_next/static/chunks/node_modules_next_dist_1e8vcs8._.js:776
[  419922ms] [LOG] [Fast Refresh] done in 461ms @ http://localhost:3000/_next/static/chunks/node_modules_next_dist_1e8vcs8._.js:776
[  419988ms] [LOG] [Fast Refresh] done in 461ms @ http://localhost:3000/_next/static/chunks/node_modules_next_dist_1e8vcs8._.js:776
[  420045ms] [LOG] [Fast Refresh] done in 461ms @ http://localhost:3000/_next/static/chunks/node_modules_next_dist_1e8vcs8._.js:776
[  420108ms] [LOG] [Fast Refresh] done in 461ms @ http://localhost:3000/_next/static/chunks/node_modules_next_dist_1e8vcs8._.js:776
[  420171ms] [LOG] [Fast Refresh] done in 461ms @ http://localhost:3000/_next/static/chunks/node_modules_next_dist_1e8vcs8._.js:776
[  420229ms] [LOG] [Fast Refresh] done in 461ms @ http://localhost:3000/_next/static/chunks/node_modules_next_dist_1e8vcs8._.js:776
[  420291ms] [LOG] [Fast Refresh] done in 461ms @ http://localhost:3000/_next/static/chunks/node_modules_next_dist_1e8vcs8._.js:776
[  420355ms] [LOG] [Fast Refresh] done in 461ms @ http://localhost:3000/_next/static/chunks/node_modules_next_dist_1e8vcs8._.js:776
[  420416ms] [LOG] [Fast Refresh] done in 461ms @ http://localhost:3000/_next/static/chunks/node_modules_next_dist_1e8vcs8._.js:776
[  420477ms] [LOG] [Fast Refresh] done in 461ms @ http://localhost:3000/_next/static/chunks/node_modules_next_dist_1e8vcs8._.js:776
[  420540ms] [LOG] [Fast Refresh] done in 461ms @ http://localhost:3000/_next/static/chunks/node_modules_next_dist_1e8vcs8._.js:776
[  420606ms] [LOG] [Fast Refresh] done in 461ms @ http://localhost:3000/_next/static/chunks/node_modules_next_dist_1e8vcs8._.js:776
[  420659ms] [LOG] [Fast Refresh] done in 461ms @ http://localhost:3000/_next/static/chunks/node_modules_next_dist_1e8vcs8._.js:776
[  420722ms] [LOG] [Fast Refresh] done in 461ms @ http://localhost:3000/_next/static/chunks/node_modules_next_dist_1e8vcs8._.js:776
[  420782ms] [LOG] [Fast Refresh] done in 461ms @ http://localhost:3000/_next/static/chunks/node_modules_next_dist_1e8vcs8._.js:776
[  420846ms] [LOG] [Fast Refresh] done in 461ms @ http://localhost:3000/_next/static/chunks/node_modules_next_dist_1e8vcs8._.js:776
[  420906ms] [LOG] [Fast Refresh] done in 461ms @ http://localhost:3000/_next/static/chunks/node_modules_next_dist_1e8vcs8._.js:776
[  420972ms] [LOG] [Fast Refresh] done in 461ms @ http://localhost:3000/_next/static/chunks/node_modules_next_dist_1e8vcs8._.js:776
[  421030ms] [LOG] [Fast Refresh] done in 461ms @ http://localhost:3000/_next/static/chunks/node_modules_next_dist_1e8vcs8._.js:776
[  421095ms] [LOG] [Fast Refresh] done in 461ms @ http://localhost:3000/_next/static/chunks/node_modules_next_dist_1e8vcs8._.js:776
[  421155ms] [LOG] [Fast Refresh] done in 461ms @ http://localhost:3000/_next/static/chunks/node_modules_next_dist_1e8vcs8._.js:776
[  421223ms] [LOG] [Fast Refresh] done in 461ms @ http://localhost:3000/_next/static/chunks/node_modules_next_dist_1e8vcs8._.js:776
[  421279ms] [LOG] [Fast Refresh] done in 461ms @ http://localhost:3000/_next/static/chunks/node_modules_next_dist_1e8vcs8._.js:776
[  421344ms] [LOG] [Fast Refresh] done in 461ms @ http://localhost:3000/_next/static/chunks/node_modules_next_dist_1e8vcs8._.js:776
[  421409ms] [LOG] [Fast Refresh] done in 461ms @ http://localhost:3000/_next/static/chunks/node_modules_next_dist_1e8vcs8._.js:776
[  421471ms] [LOG] [Fast Refresh] done in 461ms @ http://localhost:3000/_next/static/chunks/node_modules_next_dist_1e8vcs8._.js:776
[  421528ms] [LOG] [Fast Refresh] done in 461ms @ http://localhost:3000/_next/static/chunks/node_modules_next_dist_1e8vcs8._.js:776
[  421589ms] [LOG] [Fast Refresh] done in 461ms @ http://localhost:3000/_next/static/chunks/node_modules_next_dist_1e8vcs8._.js:776
[  421655ms] [LOG] [Fast Refresh] done in 461ms @ http://localhost:3000/_next/static/chunks/node_modules_next_dist_1e8vcs8._.js:776
[  421715ms] [LOG] [Fast Refresh] done in 461ms @ http://localhost:3000/_next/static/chunks/node_modules_next_dist_1e8vcs8._.js:776
[  421777ms] [LOG] [Fast Refresh] done in 461ms @ http://localhost:3000/_next/static/chunks/node_modules_next_dist_1e8vcs8._.js:776
[  421842ms] [LOG] [Fast Refresh] done in 461ms @ http://localhost:3000/_next/static/chunks/node_modules_next_dist_1e8vcs8._.js:776
[  421904ms] [LOG] [Fast Refresh] done in 461ms @ http://localhost:3000/_next/static/chunks/node_modules_next_dist_1e8vcs8._.js:776
[  421971ms] [LOG] [Fast Refresh] done in 461ms @ http://localhost:3000/_next/static/chunks/node_modules_next_dist_1e8vcs8._.js:776
[  422027ms] [LOG] [Fast Refresh] done in 461ms @ http://localhost:3000/_next/static/chunks/node_modules_next_dist_1e8vcs8._.js:776
[  422091ms] [LOG] [Fast Refresh] done in 461ms @ http://localhost:3000/_next/static/chunks/node_modules_next_dist_1e8vcs8._.js:776
[  422155ms] [LOG] [Fast Refresh] done in 461ms @ http://localhost:3000/_next/static/chunks/node_modules_next_dist_1e8vcs8._.js:776
[  422216ms] [LOG] [Fast Refresh] done in 461ms @ http://localhost:3000/_next/static/chunks/node_modules_next_dist_1e8vcs8._.js:776
[  422277ms] [LOG] [Fast Refresh] done in 461ms @ http://localhost:3000/_next/static/chunks/node_modules_next_dist_1e8vcs8._.js:776
[  422339ms] [LOG] [Fast Refresh] done in 461ms @ http://localhost:3000/_next/static/chunks/node_modules_next_dist_1e8vcs8._.js:776
[  422404ms] [LOG] [Fast Refresh] done in 461ms @ http://localhost:3000/_next/static/chunks/node_modules_next_dist_1e8vcs8._.js:776
[  422463ms] [LOG] [Fast Refresh] done in 461ms @ http://localhost:3000/_next/static/chunks/node_modules_next_dist_1e8vcs8._.js:776
[  422526ms] [LOG] [Fast Refresh] done in 461ms @ http://localhost:3000/_next/static/chunks/node_modules_next_dist_1e8vcs8._.js:776
[  422591ms] [LOG] [Fast Refresh] done in 461ms @ http://localhost:3000/_next/static/chunks/node_modules_next_dist_1e8vcs8._.js:776
[  422656ms] [LOG] [Fast Refresh] done in 461ms @ http://localhost:3000/_next/static/chunks/node_modules_next_dist_1e8vcs8._.js:776
[  422713ms] [LOG] [Fast Refresh] done in 461ms @ http://localhost:3000/_next/static/chunks/node_modules_next_dist_1e8vcs8._.js:776
[  422778ms] [LOG] [Fast Refresh] done in 461ms @ http://localhost:3000/_next/static/chunks/node_modules_next_dist_1e8vcs8._.js:776
[  422839ms] [LOG] [Fast Refresh] done in 461ms @ http://localhost:3000/_next/static/chunks/node_modules_next_dist_1e8vcs8._.js:776
[  422905ms] [LOG] [Fast Refresh] done in 461ms @ http://localhost:3000/_next/static/chunks/node_modules_next_dist_1e8vcs8._.js:776
[  422962ms] [LOG] [Fast Refresh] done in 461ms @ http://localhost:3000/_next/static/chunks/node_modules_next_dist_1e8vcs8._.js:776
[  423025ms] [LOG] [Fast Refresh] done in 461ms @ http://localhost:3000/_next/static/chunks/node_modules_next_dist_1e8vcs8._.js:776
[  423088ms] [LOG] [Fast Refresh] done in 461ms @ http://localhost:3000/_next/static/chunks/node_modules_next_dist_1e8vcs8._.js:776
[  423155ms] [LOG] [Fast Refresh] done in 461ms @ http://localhost:3000/_next/static/chunks/node_modules_next_dist_1e8vcs8._.js:776
[  423214ms] [LOG] [Fast Refresh] done in 461ms @ http://localhost:3000/_next/static/chunks/node_modules_next_dist_1e8vcs8._.js:776
[  423275ms] [LOG] [Fast Refresh] done in 461ms @ http://localhost:3000/_next/static/chunks/node_modules_next_dist_1e8vcs8._.js:776
[  423343ms] [LOG] [Fast Refresh] done in 461ms @ http://localhost:3000/_next/static/chunks/node_modules_next_dist_1e8vcs8._.js:776
[  423405ms] [LOG] [Fast Refresh] done in 461ms @ http://localhost:3000/_next/static/chunks/node_modules_next_dist_1e8vcs8._.js:776
[  423466ms] [LOG] [Fast Refresh] done in 461ms @ http://localhost:3000/_next/static/chunks/node_modules_next_dist_1e8vcs8._.js:776
[  423524ms] [LOG] [Fast Refresh] done in 461ms @ http://localhost:3000/_next/static/chunks/node_modules_next_dist_1e8vcs8._.js:776
[  423588ms] [LOG] [Fast Refresh] done in 461ms @ http://localhost:3000/_next/static/chunks/node_modules_next_dist_1e8vcs8._.js:776
[  423655ms] [LOG] [Fast Refresh] done in 461ms @ http://localhost:3000/_next/static/chunks/node_modules_next_dist_1e8vcs8._.js:776
[  423712ms] [LOG] [Fast Refresh] done in 461ms @ http://localhost:3000/_next/static/chunks/node_modules_next_dist_1e8vcs8._.js:776
[  423775ms] [LOG] [Fast Refresh] done in 461ms @ http://localhost:3000/_next/static/chunks/node_modules_next_dist_1e8vcs8._.js:776
[  423838ms] [LOG] [Fast Refresh] done in 461ms @ http://localhost:3000/_next/static/chunks/node_modules_next_dist_1e8vcs8._.js:776
[  423905ms] [LOG] [Fast Refresh] done in 461ms @ http://localhost:3000/_next/static/chunks/node_modules_next_dist_1e8vcs8._.js:776
[  423962ms] [LOG] [Fast Refresh] done in 461ms @ http://localhost:3000/_next/static/chunks/node_modules_next_dist_1e8vcs8._.js:776
[  424025ms] [LOG] [Fast Refresh] done in 461ms @ http://localhost:3000/_next/static/chunks/node_modules_next_dist_1e8vcs8._.js:776
[  424088ms] [LOG] [Fast Refresh] done in 461ms @ http://localhost:3000/_next/static/chunks/node_modules_next_dist_1e8vcs8._.js:776
[  424147ms] [LOG] [Fast Refresh] done in 461ms @ http://localhost:3000/_next/static/chunks/node_modules_next_dist_1e8vcs8._.js:776
[  424210ms] [LOG] [Fast Refresh] done in 461ms @ http://localhost:3000/_next/static/chunks/node_modules_next_dist_1e8vcs8._.js:776
[  424272ms] [LOG] [Fast Refresh] done in 461ms @ http://localhost:3000/_next/static/chunks/node_modules_next_dist_1e8vcs8._.js:776
[  424327ms] [LOG] [Fast Refresh] done in 461ms @ http://localhost:3000/_next/static/chunks/node_modules_next_dist_1e8vcs8._.js:776
[  424390ms] [LOG] [Fast Refresh] done in 461ms @ http://localhost:3000/_next/static/chunks/node_modules_next_dist_1e8vcs8._.js:776
[  424455ms] [LOG] [Fast Refresh] done in 461ms @ http://localhost:3000/_next/static/chunks/node_modules_next_dist_1e8vcs8._.js:776
[  424521ms] [LOG] [Fast Refresh] done in 461ms @ http://localhost:3000/_next/static/chunks/node_modules_next_dist_1e8vcs8._.js:776
[  424577ms] [LOG] [Fast Refresh] done in 461ms @ http://localhost:3000/_next/static/chunks/node_modules_next_dist_1e8vcs8._.js:776
[  424639ms] [LOG] [Fast Refresh] done in 461ms @ http://localhost:3000/_next/static/chunks/node_modules_next_dist_1e8vcs8._.js:776
[  424706ms] [LOG] [Fast Refresh] done in 461ms @ http://localhost:3000/_next/static/chunks/node_modules_next_dist_1e8vcs8._.js:776
[  424764ms] [LOG] [Fast Refresh] done in 461ms @ http://localhost:3000/_next/static/chunks/node_modules_next_dist_1e8vcs8._.js:776
[  424811ms] [LOG] [Fast Refresh] done in 461ms @ http://localhost:3000/_next/static/chunks/node_modules_next_dist_1e8vcs8._.js:776
[  424872ms] [LOG] [Fast Refresh] done in 461ms @ http://localhost:3000/_next/static/chunks/node_modules_next_dist_1e8vcs8._.js:776
[  424939ms] [LOG] [Fast Refresh] done in 461ms @ http://localhost:3000/_next/static/chunks/node_modules_next_dist_1e8vcs8._.js:776
[  424997ms] [LOG] [Fast Refresh] done in 461ms @ http://localhost:3000/_next/static/chunks/node_modules_next_dist_1e8vcs8._.js:776
[  425060ms] [LOG] [Fast Refresh] done in 461ms @ http://localhost:3000/_next/static/chunks/node_modules_next_dist_1e8vcs8._.js:776
[  425123ms] [LOG] [Fast Refresh] done in 461ms @ http://localhost:3000/_next/static/chunks/node_modules_next_dist_1e8vcs8._.js:776
[  425187ms] [LOG] [Fast Refresh] done in 461ms @ http://localhost:3000/_next/static/chunks/node_modules_next_dist_1e8vcs8._.js:776
[  425255ms] [LOG] [Fast Refresh] done in 461ms @ http://localhost:3000/_next/static/chunks/node_modules_next_dist_1e8vcs8._.js:776
[  425313ms] [LOG] [Fast Refresh] done in 461ms @ http://localhost:3000/_next/static/chunks/node_modules_next_dist_1e8vcs8._.js:776
[  425375ms] [LOG] [Fast Refresh] done in 461ms @ http://localhost:3000/_next/static/chunks/node_modules_next_dist_1e8vcs8._.js:776
[  425440ms] [LOG] [Fast Refresh] done in 461ms @ http://localhost:3000/_next/static/chunks/node_modules_next_dist_1e8vcs8._.js:776
[  425505ms] [LOG] [Fast Refresh] done in 461ms @ http://localhost:3000/_next/static/chunks/node_modules_next_dist_1e8vcs8._.js:776
[  425563ms] [LOG] [Fast Refresh] done in 461ms @ http://localhost:3000/_next/static/chunks/node_modules_next_dist_1e8vcs8._.js:776
[  425625ms] [LOG] [Fast Refresh] done in 461ms @ http://localhost:3000/_next/static/chunks/node_modules_next_dist_1e8vcs8._.js:776
[  425689ms] [LOG] [Fast Refresh] done in 461ms @ http://localhost:3000/_next/static/chunks/node_modules_next_dist_1e8vcs8._.js:776
[  425747ms] [LOG] [Fast Refresh] done in 461ms @ http://localhost:3000/_next/static/chunks/node_modules_next_dist_1e8vcs8._.js:776
[  425811ms] [LOG] [Fast Refresh] done in 461ms @ http://localhost:3000/_next/static/chunks/node_modules_next_dist_1e8vcs8._.js:776
[  425874ms] [LOG] [Fast Refresh] done in 461ms @ http://localhost:3000/_next/static/chunks/node_modules_next_dist_1e8vcs8._.js:776
[  425938ms] [LOG] [Fast Refresh] done in 461ms @ http://localhost:3000/_next/static/chunks/node_modules_next_dist_1e8vcs8._.js:776
[  426005ms] [LOG] [Fast Refresh] done in 461ms @ http://localhost:3000/_next/static/chunks/node_modules_next_dist_1e8vcs8._.js:776
[  426063ms] [LOG] [Fast Refresh] done in 461ms @ http://localhost:3000/_next/static/chunks/node_modules_next_dist_1e8vcs8._.js:776
[  426123ms] [LOG] [Fast Refresh] done in 461ms @ http://localhost:3000/_next/static/chunks/node_modules_next_dist_1e8vcs8._.js:776
[  426188ms] [LOG] [Fast Refresh] done in 461ms @ http://localhost:3000/_next/static/chunks/node_modules_next_dist_1e8vcs8._.js:776
[  426255ms] [LOG] [Fast Refresh] done in 461ms @ http://localhost:3000/_next/static/chunks/node_modules_next_dist_1e8vcs8._.js:776
[  426312ms] [LOG] [Fast Refresh] done in 461ms @ http://localhost:3000/_next/static/chunks/node_modules_next_dist_1e8vcs8._.js:776
[  426377ms] [LOG] [Fast Refresh] done in 461ms @ http://localhost:3000/_next/static/chunks/node_modules_next_dist_1e8vcs8._.js:776
[  426438ms] [LOG] [Fast Refresh] done in 461ms @ http://localhost:3000/_next/static/chunks/node_modules_next_dist_1e8vcs8._.js:776
[  426498ms] [LOG] [Fast Refresh] done in 461ms @ http://localhost:3000/_next/static/chunks/node_modules_next_dist_1e8vcs8._.js:776
[  426560ms] [LOG] [Fast Refresh] done in 461ms @ http://localhost:3000/_next/static/chunks/node_modules_next_dist_1e8vcs8._.js:776
[  426622ms] [LOG] [Fast Refresh] done in 461ms @ http://localhost:3000/_next/static/chunks/node_modules_next_dist_1e8vcs8._.js:776
[  426688ms] [LOG] [Fast Refresh] done in 461ms @ http://localhost:3000/_next/static/chunks/node_modules_next_dist_1e8vcs8._.js:776
[  426747ms] [LOG] [Fast Refresh] done in 461ms @ http://localhost:3000/_next/static/chunks/node_modules_next_dist_1e8vcs8._.js:776
[  426810ms] [LOG] [Fast Refresh] done in 461ms @ http://localhost:3000/_next/static/chunks/node_modules_next_dist_1e8vcs8._.js:776
[  426874ms] [LOG] [Fast Refresh] done in 461ms @ http://localhost:3000/_next/static/chunks/node_modules_next_dist_1e8vcs8._.js:776
[  426938ms] [LOG] [Fast Refresh] done in 461ms @ http://localhost:3000/_next/static/chunks/node_modules_next_dist_1e8vcs8._.js:776
[  427004ms] [LOG] [Fast Refresh] done in 461ms @ http://localhost:3000/_next/static/chunks/node_modules_next_dist_1e8vcs8._.js:776
[  427060ms] [LOG] [Fast Refresh] done in 461ms @ http://localhost:3000/_next/static/chunks/node_modules_next_dist_1e8vcs8._.js:776
[  427123ms] [LOG] [Fast Refresh] done in 461ms @ http://localhost:3000/_next/static/chunks/node_modules_next_dist_1e8vcs8._.js:776
[  427190ms] [LOG] [Fast Refresh] done in 461ms @ http://localhost:3000/_next/static/chunks/node_modules_next_dist_1e8vcs8._.js:776
[  427248ms] [LOG] [Fast Refresh] done in 461ms @ http://localhost:3000/_next/static/chunks/node_modules_next_dist_1e8vcs8._.js:776
[  427310ms] [LOG] [Fast Refresh] done in 461ms @ http://localhost:3000/_next/static/chunks/node_modules_next_dist_1e8vcs8._.js:776
[  427374ms] [LOG] [Fast Refresh] done in 461ms @ http://localhost:3000/_next/static/chunks/node_modules_next_dist_1e8vcs8._.js:776
[  427437ms] [LOG] [Fast Refresh] done in 461ms @ http://localhost:3000/_next/static/chunks/node_modules_next_dist_1e8vcs8._.js:776
[  427498ms] [LOG] [Fast Refresh] done in 461ms @ http://localhost:3000/_next/static/chunks/node_modules_next_dist_1e8vcs8._.js:776
[  427560ms] [LOG] [Fast Refresh] done in 461ms @ http://localhost:3000/_next/static/chunks/node_modules_next_dist_1e8vcs8._.js:776
[  427622ms] [LOG] [Fast Refresh] done in 461ms @ http://localhost:3000/_next/static/chunks/node_modules_next_dist_1e8vcs8._.js:776
[  427687ms] [LOG] [Fast Refresh] done in 461ms @ http://localhost:3000/_next/static/chunks/node_modules_next_dist_1e8vcs8._.js:776
[  427748ms] [LOG] [Fast Refresh] done in 461ms @ http://localhost:3000/_next/static/chunks/node_modules_next_dist_1e8vcs8._.js:776
[  427811ms] [LOG] [Fast Refresh] done in 461ms @ http://localhost:3000/_next/static/chunks/node_modules_next_dist_1e8vcs8._.js:776
[  427874ms] [LOG] [Fast Refresh] done in 461ms @ http://localhost:3000/_next/static/chunks/node_modules_next_dist_1e8vcs8._.js:776
[  427938ms] [LOG] [Fast Refresh] done in 461ms @ http://localhost:3000/_next/static/chunks/node_modules_next_dist_1e8vcs8._.js:776
[  427997ms] [LOG] [Fast Refresh] done in 461ms @ http://localhost:3000/_next/static/chunks/node_modules_next_dist_1e8vcs8._.js:776
[  428047ms] [LOG] [Fast Refresh] done in 461ms @ http://localhost:3000/_next/static/chunks/node_modules_next_dist_1e8vcs8._.js:776
[  428111ms] [LOG] [Fast Refresh] done in 461ms @ http://localhost:3000/_next/static/chunks/node_modules_next_dist_1e8vcs8._.js:776
[  428172ms] [LOG] [Fast Refresh] done in 461ms @ http://localhost:3000/_next/static/chunks/node_modules_next_dist_1e8vcs8._.js:776
[  428239ms] [LOG] [Fast Refresh] done in 461ms @ http://localhost:3000/_next/static/chunks/node_modules_next_dist_1e8vcs8._.js:776
[  428296ms] [LOG] [Fast Refresh] done in 461ms @ http://localhost:3000/_next/static/chunks/node_modules_next_dist_1e8vcs8._.js:776
[  428359ms] [LOG] [Fast Refresh] done in 461ms @ http://localhost:3000/_next/static/chunks/node_modules_next_dist_1e8vcs8._.js:776
[  428422ms] [LOG] [Fast Refresh] done in 461ms @ http://localhost:3000/_next/static/chunks/node_modules_next_dist_1e8vcs8._.js:776
[  428487ms] [LOG] [Fast Refresh] done in 461ms @ http://localhost:3000/_next/static/chunks/node_modules_next_dist_1e8vcs8._.js:776
[  428548ms] [LOG] [Fast Refresh] done in 461ms @ http://localhost:3000/_next/static/chunks/node_modules_next_dist_1e8vcs8._.js:776
[  428611ms] [LOG] [Fast Refresh] done in 461ms @ http://localhost:3000/_next/static/chunks/node_modules_next_dist_1e8vcs8._.js:776
[  428673ms] [LOG] [Fast Refresh] done in 461ms @ http://localhost:3000/_next/static/chunks/node_modules_next_dist_1e8vcs8._.js:776
[  428739ms] [LOG] [Fast Refresh] done in 461ms @ http://localhost:3000/_next/static/chunks/node_modules_next_dist_1e8vcs8._.js:776
[  428805ms] [LOG] [Fast Refresh] done in 461ms @ http://localhost:3000/_next/static/chunks/node_modules_next_dist_1e8vcs8._.js:776
[  428855ms] [LOG] [Fast Refresh] done in 461ms @ http://localhost:3000/_next/static/chunks/node_modules_next_dist_1e8vcs8._.js:776
[  428922ms] [LOG] [Fast Refresh] done in 461ms @ http://localhost:3000/_next/static/chunks/node_modules_next_dist_1e8vcs8._.js:776
[  428978ms] [LOG] [Fast Refresh] done in 461ms @ http://localhost:3000/_next/static/chunks/node_modules_next_dist_1e8vcs8._.js:776
[  429041ms] [LOG] [Fast Refresh] done in 461ms @ http://localhost:3000/_next/static/chunks/node_modules_next_dist_1e8vcs8._.js:776
[  429105ms] [LOG] [Fast Refresh] done in 461ms @ http://localhost:3000/_next/static/chunks/node_modules_next_dist_1e8vcs8._.js:776
[  429172ms] [LOG] [Fast Refresh] done in 461ms @ http://localhost:3000/_next/static/chunks/node_modules_next_dist_1e8vcs8._.js:776
[  429229ms] [LOG] [Fast Refresh] done in 461ms @ http://localhost:3000/_next/static/chunks/node_modules_next_dist_1e8vcs8._.js:776
[  429291ms] [LOG] [Fast Refresh] done in 461ms @ http://localhost:3000/_next/static/chunks/node_modules_next_dist_1e8vcs8._.js:776
[  429355ms] [LOG] [Fast Refresh] done in 461ms @ http://localhost:3000/_next/static/chunks/node_modules_next_dist_1e8vcs8._.js:776
[  429422ms] [LOG] [Fast Refresh] done in 461ms @ http://localhost:3000/_next/static/chunks/node_modules_next_dist_1e8vcs8._.js:776
[  429479ms] [LOG] [Fast Refresh] done in 461ms @ http://localhost:3000/_next/static/chunks/node_modules_next_dist_1e8vcs8._.js:776
[  429542ms] [LOG] [Fast Refresh] done in 461ms @ http://localhost:3000/_next/static/chunks/node_modules_next_dist_1e8vcs8._.js:776
[  429605ms] [LOG] [Fast Refresh] done in 461ms @ http://localhost:3000/_next/static/chunks/node_modules_next_dist_1e8vcs8._.js:776
[  429671ms] [LOG] [Fast Refresh] done in 461ms @ http://localhost:3000/_next/static/chunks/node_modules_next_dist_1e8vcs8._.js:776
[  429729ms] [LOG] [Fast Refresh] done in 461ms @ http://localhost:3000/_next/static/chunks/node_modules_next_dist_1e8vcs8._.js:776
[  429792ms] [LOG] [Fast Refresh] done in 461ms @ http://localhost:3000/_next/static/chunks/node_modules_next_dist_1e8vcs8._.js:776
[  429856ms] [LOG] [Fast Refresh] done in 461ms @ http://localhost:3000/_next/static/chunks/node_modules_next_dist_1e8vcs8._.js:776
[  429922ms] [LOG] [Fast Refresh] done in 461ms @ http://localhost:3000/_next/static/chunks/node_modules_next_dist_1e8vcs8._.js:776
[  429979ms] [LOG] [Fast Refresh] done in 461ms @ http://localhost:3000/_next/static/chunks/node_modules_next_dist_1e8vcs8._.js:776
[  430042ms] [LOG] [Fast Refresh] done in 461ms @ http://localhost:3000/_next/static/chunks/node_modules_next_dist_1e8vcs8._.js:776
[  430106ms] [LOG] [Fast Refresh] done in 461ms @ http://localhost:3000/_next/static/chunks/node_modules_next_dist_1e8vcs8._.js:776
[  430171ms] [LOG] [Fast Refresh] done in 461ms @ http://localhost:3000/_next/static/chunks/node_modules_next_dist_1e8vcs8._.js:776
[  430238ms] [LOG] [Fast Refresh] done in 461ms @ http://localhost:3000/_next/static/chunks/node_modules_next_dist_1e8vcs8._.js:776
[  430294ms] [LOG] [Fast Refresh] done in 461ms @ http://localhost:3000/_next/static/chunks/node_modules_next_dist_1e8vcs8._.js:776
[  430357ms] [LOG] [Fast Refresh] done in 461ms @ http://localhost:3000/_next/static/chunks/node_modules_next_dist_1e8vcs8._.js:776
[  430424ms] [LOG] [Fast Refresh] done in 461ms @ http://localhost:3000/_next/static/chunks/node_modules_next_dist_1e8vcs8._.js:776
[  430491ms] [LOG] [Fast Refresh] done in 461ms @ http://localhost:3000/_next/static/chunks/node_modules_next_dist_1e8vcs8._.js:776
[  430544ms] [LOG] [Fast Refresh] done in 461ms @ http://localhost:3000/_next/static/chunks/node_modules_next_dist_1e8vcs8._.js:776
[  430606ms] [LOG] [Fast Refresh] done in 461ms @ http://localhost:3000/_next/static/chunks/node_modules_next_dist_1e8vcs8._.js:776
[  430672ms] [LOG] [Fast Refresh] done in 461ms @ http://localhost:3000/_next/static/chunks/node_modules_next_dist_1e8vcs8._.js:776
[  430722ms] [LOG] [Fast Refresh] done in 461ms @ http://localhost:3000/_next/static/chunks/node_modules_next_dist_1e8vcs8._.js:776
[  430781ms] [LOG] [Fast Refresh] done in 461ms @ http://localhost:3000/_next/static/chunks/node_modules_next_dist_1e8vcs8._.js:776
[  430843ms] [LOG] [Fast Refresh] done in 461ms @ http://localhost:3000/_next/static/chunks/node_modules_next_dist_1e8vcs8._.js:776
[  430905ms] [LOG] [Fast Refresh] done in 461ms @ http://localhost:3000/_next/static/chunks/node_modules_next_dist_1e8vcs8._.js:776
[  430973ms] [LOG] [Fast Refresh] done in 461ms @ http://localhost:3000/_next/static/chunks/node_modules_next_dist_1e8vcs8._.js:776
[  431029ms] [LOG] [Fast Refresh] done in 461ms @ http://localhost:3000/_next/static/chunks/node_modules_next_dist_1e8vcs8._.js:776
[  431091ms] [LOG] [Fast Refresh] done in 461ms @ http://localhost:3000/_next/static/chunks/node_modules_next_dist_1e8vcs8._.js:776
[  431156ms] [LOG] [Fast Refresh] done in 461ms @ http://localhost:3000/_next/static/chunks/node_modules_next_dist_1e8vcs8._.js:776
[  431222ms] [LOG] [Fast Refresh] done in 461ms @ http://localhost:3000/_next/static/chunks/node_modules_next_dist_1e8vcs8._.js:776
[  431279ms] [LOG] [Fast Refresh] done in 461ms @ http://localhost:3000/_next/static/chunks/node_modules_next_dist_1e8vcs8._.js:776
[  431339ms] [LOG] [Fast Refresh] done in 461ms @ http://localhost:3000/_next/static/chunks/node_modules_next_dist_1e8vcs8._.js:776
[  431407ms] [LOG] [Fast Refresh] done in 461ms @ http://localhost:3000/_next/static/chunks/node_modules_next_dist_1e8vcs8._.js:776
[  431472ms] [LOG] [Fast Refresh] done in 461ms @ http://localhost:3000/_next/static/chunks/node_modules_next_dist_1e8vcs8._.js:776
[  431531ms] [LOG] [Fast Refresh] done in 461ms @ http://localhost:3000/_next/static/chunks/node_modules_next_dist_1e8vcs8._.js:776
[  431593ms] [LOG] [Fast Refresh] done in 461ms @ http://localhost:3000/_next/static/chunks/node_modules_next_dist_1e8vcs8._.js:776
[  431656ms] [LOG] [Fast Refresh] done in 461ms @ http://localhost:3000/_next/static/chunks/node_modules_next_dist_1e8vcs8._.js:776
[  431722ms] [LOG] [Fast Refresh] done in 461ms @ http://localhost:3000/_next/static/chunks/node_modules_next_dist_1e8vcs8._.js:776
[  431779ms] [LOG] [Fast Refresh] done in 461ms @ http://localhost:3000/_next/static/chunks/node_modules_next_dist_1e8vcs8._.js:776
[  431842ms] [LOG] [Fast Refresh] done in 461ms @ http://localhost:3000/_next/static/chunks/node_modules_next_dist_1e8vcs8._.js:776
[  431906ms] [LOG] [Fast Refresh] done in 461ms @ http://localhost:3000/_next/static/chunks/node_modules_next_dist_1e8vcs8._.js:776
[  431972ms] [LOG] [Fast Refresh] done in 461ms @ http://localhost:3000/_next/static/chunks/node_modules_next_dist_1e8vcs8._.js:776
[  432030ms] [LOG] [Fast Refresh] done in 461ms @ http://localhost:3000/_next/static/chunks/node_modules_next_dist_1e8vcs8._.js:776
[  432092ms] [LOG] [Fast Refresh] done in 461ms @ http://localhost:3000/_next/static/chunks/node_modules_next_dist_1e8vcs8._.js:776
[  432156ms] [LOG] [Fast Refresh] done in 461ms @ http://localhost:3000/_next/static/chunks/node_modules_next_dist_1e8vcs8._.js:776
[  432217ms] [LOG] [Fast Refresh] done in 461ms @ http://localhost:3000/_next/static/chunks/node_modules_next_dist_1e8vcs8._.js:776
[  432279ms] [LOG] [Fast Refresh] done in 461ms @ http://localhost:3000/_next/static/chunks/node_modules_next_dist_1e8vcs8._.js:776
[  432341ms] [LOG] [Fast Refresh] done in 461ms @ http://localhost:3000/_next/static/chunks/node_modules_next_dist_1e8vcs8._.js:776
[  432406ms] [LOG] [Fast Refresh] done in 461ms @ http://localhost:3000/_next/static/chunks/node_modules_next_dist_1e8vcs8._.js:776
[  432465ms] [LOG] [Fast Refresh] done in 461ms @ http://localhost:3000/_next/static/chunks/node_modules_next_dist_1e8vcs8._.js:776
[  432527ms] [LOG] [Fast Refresh] done in 461ms @ http://localhost:3000/_next/static/chunks/node_modules_next_dist_1e8vcs8._.js:776
[  432589ms] [LOG] [Fast Refresh] done in 461ms @ http://localhost:3000/_next/static/chunks/node_modules_next_dist_1e8vcs8._.js:776
[  432655ms] [LOG] [Fast Refresh] done in 461ms @ http://localhost:3000/_next/static/chunks/node_modules_next_dist_1e8vcs8._.js:776
[  432712ms] [LOG] [Fast Refresh] done in 461ms @ http://localhost:3000/_next/static/chunks/node_modules_next_dist_1e8vcs8._.js:776
[  432774ms] [LOG] [Fast Refresh] done in 461ms @ http://localhost:3000/_next/static/chunks/node_modules_next_dist_1e8vcs8._.js:776
[  432839ms] [LOG] [Fast Refresh] done in 461ms @ http://localhost:3000/_next/static/chunks/node_modules_next_dist_1e8vcs8._.js:776
[  432905ms] [LOG] [Fast Refresh] done in 461ms @ http://localhost:3000/_next/static/chunks/node_modules_next_dist_1e8vcs8._.js:776
[  432963ms] [LOG] [Fast Refresh] done in 461ms @ http://localhost:3000/_next/static/chunks/node_modules_next_dist_1e8vcs8._.js:776
[  433026ms] [LOG] [Fast Refresh] done in 461ms @ http://localhost:3000/_next/static/chunks/node_modules_next_dist_1e8vcs8._.js:776
[  433089ms] [LOG] [Fast Refresh] done in 461ms @ http://localhost:3000/_next/static/chunks/node_modules_next_dist_1e8vcs8._.js:776
[  433156ms] [LOG] [Fast Refresh] done in 461ms @ http://localhost:3000/_next/static/chunks/node_modules_next_dist_1e8vcs8._.js:776
[  433214ms] [LOG] [Fast Refresh] done in 461ms @ http://localhost:3000/_next/static/chunks/node_modules_next_dist_1e8vcs8._.js:776
[  433277ms] [LOG] [Fast Refresh] done in 461ms @ http://localhost:3000/_next/static/chunks/node_modules_next_dist_1e8vcs8._.js:776
[  433340ms] [LOG] [Fast Refresh] done in 461ms @ http://localhost:3000/_next/static/chunks/node_modules_next_dist_1e8vcs8._.js:776
[  433406ms] [LOG] [Fast Refresh] done in 461ms @ http://localhost:3000/_next/static/chunks/node_modules_next_dist_1e8vcs8._.js:776
[  433471ms] [LOG] [Fast Refresh] done in 461ms @ http://localhost:3000/_next/static/chunks/node_modules_next_dist_1e8vcs8._.js:776
[  433529ms] [LOG] [Fast Refresh] done in 461ms @ http://localhost:3000/_next/static/chunks/node_modules_next_dist_1e8vcs8._.js:776
[  433577ms] [LOG] [Fast Refresh] done in 461ms @ http://localhost:3000/_next/static/chunks/node_modules_next_dist_1e8vcs8._.js:776
[  433639ms] [LOG] [Fast Refresh] done in 461ms @ http://localhost:3000/_next/static/chunks/node_modules_next_dist_1e8vcs8._.js:776
[  433706ms] [LOG] [Fast Refresh] done in 461ms @ http://localhost:3000/_next/static/chunks/node_modules_next_dist_1e8vcs8._.js:776
[  433763ms] [LOG] [Fast Refresh] done in 461ms @ http://localhost:3000/_next/static/chunks/node_modules_next_dist_1e8vcs8._.js:776
[  433822ms] [LOG] [Fast Refresh] done in 461ms @ http://localhost:3000/_next/static/chunks/node_modules_next_dist_1e8vcs8._.js:776
[  433880ms] [LOG] [Fast Refresh] done in 461ms @ http://localhost:3000/_next/static/chunks/node_modules_next_dist_1e8vcs8._.js:776
[  433943ms] [LOG] [Fast Refresh] done in 461ms @ http://localhost:3000/_next/static/chunks/node_modules_next_dist_1e8vcs8._.js:776
[  434006ms] [LOG] [Fast Refresh] done in 461ms @ http://localhost:3000/_next/static/chunks/node_modules_next_dist_1e8vcs8._.js:776
[  434071ms] [LOG] [Fast Refresh] done in 461ms @ http://localhost:3000/_next/static/chunks/node_modules_next_dist_1e8vcs8._.js:776
[  434138ms] [LOG] [Fast Refresh] done in 461ms @ http://localhost:3000/_next/static/chunks/node_modules_next_dist_1e8vcs8._.js:776
[  434194ms] [LOG] [Fast Refresh] done in 461ms @ http://localhost:3000/_next/static/chunks/node_modules_next_dist_1e8vcs8._.js:776
[  434257ms] [LOG] [Fast Refresh] done in 461ms @ http://localhost:3000/_next/static/chunks/node_modules_next_dist_1e8vcs8._.js:776
[  434321ms] [LOG] [Fast Refresh] done in 461ms @ http://localhost:3000/_next/static/chunks/node_modules_next_dist_1e8vcs8._.js:776
[  434381ms] [LOG] [Fast Refresh] done in 461ms @ http://localhost:3000/_next/static/chunks/node_modules_next_dist_1e8vcs8._.js:776
[  434442ms] [LOG] [Fast Refresh] done in 461ms @ http://localhost:3000/_next/static/chunks/node_modules_next_dist_1e8vcs8._.js:776
[  434505ms] [LOG] [Fast Refresh] done in 461ms @ http://localhost:3000/_next/static/chunks/node_modules_next_dist_1e8vcs8._.js:776
[  434571ms] [LOG] [Fast Refresh] done in 461ms @ http://localhost:3000/_next/static/chunks/node_modules_next_dist_1e8vcs8._.js:776
[  434630ms] [LOG] [Fast Refresh] done in 461ms @ http://localhost:3000/_next/static/chunks/node_modules_next_dist_1e8vcs8._.js:776
[  434693ms] [LOG] [Fast Refresh] done in 461ms @ http://localhost:3000/_next/static/chunks/node_modules_next_dist_1e8vcs8._.js:776
[  434755ms] [LOG] [Fast Refresh] done in 461ms @ http://localhost:3000/_next/static/chunks/node_modules_next_dist_1e8vcs8._.js:776
[  434820ms] [LOG] [Fast Refresh] done in 461ms @ http://localhost:3000/_next/static/chunks/node_modules_next_dist_1e8vcs8._.js:776
[  434881ms] [LOG] [Fast Refresh] done in 461ms @ http://localhost:3000/_next/static/chunks/node_modules_next_dist_1e8vcs8._.js:776
[  434941ms] [LOG] [Fast Refresh] done in 461ms @ http://localhost:3000/_next/static/chunks/node_modules_next_dist_1e8vcs8._.js:776
[  435005ms] [LOG] [Fast Refresh] done in 461ms @ http://localhost:3000/_next/static/chunks/node_modules_next_dist_1e8vcs8._.js:776
[  435072ms] [LOG] [Fast Refresh] done in 461ms @ http://localhost:3000/_next/static/chunks/node_modules_next_dist_1e8vcs8._.js:776
[  435131ms] [LOG] [Fast Refresh] done in 461ms @ http://localhost:3000/_next/static/chunks/node_modules_next_dist_1e8vcs8._.js:776
[  435193ms] [LOG] [Fast Refresh] done in 461ms @ http://localhost:3000/_next/static/chunks/node_modules_next_dist_1e8vcs8._.js:776
[  435256ms] [LOG] [Fast Refresh] done in 461ms @ http://localhost:3000/_next/static/chunks/node_modules_next_dist_1e8vcs8._.js:776
[  435320ms] [LOG] [Fast Refresh] done in 461ms @ http://localhost:3000/_next/static/chunks/node_modules_next_dist_1e8vcs8._.js:776
[  435381ms] [LOG] [Fast Refresh] done in 461ms @ http://localhost:3000/_next/static/chunks/node_modules_next_dist_1e8vcs8._.js:776
[  435443ms] [LOG] [Fast Refresh] done in 461ms @ http://localhost:3000/_next/static/chunks/node_modules_next_dist_1e8vcs8._.js:776
[  435506ms] [LOG] [Fast Refresh] done in 461ms @ http://localhost:3000/_next/static/chunks/node_modules_next_dist_1e8vcs8._.js:776
[  435572ms] [LOG] [Fast Refresh] done in 461ms @ http://localhost:3000/_next/static/chunks/node_modules_next_dist_1e8vcs8._.js:776
[  435631ms] [LOG] [Fast Refresh] done in 461ms @ http://localhost:3000/_next/static/chunks/node_modules_next_dist_1e8vcs8._.js:776
[  435694ms] [LOG] [Fast Refresh] done in 461ms @ http://localhost:3000/_next/static/chunks/node_modules_next_dist_1e8vcs8._.js:776
[  435757ms] [LOG] [Fast Refresh] done in 461ms @ http://localhost:3000/_next/static/chunks/node_modules_next_dist_1e8vcs8._.js:776
[  435822ms] [LOG] [Fast Refresh] done in 461ms @ http://localhost:3000/_next/static/chunks/node_modules_next_dist_1e8vcs8._.js:776
[  435888ms] [LOG] [Fast Refresh] done in 461ms @ http://localhost:3000/_next/static/chunks/node_modules_next_dist_1e8vcs8._.js:776
[  435955ms] [LOG] [Fast Refresh] done in 461ms @ http://localhost:3000/_next/static/chunks/node_modules_next_dist_1e8vcs8._.js:776
[  436015ms] [LOG] [Fast Refresh] done in 461ms @ http://localhost:3000/_next/static/chunks/node_modules_next_dist_1e8vcs8._.js:776
[  436076ms] [LOG] [Fast Refresh] done in 461ms @ http://localhost:3000/_next/static/chunks/node_modules_next_dist_1e8vcs8._.js:776
[  436139ms] [LOG] [Fast Refresh] done in 461ms @ http://localhost:3000/_next/static/chunks/node_modules_next_dist_1e8vcs8._.js:776
[  436205ms] [LOG] [Fast Refresh] done in 461ms @ http://localhost:3000/_next/static/chunks/node_modules_next_dist_1e8vcs8._.js:776
[  436263ms] [LOG] [Fast Refresh] done in 461ms @ http://localhost:3000/_next/static/chunks/node_modules_next_dist_1e8vcs8._.js:776
[  436326ms] [LOG] [Fast Refresh] done in 461ms @ http://localhost:3000/_next/static/chunks/node_modules_next_dist_1e8vcs8._.js:776
[  436390ms] [LOG] [Fast Refresh] done in 461ms @ http://localhost:3000/_next/static/chunks/node_modules_next_dist_1e8vcs8._.js:776
[  436457ms] [LOG] [Fast Refresh] done in 461ms @ http://localhost:3000/_next/static/chunks/node_modules_next_dist_1e8vcs8._.js:776
[  436522ms] [LOG] [Fast Refresh] done in 461ms @ http://localhost:3000/_next/static/chunks/node_modules_next_dist_1e8vcs8._.js:776
[  436577ms] [LOG] [Fast Refresh] done in 461ms @ http://localhost:3000/_next/static/chunks/node_modules_next_dist_1e8vcs8._.js:776
[  436640ms] [LOG] [Fast Refresh] done in 461ms @ http://localhost:3000/_next/static/chunks/node_modules_next_dist_1e8vcs8._.js:776
[  436707ms] [LOG] [Fast Refresh] done in 461ms @ http://localhost:3000/_next/static/chunks/node_modules_next_dist_1e8vcs8._.js:776
[  436772ms] [LOG] [Fast Refresh] done in 461ms @ http://localhost:3000/_next/static/chunks/node_modules_next_dist_1e8vcs8._.js:776
[  436829ms] [LOG] [Fast Refresh] done in 461ms @ http://localhost:3000/_next/static/chunks/node_modules_next_dist_1e8vcs8._.js:776
[  436891ms] [LOG] [Fast Refresh] done in 461ms @ http://localhost:3000/_next/static/chunks/node_modules_next_dist_1e8vcs8._.js:776
[  436955ms] [LOG] [Fast Refresh] done in 461ms @ http://localhost:3000/_next/static/chunks/node_modules_next_dist_1e8vcs8._.js:776
[  437014ms] [LOG] [Fast Refresh] done in 461ms @ http://localhost:3000/_next/static/chunks/node_modules_next_dist_1e8vcs8._.js:776
[  437076ms] [LOG] [Fast Refresh] done in 461ms @ http://localhost:3000/_next/static/chunks/node_modules_next_dist_1e8vcs8._.js:776
[  437139ms] [LOG] [Fast Refresh] done in 461ms @ http://localhost:3000/_next/static/chunks/node_modules_next_dist_1e8vcs8._.js:776
[  437206ms] [LOG] [Fast Refresh] done in 461ms @ http://localhost:3000/_next/static/chunks/node_modules_next_dist_1e8vcs8._.js:776
[  437262ms] [LOG] [Fast Refresh] done in 461ms @ http://localhost:3000/_next/static/chunks/node_modules_next_dist_1e8vcs8._.js:776
[  437325ms] [LOG] [Fast Refresh] done in 461ms @ http://localhost:3000/_next/static/chunks/node_modules_next_dist_1e8vcs8._.js:776
[  437387ms] [LOG] [Fast Refresh] done in 461ms @ http://localhost:3000/_next/static/chunks/node_modules_next_dist_1e8vcs8._.js:776
[  437448ms] [LOG] [Fast Refresh] done in 461ms @ http://localhost:3000/_next/static/chunks/node_modules_next_dist_1e8vcs8._.js:776
[  437510ms] [LOG] [Fast Refresh] done in 461ms @ http://localhost:3000/_next/static/chunks/node_modules_next_dist_1e8vcs8._.js:776
[  437563ms] [LOG] [Fast Refresh] done in 461ms @ http://localhost:3000/_next/static/chunks/node_modules_next_dist_1e8vcs8._.js:776
[  437625ms] [LOG] [Fast Refresh] done in 461ms @ http://localhost:3000/_next/static/chunks/node_modules_next_dist_1e8vcs8._.js:776
[  437688ms] [LOG] [Fast Refresh] done in 461ms @ http://localhost:3000/_next/static/chunks/node_modules_next_dist_1e8vcs8._.js:776
[  437755ms] [LOG] [Fast Refresh] done in 461ms @ http://localhost:3000/_next/static/chunks/node_modules_next_dist_1e8vcs8._.js:776
[  437812ms] [LOG] [Fast Refresh] done in 461ms @ http://localhost:3000/_next/static/chunks/node_modules_next_dist_1e8vcs8._.js:776
[  437873ms] [LOG] [Fast Refresh] done in 461ms @ http://localhost:3000/_next/static/chunks/node_modules_next_dist_1e8vcs8._.js:776
[  437941ms] [LOG] [Fast Refresh] done in 461ms @ http://localhost:3000/_next/static/chunks/node_modules_next_dist_1e8vcs8._.js:776
[  437997ms] [LOG] [Fast Refresh] done in 461ms @ http://localhost:3000/_next/static/chunks/node_modules_next_dist_1e8vcs8._.js:776
[  438060ms] [LOG] [Fast Refresh] done in 461ms @ http://localhost:3000/_next/static/chunks/node_modules_next_dist_1e8vcs8._.js:776
[  438122ms] [LOG] [Fast Refresh] done in 461ms @ http://localhost:3000/_next/static/chunks/node_modules_next_dist_1e8vcs8._.js:776
[  438188ms] [LOG] [Fast Refresh] done in 461ms @ http://localhost:3000/_next/static/chunks/node_modules_next_dist_1e8vcs8._.js:776
[  438249ms] [LOG] [Fast Refresh] done in 461ms @ http://localhost:3000/_next/static/chunks/node_modules_next_dist_1e8vcs8._.js:776
[  438311ms] [LOG] [Fast Refresh] done in 461ms @ http://localhost:3000/_next/static/chunks/node_modules_next_dist_1e8vcs8._.js:776
[  438373ms] [LOG] [Fast Refresh] done in 461ms @ http://localhost:3000/_next/static/chunks/node_modules_next_dist_1e8vcs8._.js:776
[  438439ms] [LOG] [Fast Refresh] done in 461ms @ http://localhost:3000/_next/static/chunks/node_modules_next_dist_1e8vcs8._.js:776
[  438505ms] [LOG] [Fast Refresh] done in 461ms @ http://localhost:3000/_next/static/chunks/node_modules_next_dist_1e8vcs8._.js:776
[  438562ms] [LOG] [Fast Refresh] done in 461ms @ http://localhost:3000/_next/static/chunks/node_modules_next_dist_1e8vcs8._.js:776
[  438625ms] [LOG] [Fast Refresh] done in 461ms @ http://localhost:3000/_next/static/chunks/node_modules_next_dist_1e8vcs8._.js:776
[  438688ms] [LOG] [Fast Refresh] done in 461ms @ http://localhost:3000/_next/static/chunks/node_modules_next_dist_1e8vcs8._.js:776
[  438755ms] [LOG] [Fast Refresh] done in 461ms @ http://localhost:3000/_next/static/chunks/node_modules_next_dist_1e8vcs8._.js:776
[  438812ms] [LOG] [Fast Refresh] done in 461ms @ http://localhost:3000/_next/static/chunks/node_modules_next_dist_1e8vcs8._.js:776
[  438874ms] [LOG] [Fast Refresh] done in 461ms @ http://localhost:3000/_next/static/chunks/node_modules_next_dist_1e8vcs8._.js:776
[  438939ms] [LOG] [Fast Refresh] done in 461ms @ http://localhost:3000/_next/static/chunks/node_modules_next_dist_1e8vcs8._.js:776
[  438998ms] [LOG] [Fast Refresh] done in 461ms @ http://localhost:3000/_next/static/chunks/node_modules_next_dist_1e8vcs8._.js:776
[  439061ms] [LOG] [Fast Refresh] done in 461ms @ http://localhost:3000/_next/static/chunks/node_modules_next_dist_1e8vcs8._.js:776
[  439123ms] [LOG] [Fast Refresh] done in 461ms @ http://localhost:3000/_next/static/chunks/node_modules_next_dist_1e8vcs8._.js:776
[  439188ms] [LOG] [Fast Refresh] done in 461ms @ http://localhost:3000/_next/static/chunks/node_modules_next_dist_1e8vcs8._.js:776
[  439248ms] [LOG] [Fast Refresh] done in 461ms @ http://localhost:3000/_next/static/chunks/node_modules_next_dist_1e8vcs8._.js:776
[  439312ms] [LOG] [Fast Refresh] done in 461ms @ http://localhost:3000/_next/static/chunks/node_modules_next_dist_1e8vcs8._.js:776
[  439374ms] [LOG] [Fast Refresh] done in 461ms @ http://localhost:3000/_next/static/chunks/node_modules_next_dist_1e8vcs8._.js:776
[  439439ms] [LOG] [Fast Refresh] done in 461ms @ http://localhost:3000/_next/static/chunks/node_modules_next_dist_1e8vcs8._.js:776
[  439499ms] [LOG] [Fast Refresh] done in 461ms @ http://localhost:3000/_next/static/chunks/node_modules_next_dist_1e8vcs8._.js:776
[  439560ms] [LOG] [Fast Refresh] done in 461ms @ http://localhost:3000/_next/static/chunks/node_modules_next_dist_1e8vcs8._.js:776
[  439623ms] [LOG] [Fast Refresh] done in 461ms @ http://localhost:3000/_next/static/chunks/node_modules_next_dist_1e8vcs8._.js:776
[  439688ms] [LOG] [Fast Refresh] done in 461ms @ http://localhost:3000/_next/static/chunks/node_modules_next_dist_1e8vcs8._.js:776
[  439748ms] [LOG] [Fast Refresh] done in 461ms @ http://localhost:3000/_next/static/chunks/node_modules_next_dist_1e8vcs8._.js:776
[  439811ms] [LOG] [Fast Refresh] done in 461ms @ http://localhost:3000/_next/static/chunks/node_modules_next_dist_1e8vcs8._.js:776
[  439874ms] [LOG] [Fast Refresh] done in 461ms @ http://localhost:3000/_next/static/chunks/node_modules_next_dist_1e8vcs8._.js:776
[  439939ms] [LOG] [Fast Refresh] done in 461ms @ http://localhost:3000/_next/static/chunks/node_modules_next_dist_1e8vcs8._.js:776
[  440005ms] [LOG] [Fast Refresh] done in 461ms @ http://localhost:3000/_next/static/chunks/node_modules_next_dist_1e8vcs8._.js:776
[  440062ms] [LOG] [Fast Refresh] done in 461ms @ http://localhost:3000/_next/static/chunks/node_modules_next_dist_1e8vcs8._.js:776
[  440124ms] [LOG] [Fast Refresh] done in 461ms @ http://localhost:3000/_next/static/chunks/node_modules_next_dist_1e8vcs8._.js:776
[  440191ms] [LOG] [Fast Refresh] done in 461ms @ http://localhost:3000/_next/static/chunks/node_modules_next_dist_1e8vcs8._.js:776
[  440256ms] [LOG] [Fast Refresh] done in 461ms @ http://localhost:3000/_next/static/chunks/node_modules_next_dist_1e8vcs8._.js:776
[  440313ms] [LOG] [Fast Refresh] done in 461ms @ http://localhost:3000/_next/static/chunks/node_modules_next_dist_1e8vcs8._.js:776
[  440376ms] [LOG] [Fast Refresh] done in 461ms @ http://localhost:3000/_next/static/chunks/node_modules_next_dist_1e8vcs8._.js:776
[  440426ms] [LOG] [Fast Refresh] done in 461ms @ http://localhost:3000/_next/static/chunks/node_modules_next_dist_1e8vcs8._.js:776
[  440489ms] [LOG] [Fast Refresh] done in 461ms @ http://localhost:3000/_next/static/chunks/node_modules_next_dist_1e8vcs8._.js:776
[  440556ms] [LOG] [Fast Refresh] done in 461ms @ http://localhost:3000/_next/static/chunks/node_modules_next_dist_1e8vcs8._.js:776
[  440613ms] [LOG] [Fast Refresh] done in 461ms @ http://localhost:3000/_next/static/chunks/node_modules_next_dist_1e8vcs8._.js:776
[  440675ms] [LOG] [Fast Refresh] done in 461ms @ http://localhost:3000/_next/static/chunks/node_modules_next_dist_1e8vcs8._.js:776
[  440739ms] [LOG] [Fast Refresh] done in 461ms @ http://localhost:3000/_next/static/chunks/node_modules_next_dist_1e8vcs8._.js:776
[  440806ms] [LOG] [Fast Refresh] done in 461ms @ http://localhost:3000/_next/static/chunks/node_modules_next_dist_1e8vcs8._.js:776
[  440862ms] [LOG] [Fast Refresh] done in 461ms @ http://localhost:3000/_next/static/chunks/node_modules_next_dist_1e8vcs8._.js:776
[  440925ms] [LOG] [Fast Refresh] done in 461ms @ http://localhost:3000/_next/static/chunks/node_modules_next_dist_1e8vcs8._.js:776
[  440990ms] [LOG] [Fast Refresh] done in 461ms @ http://localhost:3000/_next/static/chunks/node_modules_next_dist_1e8vcs8._.js:776
[  441056ms] [LOG] [Fast Refresh] done in 461ms @ http://localhost:3000/_next/static/chunks/node_modules_next_dist_1e8vcs8._.js:776
[  441113ms] [LOG] [Fast Refresh] done in 461ms @ http://localhost:3000/_next/static/chunks/node_modules_next_dist_1e8vcs8._.js:776
[  441176ms] [LOG] [Fast Refresh] done in 461ms @ http://localhost:3000/_next/static/chunks/node_modules_next_dist_1e8vcs8._.js:776
[  441241ms] [LOG] [Fast Refresh] done in 461ms @ http://localhost:3000/_next/static/chunks/node_modules_next_dist_1e8vcs8._.js:776
[  441305ms] [LOG] [Fast Refresh] done in 461ms @ http://localhost:3000/_next/static/chunks/node_modules_next_dist_1e8vcs8._.js:776
[  441365ms] [LOG] [Fast Refresh] done in 461ms @ http://localhost:3000/_next/static/chunks/node_modules_next_dist_1e8vcs8._.js:776
[  441427ms] [LOG] [Fast Refresh] done in 461ms @ http://localhost:3000/_next/static/chunks/node_modules_next_dist_1e8vcs8._.js:776
[  441490ms] [LOG] [Fast Refresh] done in 461ms @ http://localhost:3000/_next/static/chunks/node_modules_next_dist_1e8vcs8._.js:776
[  441555ms] [LOG] [Fast Refresh] done in 461ms @ http://localhost:3000/_next/static/chunks/node_modules_next_dist_1e8vcs8._.js:776
[  441613ms] [LOG] [Fast Refresh] done in 461ms @ http://localhost:3000/_next/static/chunks/node_modules_next_dist_1e8vcs8._.js:776
[  441675ms] [LOG] [Fast Refresh] done in 461ms @ http://localhost:3000/_next/static/chunks/node_modules_next_dist_1e8vcs8._.js:776
[  441739ms] [LOG] [Fast Refresh] done in 461ms @ http://localhost:3000/_next/static/chunks/node_modules_next_dist_1e8vcs8._.js:776
[  441806ms] [LOG] [Fast Refresh] done in 461ms @ http://localhost:3000/_next/static/chunks/node_modules_next_dist_1e8vcs8._.js:776
[  441862ms] [LOG] [Fast Refresh] done in 461ms @ http://localhost:3000/_next/static/chunks/node_modules_next_dist_1e8vcs8._.js:776
[  441925ms] [LOG] [Fast Refresh] done in 461ms @ http://localhost:3000/_next/static/chunks/node_modules_next_dist_1e8vcs8._.js:776
[  441989ms] [LOG] [Fast Refresh] done in 461ms @ http://localhost:3000/_next/static/chunks/node_modules_next_dist_1e8vcs8._.js:776
[  442049ms] [LOG] [Fast Refresh] done in 461ms @ http://localhost:3000/_next/static/chunks/node_modules_next_dist_1e8vcs8._.js:776
[  442112ms] [LOG] [Fast Refresh] done in 461ms @ http://localhost:3000/_next/static/chunks/node_modules_next_dist_1e8vcs8._.js:776
[  442175ms] [LOG] [Fast Refresh] done in 461ms @ http://localhost:3000/_next/static/chunks/node_modules_next_dist_1e8vcs8._.js:776
[  442239ms] [LOG] [Fast Refresh] done in 461ms @ http://localhost:3000/_next/static/chunks/node_modules_next_dist_1e8vcs8._.js:776
[  442299ms] [LOG] [Fast Refresh] done in 461ms @ http://localhost:3000/_next/static/chunks/node_modules_next_dist_1e8vcs8._.js:776
[  442360ms] [LOG] [Fast Refresh] done in 461ms @ http://localhost:3000/_next/static/chunks/node_modules_next_dist_1e8vcs8._.js:776
[  442423ms] [LOG] [Fast Refresh] done in 461ms @ http://localhost:3000/_next/static/chunks/node_modules_next_dist_1e8vcs8._.js:776
[  442488ms] [LOG] [Fast Refresh] done in 461ms @ http://localhost:3000/_next/static/chunks/node_modules_next_dist_1e8vcs8._.js:776
[  442547ms] [LOG] [Fast Refresh] done in 461ms @ http://localhost:3000/_next/static/chunks/node_modules_next_dist_1e8vcs8._.js:776
[  442611ms] [LOG] [Fast Refresh] done in 461ms @ http://localhost:3000/_next/static/chunks/node_modules_next_dist_1e8vcs8._.js:776
[  442672ms] [LOG] [Fast Refresh] done in 461ms @ http://localhost:3000/_next/static/chunks/node_modules_next_dist_1e8vcs8._.js:776
[  442739ms] [LOG] [Fast Refresh] done in 461ms @ http://localhost:3000/_next/static/chunks/node_modules_next_dist_1e8vcs8._.js:776
[  442796ms] [LOG] [Fast Refresh] done in 461ms @ http://localhost:3000/_next/static/chunks/node_modules_next_dist_1e8vcs8._.js:776
[  442858ms] [LOG] [Fast Refresh] done in 461ms @ http://localhost:3000/_next/static/chunks/node_modules_next_dist_1e8vcs8._.js:776
[  442922ms] [LOG] [Fast Refresh] done in 461ms @ http://localhost:3000/_next/static/chunks/node_modules_next_dist_1e8vcs8._.js:776
[  442982ms] [LOG] [Fast Refresh] done in 461ms @ http://localhost:3000/_next/static/chunks/node_modules_next_dist_1e8vcs8._.js:776
[  443043ms] [LOG] [Fast Refresh] done in 461ms @ http://localhost:3000/_next/static/chunks/node_modules_next_dist_1e8vcs8._.js:776
[  443106ms] [LOG] [Fast Refresh] done in 461ms @ http://localhost:3000/_next/static/chunks/node_modules_next_dist_1e8vcs8._.js:776
[  443174ms] [LOG] [Fast Refresh] done in 461ms @ http://localhost:3000/_next/static/chunks/node_modules_next_dist_1e8vcs8._.js:776
[  443230ms] [LOG] [Fast Refresh] done in 461ms @ http://localhost:3000/_next/static/chunks/node_modules_next_dist_1e8vcs8._.js:776
[  443292ms] [LOG] [Fast Refresh] done in 461ms @ http://localhost:3000/_next/static/chunks/node_modules_next_dist_1e8vcs8._.js:776
[  443356ms] [LOG] [Fast Refresh] done in 461ms @ http://localhost:3000/_next/static/chunks/node_modules_next_dist_1e8vcs8._.js:776
[  443422ms] [LOG] [Fast Refresh] done in 461ms @ http://localhost:3000/_next/static/chunks/node_modules_next_dist_1e8vcs8._.js:776
[  443479ms] [LOG] [Fast Refresh] done in 461ms @ http://localhost:3000/_next/static/chunks/node_modules_next_dist_1e8vcs8._.js:776
[  443541ms] [LOG] [Fast Refresh] done in 461ms @ http://localhost:3000/_next/static/chunks/node_modules_next_dist_1e8vcs8._.js:776
[  443605ms] [LOG] [Fast Refresh] done in 461ms @ http://localhost:3000/_next/static/chunks/node_modules_next_dist_1e8vcs8._.js:776
[  443663ms] [LOG] [Fast Refresh] done in 461ms @ http://localhost:3000/_next/static/chunks/node_modules_next_dist_1e8vcs8._.js:776
[  443725ms] [LOG] [Fast Refresh] done in 461ms @ http://localhost:3000/_next/static/chunks/node_modules_next_dist_1e8vcs8._.js:776
[  443789ms] [LOG] [Fast Refresh] done in 461ms @ http://localhost:3000/_next/static/chunks/node_modules_next_dist_1e8vcs8._.js:776
[  443856ms] [LOG] [Fast Refresh] done in 461ms @ http://localhost:3000/_next/static/chunks/node_modules_next_dist_1e8vcs8._.js:776
[  443915ms] [LOG] [Fast Refresh] done in 461ms @ http://localhost:3000/_next/static/chunks/node_modules_next_dist_1e8vcs8._.js:776
[  443975ms] [LOG] [Fast Refresh] done in 461ms @ http://localhost:3000/_next/static/chunks/node_modules_next_dist_1e8vcs8._.js:776
[  444039ms] [LOG] [Fast Refresh] done in 461ms @ http://localhost:3000/_next/static/chunks/node_modules_next_dist_1e8vcs8._.js:776
[  444098ms] [LOG] [Fast Refresh] done in 461ms @ http://localhost:3000/_next/static/chunks/node_modules_next_dist_1e8vcs8._.js:776
[  444160ms] [LOG] [Fast Refresh] done in 461ms @ http://localhost:3000/_next/static/chunks/node_modules_next_dist_1e8vcs8._.js:776
[  444224ms] [LOG] [Fast Refresh] done in 461ms @ http://localhost:3000/_next/static/chunks/node_modules_next_dist_1e8vcs8._.js:776
[  444289ms] [LOG] [Fast Refresh] done in 461ms @ http://localhost:3000/_next/static/chunks/node_modules_next_dist_1e8vcs8._.js:776
[  444355ms] [LOG] [Fast Refresh] done in 461ms @ http://localhost:3000/_next/static/chunks/node_modules_next_dist_1e8vcs8._.js:776
[  444413ms] [LOG] [Fast Refresh] done in 461ms @ http://localhost:3000/_next/static/chunks/node_modules_next_dist_1e8vcs8._.js:776
[  444474ms] [LOG] [Fast Refresh] done in 461ms @ http://localhost:3000/_next/static/chunks/node_modules_next_dist_1e8vcs8._.js:776
[  444539ms] [LOG] [Fast Refresh] done in 461ms @ http://localhost:3000/_next/static/chunks/node_modules_next_dist_1e8vcs8._.js:776
[  444605ms] [LOG] [Fast Refresh] done in 461ms @ http://localhost:3000/_next/static/chunks/node_modules_next_dist_1e8vcs8._.js:776
[  444661ms] [LOG] [Fast Refresh] done in 461ms @ http://localhost:3000/_next/static/chunks/node_modules_next_dist_1e8vcs8._.js:776
[  444723ms] [LOG] [Fast Refresh] done in 461ms @ http://localhost:3000/_next/static/chunks/node_modules_next_dist_1e8vcs8._.js:776
[  444789ms] [LOG] [Fast Refresh] done in 461ms @ http://localhost:3000/_next/static/chunks/node_modules_next_dist_1e8vcs8._.js:776
[  444848ms] [LOG] [Fast Refresh] done in 461ms @ http://localhost:3000/_next/static/chunks/node_modules_next_dist_1e8vcs8._.js:776
[  444911ms] [LOG] [Fast Refresh] done in 461ms @ http://localhost:3000/_next/static/chunks/node_modules_next_dist_1e8vcs8._.js:776
[  444973ms] [LOG] [Fast Refresh] done in 461ms @ http://localhost:3000/_next/static/chunks/node_modules_next_dist_1e8vcs8._.js:776
[  445039ms] [LOG] [Fast Refresh] done in 461ms @ http://localhost:3000/_next/static/chunks/node_modules_next_dist_1e8vcs8._.js:776
[  445097ms] [LOG] [Fast Refresh] done in 461ms @ http://localhost:3000/_next/static/chunks/node_modules_next_dist_1e8vcs8._.js:776
[  445159ms] [LOG] [Fast Refresh] done in 461ms @ http://localhost:3000/_next/static/chunks/node_modules_next_dist_1e8vcs8._.js:776
[  445222ms] [LOG] [Fast Refresh] done in 461ms @ http://localhost:3000/_next/static/chunks/node_modules_next_dist_1e8vcs8._.js:776
[  445289ms] [LOG] [Fast Refresh] done in 461ms @ http://localhost:3000/_next/static/chunks/node_modules_next_dist_1e8vcs8._.js:776
[  445347ms] [LOG] [Fast Refresh] done in 461ms @ http://localhost:3000/_next/static/chunks/node_modules_next_dist_1e8vcs8._.js:776
[  445408ms] [LOG] [Fast Refresh] done in 461ms @ http://localhost:3000/_next/static/chunks/node_modules_next_dist_1e8vcs8._.js:776
[  445472ms] [LOG] [Fast Refresh] done in 461ms @ http://localhost:3000/_next/static/chunks/node_modules_next_dist_1e8vcs8._.js:776
[  445532ms] [LOG] [Fast Refresh] done in 461ms @ http://localhost:3000/_next/static/chunks/node_modules_next_dist_1e8vcs8._.js:776
[  445594ms] [LOG] [Fast Refresh] done in 461ms @ http://localhost:3000/_next/static/chunks/node_modules_next_dist_1e8vcs8._.js:776
[  445656ms] [LOG] [Fast Refresh] done in 461ms @ http://localhost:3000/_next/static/chunks/node_modules_next_dist_1e8vcs8._.js:776
[  445716ms] [LOG] [Fast Refresh] done in 461ms @ http://localhost:3000/_next/static/chunks/node_modules_next_dist_1e8vcs8._.js:776
[  445779ms] [LOG] [Fast Refresh] done in 461ms @ http://localhost:3000/_next/static/chunks/node_modules_next_dist_1e8vcs8._.js:776
[  445839ms] [LOG] [Fast Refresh] done in 461ms @ http://localhost:3000/_next/static/chunks/node_modules_next_dist_1e8vcs8._.js:776
[  445907ms] [LOG] [Fast Refresh] done in 461ms @ http://localhost:3000/_next/static/chunks/node_modules_next_dist_1e8vcs8._.js:776
[  445968ms] [LOG] [Fast Refresh] done in 461ms @ http://localhost:3000/_next/static/chunks/node_modules_next_dist_1e8vcs8._.js:776
[  446027ms] [LOG] [Fast Refresh] done in 461ms @ http://localhost:3000/_next/static/chunks/node_modules_next_dist_1e8vcs8._.js:776
[  446090ms] [LOG] [Fast Refresh] done in 461ms @ http://localhost:3000/_next/static/chunks/node_modules_next_dist_1e8vcs8._.js:776
[  446155ms] [LOG] [Fast Refresh] done in 461ms @ http://localhost:3000/_next/static/chunks/node_modules_next_dist_1e8vcs8._.js:776
[  446217ms] [LOG] [Fast Refresh] done in 461ms @ http://localhost:3000/_next/static/chunks/node_modules_next_dist_1e8vcs8._.js:776
[  446277ms] [LOG] [Fast Refresh] done in 461ms @ http://localhost:3000/_next/static/chunks/node_modules_next_dist_1e8vcs8._.js:776
[  446339ms] [LOG] [Fast Refresh] done in 461ms @ http://localhost:3000/_next/static/chunks/node_modules_next_dist_1e8vcs8._.js:776
[  446407ms] [LOG] [Fast Refresh] done in 461ms @ http://localhost:3000/_next/static/chunks/node_modules_next_dist_1e8vcs8._.js:776
[  446465ms] [LOG] [Fast Refresh] done in 461ms @ http://localhost:3000/_next/static/chunks/node_modules_next_dist_1e8vcs8._.js:776
[  446526ms] [LOG] [Fast Refresh] done in 461ms @ http://localhost:3000/_next/static/chunks/node_modules_next_dist_1e8vcs8._.js:776
[  446590ms] [LOG] [Fast Refresh] done in 461ms @ http://localhost:3000/_next/static/chunks/node_modules_next_dist_1e8vcs8._.js:776
[  446655ms] [LOG] [Fast Refresh] done in 461ms @ http://localhost:3000/_next/static/chunks/node_modules_next_dist_1e8vcs8._.js:776
[  446713ms] [LOG] [Fast Refresh] done in 461ms @ http://localhost:3000/_next/static/chunks/node_modules_next_dist_1e8vcs8._.js:776
[  446775ms] [LOG] [Fast Refresh] done in 461ms @ http://localhost:3000/_next/static/chunks/node_modules_next_dist_1e8vcs8._.js:776
[  446839ms] [LOG] [Fast Refresh] done in 461ms @ http://localhost:3000/_next/static/chunks/node_modules_next_dist_1e8vcs8._.js:776
[  446905ms] [LOG] [Fast Refresh] done in 461ms @ http://localhost:3000/_next/static/chunks/node_modules_next_dist_1e8vcs8._.js:776
[  446962ms] [LOG] [Fast Refresh] done in 461ms @ http://localhost:3000/_next/static/chunks/node_modules_next_dist_1e8vcs8._.js:776
[  447014ms] [LOG] [Fast Refresh] done in 461ms @ http://localhost:3000/_next/static/chunks/node_modules_next_dist_1e8vcs8._.js:776
[  447078ms] [LOG] [Fast Refresh] done in 461ms @ http://localhost:3000/_next/static/chunks/node_modules_next_dist_1e8vcs8._.js:776
[  447138ms] [LOG] [Fast Refresh] done in 461ms @ http://localhost:3000/_next/static/chunks/node_modules_next_dist_1e8vcs8._.js:776
[  447207ms] [LOG] [Fast Refresh] done in 461ms @ http://localhost:3000/_next/static/chunks/node_modules_next_dist_1e8vcs8._.js:776
[  447264ms] [LOG] [Fast Refresh] done in 461ms @ http://localhost:3000/_next/static/chunks/node_modules_next_dist_1e8vcs8._.js:776
[  447327ms] [LOG] [Fast Refresh] done in 461ms @ http://localhost:3000/_next/static/chunks/node_modules_next_dist_1e8vcs8._.js:776
[  447390ms] [LOG] [Fast Refresh] done in 461ms @ http://localhost:3000/_next/static/chunks/node_modules_next_dist_1e8vcs8._.js:776
[  447455ms] [LOG] [Fast Refresh] done in 461ms @ http://localhost:3000/_next/static/chunks/node_modules_next_dist_1e8vcs8._.js:776
[  447514ms] [LOG] [Fast Refresh] done in 461ms @ http://localhost:3000/_next/static/chunks/node_modules_next_dist_1e8vcs8._.js:776
[  447576ms] [LOG] [Fast Refresh] done in 461ms @ http://localhost:3000/_next/static/chunks/node_modules_next_dist_1e8vcs8._.js:776
[  447639ms] [LOG] [Fast Refresh] done in 461ms @ http://localhost:3000/_next/static/chunks/node_modules_next_dist_1e8vcs8._.js:776
[  447706ms] [LOG] [Fast Refresh] done in 461ms @ http://localhost:3000/_next/static/chunks/node_modules_next_dist_1e8vcs8._.js:776
[  447765ms] [LOG] [Fast Refresh] done in 461ms @ http://localhost:3000/_next/static/chunks/node_modules_next_dist_1e8vcs8._.js:776
[  447826ms] [LOG] [Fast Refresh] done in 461ms @ http://localhost:3000/_next/static/chunks/node_modules_next_dist_1e8vcs8._.js:776
[  447890ms] [LOG] [Fast Refresh] done in 461ms @ http://localhost:3000/_next/static/chunks/node_modules_next_dist_1e8vcs8._.js:776
[  447956ms] [LOG] [Fast Refresh] done in 461ms @ http://localhost:3000/_next/static/chunks/node_modules_next_dist_1e8vcs8._.js:776
[  448014ms] [LOG] [Fast Refresh] done in 461ms @ http://localhost:3000/_next/static/chunks/node_modules_next_dist_1e8vcs8._.js:776
[  448062ms] [LOG] [Fast Refresh] done in 461ms @ http://localhost:3000/_next/static/chunks/node_modules_next_dist_1e8vcs8._.js:776
[  448123ms] [LOG] [Fast Refresh] done in 461ms @ http://localhost:3000/_next/static/chunks/node_modules_next_dist_1e8vcs8._.js:776
[  448188ms] [LOG] [Fast Refresh] done in 461ms @ http://localhost:3000/_next/static/chunks/node_modules_next_dist_1e8vcs8._.js:776
[  448248ms] [LOG] [Fast Refresh] done in 461ms @ http://localhost:3000/_next/static/chunks/node_modules_next_dist_1e8vcs8._.js:776
[  448311ms] [LOG] [Fast Refresh] done in 461ms @ http://localhost:3000/_next/static/chunks/node_modules_next_dist_1e8vcs8._.js:776
[  448373ms] [LOG] [Fast Refresh] done in 461ms @ http://localhost:3000/_next/static/chunks/node_modules_next_dist_1e8vcs8._.js:776
[  448440ms] [LOG] [Fast Refresh] done in 461ms @ http://localhost:3000/_next/static/chunks/node_modules_next_dist_1e8vcs8._.js:776
[  448497ms] [LOG] [Fast Refresh] done in 461ms @ http://localhost:3000/_next/static/chunks/node_modules_next_dist_1e8vcs8._.js:776
[  448559ms] [LOG] [Fast Refresh] done in 461ms @ http://localhost:3000/_next/static/chunks/node_modules_next_dist_1e8vcs8._.js:776
[  448623ms] [LOG] [Fast Refresh] done in 461ms @ http://localhost:3000/_next/static/chunks/node_modules_next_dist_1e8vcs8._.js:776
[  448678ms] [LOG] [Fast Refresh] done in 461ms @ http://localhost:3000/_next/static/chunks/node_modules_next_dist_1e8vcs8._.js:776
[  448741ms] [LOG] [Fast Refresh] done in 461ms @ http://localhost:3000/_next/static/chunks/node_modules_next_dist_1e8vcs8._.js:776
[  448796ms] [LOG] [Fast Refresh] done in 461ms @ http://localhost:3000/_next/static/chunks/node_modules_next_dist_1e8vcs8._.js:776
[  448949ms] [LOG] [Fast Refresh] rebuilding @ http://localhost:3000/_next/static/chunks/node_modules_next_dist_1e8vcs8._.js:776
[  449223ms] [LOG] [Fast Refresh] done in 37ms @ http://localhost:3000/_next/static/chunks/node_modules_next_dist_1e8vcs8._.js:776
[  554461ms] [LOG] [Fast Refresh] rebuilding @ http://localhost:3000/_next/static/chunks/node_modules_next_dist_1e8vcs8._.js:776
[  554632ms] [LOG] [Fast Refresh] done in 280ms @ http://localhost:3000/_next/static/chunks/node_modules_next_dist_1e8vcs8._.js:776
[  554842ms] [INFO] %cDownload the React DevTools for a better development experience: https://react.dev/link/react-devtools font-weight:bold @ http://localhost:3000/_next/static/chunks/node_modules_next_dist_1e8vcs8._.js:776
[  554873ms] [LOG] [HMR] connected @ http://localhost:3000/_next/static/chunks/node_modules_next_dist_1e8vcs8._.js:776
[  735793ms] [LOG] [HMR] connected @ http://localhost:3000/_next/static/chunks/node_modules_next_dist_1e8vcs8._.js:776
[  750302ms] [LOG] [Fast Refresh] rebuilding @ http://localhost:3000/_next/static/chunks/node_modules_next_dist_1e8vcs8._.js:776
[  750303ms] [LOG] [Fast Refresh] done in 106ms @ http://localhost:3000/_next/static/chunks/node_modules_next_dist_1e8vcs8._.js:776
[ 1519249ms] [LOG] [Fast Refresh] rebuilding @ http://localhost:3000/_next/static/chunks/node_modules_next_dist_1e8vcs8._.js:776
[ 1519355ms] [LOG] [Fast Refresh] done in 209ms @ http://localhost:3000/_next/static/chunks/node_modules_next_dist_1e8vcs8._.js:776
[ 2998896ms] [LOG] [HMR] connected @ http://localhost:3000/_next/static/chunks/node_modules_next_dist_1e8vcs8._.js:776
[ 2999510ms] [LOG] [Fast Refresh] rebuilding @ http://localhost:3000/_next/static/chunks/node_modules_next_dist_1e8vcs8._.js:776
[ 2999581ms] [LOG] [Fast Refresh] done in 171ms @ http://localhost:3000/_next/static/chunks/node_modules_next_dist_1e8vcs8._.js:776
[ 6169335ms] [LOG] [HMR] connected @ http://localhost:3000/_next/static/chunks/node_modules_next_dist_1e8vcs8._.js:776
[ 6170699ms] [LOG] [Fast Refresh] rebuilding @ http://localhost:3000/_next/static/chunks/node_modules_next_dist_1e8vcs8._.js:776
[ 6170949ms] [LOG] [Fast Refresh] done in 367ms @ http://localhost:3000/_next/static/chunks/node_modules_next_dist_1e8vcs8._.js:776
[ 6171477ms] [LOG] [Fast Refresh] rebuilding @ http://localhost:3000/_next/static/chunks/node_modules_next_dist_1e8vcs8._.js:776
[ 6171973ms] [LOG] [Fast Refresh] done in 609ms @ http://localhost:3000/_next/static/chunks/node_modules_next_dist_1e8vcs8._.js:776
[ 6172280ms] [LOG] [Fast Refresh] rebuilding @ http://localhost:3000/_next/static/chunks/node_modules_next_dist_1e8vcs8._.js:776
[ 6175105ms] [LOG] [Fast Refresh] done in 2938ms @ http://localhost:3000/_next/static/chunks/node_modules_next_dist_1e8vcs8._.js:776
[ 6178347ms] [LOG] [Fast Refresh] rebuilding @ http://localhost:3000/_next/static/chunks/node_modules_next_dist_1e8vcs8._.js:776
[ 6178522ms] [LOG] [Fast Refresh] done in 285ms @ http://localhost:3000/_next/static/chunks/node_modules_next_dist_1e8vcs8._.js:776
[ 6230486ms] [WARNING] Detected `scroll-behavior: smooth` on the `<html>` element. To disable smooth scrolling during route transitions, add `data-scroll-behavior="smooth"` to your <html> element. Learn more: https://nextjs.org/docs/messages/missing-data-scroll-behavior @ http://localhost:3000/_next/static/chunks/node_modules_next_dist_1e8vcs8._.js:776
[ 6346056ms] [LOG] [Fast Refresh] rebuilding @ http://localhost:3000/_next/static/chunks/node_modules_next_dist_1e8vcs8._.js:776
[ 6347738ms] [LOG] [Fast Refresh] done in 1780ms @ http://localhost:3000/_next/static/chunks/node_modules_next_dist_1e8vcs8._.js:776
[ 6348063ms] [LOG] [Fast Refresh] rebuilding @ http://localhost:3000/_next/static/chunks/node_modules_next_dist_1e8vcs8._.js:776
[ 6348292ms] [LOG] [Fast Refresh] done in 358ms @ http://localhost:3000/_next/static/chunks/node_modules_next_dist_1e8vcs8._.js:776
[ 6367277ms] [LOG] [Fast Refresh] rebuilding @ http://localhost:3000/_next/static/chunks/node_modules_next_dist_1e8vcs8._.js:776
[ 6367374ms] [LOG] [Fast Refresh] done in 154ms @ http://localhost:3000/_next/static/chunks/node_modules_next_dist_1e8vcs8._.js:776
[ 6432686ms] [INFO] %cDownload the React DevTools for a better development experience: https://react.dev/link/react-devtools font-weight:bold @ http://localhost:3000/_next/static/chunks/node_modules_next_dist_1e8vcs8._.js:776
[ 6432739ms] [LOG] [HMR] connected @ http://localhost:3000/_next/static/chunks/node_modules_next_dist_1e8vcs8._.js:776
[ 6539098ms] [LOG] [Fast Refresh] rebuilding @ http://localhost:3000/_next/static/chunks/node_modules_next_dist_1e8vcs8._.js:776
[ 6539499ms] [LOG] [Fast Refresh] done in 482ms @ http://localhost:3000/_next/static/chunks/node_modules_next_dist_1e8vcs8._.js:776
[ 6596766ms] [LOG] [Fast Refresh] rebuilding @ http://localhost:3000/_next/static/chunks/node_modules_next_dist_1e8vcs8._.js:776
[ 6597019ms] [LOG] [Fast Refresh] done in 355ms @ http://localhost:3000/_next/static/chunks/node_modules_next_dist_1e8vcs8._.js:776
[ 6597229ms] [INFO] %cDownload the React DevTools for a better development experience: https://react.dev/link/react-devtools font-weight:bold @ http://localhost:3000/_next/static/chunks/node_modules_next_dist_1e8vcs8._.js:776
[ 6597270ms] [LOG] [HMR] connected @ http://localhost:3000/_next/static/chunks/node_modules_next_dist_1e8vcs8._.js:776
[ 6600411ms] [WARNING] The resource http://localhost:3000/_next/static/media/cd72e39fe5f8e190-s.p.0e2034rwz-vfe.woff2 was preloaded using link preload but not used within a few seconds from the window's load event. Please make sure it has an appropriate `as` value and it is preloaded intentionally. @ http://localhost:3000/:0
[ 6674216ms] [LOG] [Fast Refresh] rebuilding @ http://localhost:3000/_next/static/chunks/node_modules_next_dist_1e8vcs8._.js:776
[ 6675795ms] [LOG] [Fast Refresh] done in 1655ms @ http://localhost:3000/_next/static/chunks/node_modules_next_dist_1e8vcs8._.js:776
[ 6676141ms] [LOG] [Fast Refresh] done in 1655ms @ http://localhost:3000/_next/static/chunks/node_modules_next_dist_1e8vcs8._.js:776
[ 6676143ms] [LOG] [Fast Refresh] done in 1655ms @ http://localhost:3000/_next/static/chunks/node_modules_next_dist_1e8vcs8._.js:776
[ 6676441ms] [LOG] [Fast Refresh] done in 1655ms @ http://localhost:3000/_next/static/chunks/node_modules_next_dist_1e8vcs8._.js:776
[ 6676607ms] [LOG] [Fast Refresh] done in 1655ms @ http://localhost:3000/_next/static/chunks/node_modules_next_dist_1e8vcs8._.js:776
[ 6676684ms] [LOG] [Fast Refresh] done in 1655ms @ http://localhost:3000/_next/static/chunks/node_modules_next_dist_1e8vcs8._.js:776
[ 6740199ms] [LOG] [Fast Refresh] rebuilding @ http://localhost:3000/_next/static/chunks/node_modules_next_dist_1e8vcs8._.js:776
[ 6740471ms] [LOG] [Fast Refresh] done in 381ms @ http://localhost:3000/_next/static/chunks/node_modules_next_dist_1e8vcs8._.js:776
[ 6740790ms] [INFO] %cDownload the React DevTools for a better development experience: https://react.dev/link/react-devtools font-weight:bold @ http://localhost:3000/_next/static/chunks/node_modules_next_dist_1e8vcs8._.js:776
[ 6740857ms] [LOG] [HMR] connected @ http://localhost:3000/_next/static/chunks/node_modules_next_dist_1e8vcs8._.js:776
[ 6807375ms] [LOG] [Fast Refresh] rebuilding @ http://localhost:3000/_next/static/chunks/node_modules_next_dist_1e8vcs8._.js:776
[ 6807996ms] [LOG] [Fast Refresh] done in 693ms @ http://localhost:3000/_next/static/chunks/node_modules_next_dist_1e8vcs8._.js:776
[ 6873557ms] [INFO] %cDownload the React DevTools for a better development experience: https://react.dev/link/react-devtools font-weight:bold @ http://localhost:3000/_next/static/chunks/node_modules_next_dist_1e8vcs8._.js:776
[ 6873598ms] [LOG] [HMR] connected @ http://localhost:3000/_next/static/chunks/node_modules_next_dist_1e8vcs8._.js:776
[ 6913115ms] [INFO] %cDownload the React DevTools for a better development experience: https://react.dev/link/react-devtools font-weight:bold @ http://localhost:3000/_next/static/chunks/node_modules_next_dist_1e8vcs8._.js:776
[ 6913160ms] [LOG] [HMR] connected @ http://localhost:3000/_next/static/chunks/node_modules_next_dist_1e8vcs8._.js:776
[ 6916451ms] [WARNING] Detected `scroll-behavior: smooth` on the `<html>` element. To disable smooth scrolling during route transitions, add `data-scroll-behavior="smooth"` to your <html> element. Learn more: https://nextjs.org/docs/messages/missing-data-scroll-behavior @ http://localhost:3000/_next/static/chunks/node_modules_next_dist_1e8vcs8._.js:776
[ 7043294ms] [LOG] [Fast Refresh] rebuilding @ http://localhost:3000/_next/static/chunks/node_modules_next_dist_1e8vcs8._.js:776
[ 7044306ms] [LOG] [Fast Refresh] done in 1113ms @ http://localhost:3000/_next/static/chunks/node_modules_next_dist_1e8vcs8._.js:776
[ 7078345ms] [LOG] [Fast Refresh] rebuilding @ http://localhost:3000/_next/static/chunks/node_modules_next_dist_1e8vcs8._.js:776
[ 7078373ms] [LOG] [Fast Refresh] done in 135ms @ http://localhost:3000/_next/static/chunks/node_modules_next_dist_1e8vcs8._.js:776
[ 7144538ms] [INFO] %cDownload the React DevTools for a better development experience: https://react.dev/link/react-devtools font-weight:bold @ http://localhost:3000/_next/static/chunks/node_modules_next_dist_1e8vcs8._.js:776
[ 7144606ms] [LOG] [HMR] connected @ http://localhost:3000/_next/static/chunks/node_modules_next_dist_1e8vcs8._.js:776
[ 7226934ms] [INFO] %cDownload the React DevTools for a better development experience: https://react.dev/link/react-devtools font-weight:bold @ http://localhost:3000/_next/static/chunks/node_modules_next_dist_1e8vcs8._.js:776
[ 7226987ms] [LOG] [HMR] connected @ http://localhost:3000/_next/static/chunks/node_modules_next_dist_1e8vcs8._.js:776
[ 7302720ms] [LOG] [Fast Refresh] rebuilding @ http://localhost:3000/_next/static/chunks/node_modules_next_dist_1e8vcs8._.js:776
[ 7302994ms] [LOG] [Fast Refresh] done in 349ms @ http://localhost:3000/_next/static/chunks/node_modules_next_dist_1e8vcs8._.js:776
[ 7303061ms] [LOG] [Fast Refresh] done in 349ms @ http://localhost:3000/_next/static/chunks/node_modules_next_dist_1e8vcs8._.js:776
[ 7303119ms] [LOG] [Fast Refresh] done in 349ms @ http://localhost:3000/_next/static/chunks/node_modules_next_dist_1e8vcs8._.js:776
[ 7303490ms] [LOG] [Fast Refresh] done in 349ms @ http://localhost:3000/_next/static/chunks/node_modules_next_dist_1e8vcs8._.js:776
[ 7303578ms] [LOG] [Fast Refresh] done in 349ms @ http://localhost:3000/_next/static/chunks/node_modules_next_dist_1e8vcs8._.js:776
[ 7303643ms] [LOG] [Fast Refresh] done in 349ms @ http://localhost:3000/_next/static/chunks/node_modules_next_dist_1e8vcs8._.js:776
[ 7303700ms] [LOG] [Fast Refresh] done in 349ms @ http://localhost:3000/_next/static/chunks/node_modules_next_dist_1e8vcs8._.js:776
[ 7303766ms] [LOG] [Fast Refresh] done in 349ms @ http://localhost:3000/_next/static/chunks/node_modules_next_dist_1e8vcs8._.js:776
[ 7303821ms] [LOG] [Fast Refresh] done in 349ms @ http://localhost:3000/_next/static/chunks/node_modules_next_dist_1e8vcs8._.js:776
[ 7303889ms] [LOG] [Fast Refresh] done in 349ms @ http://localhost:3000/_next/static/chunks/node_modules_next_dist_1e8vcs8._.js:776
[ 7303956ms] [LOG] [Fast Refresh] done in 349ms @ http://localhost:3000/_next/static/chunks/node_modules_next_dist_1e8vcs8._.js:776
[ 7304023ms] [LOG] [Fast Refresh] done in 349ms @ http://localhost:3000/_next/static/chunks/node_modules_next_dist_1e8vcs8._.js:776
[ 7304088ms] [LOG] [Fast Refresh] done in 349ms @ http://localhost:3000/_next/static/chunks/node_modules_next_dist_1e8vcs8._.js:776
[ 7304155ms] [LOG] [Fast Refresh] done in 349ms @ http://localhost:3000/_next/static/chunks/node_modules_next_dist_1e8vcs8._.js:776
[ 7304222ms] [LOG] [Fast Refresh] done in 349ms @ http://localhost:3000/_next/static/chunks/node_modules_next_dist_1e8vcs8._.js:776
[ 7304294ms] [LOG] [Fast Refresh] done in 349ms @ http://localhost:3000/_next/static/chunks/node_modules_next_dist_1e8vcs8._.js:776
[ 7304372ms] [LOG] [Fast Refresh] done in 349ms @ http://localhost:3000/_next/static/chunks/node_modules_next_dist_1e8vcs8._.js:776
[ 7304454ms] [LOG] [Fast Refresh] done in 349ms @ http://localhost:3000/_next/static/chunks/node_modules_next_dist_1e8vcs8._.js:776
[ 7304532ms] [LOG] [Fast Refresh] done in 349ms @ http://localhost:3000/_next/static/chunks/node_modules_next_dist_1e8vcs8._.js:776
[ 7304620ms] [LOG] [Fast Refresh] done in 349ms @ http://localhost:3000/_next/static/chunks/node_modules_next_dist_1e8vcs8._.js:776
[ 7304688ms] [LOG] [Fast Refresh] done in 349ms @ http://localhost:3000/_next/static/chunks/node_modules_next_dist_1e8vcs8._.js:776
[ 7304754ms] [LOG] [Fast Refresh] done in 349ms @ http://localhost:3000/_next/static/chunks/node_modules_next_dist_1e8vcs8._.js:776
[ 7304822ms] [LOG] [Fast Refresh] done in 349ms @ http://localhost:3000/_next/static/chunks/node_modules_next_dist_1e8vcs8._.js:776
[ 7304873ms] [LOG] [Fast Refresh] done in 349ms @ http://localhost:3000/_next/static/chunks/node_modules_next_dist_1e8vcs8._.js:776
[ 7304939ms] [LOG] [Fast Refresh] done in 349ms @ http://localhost:3000/_next/static/chunks/node_modules_next_dist_1e8vcs8._.js:776
[ 7305007ms] [LOG] [Fast Refresh] done in 349ms @ http://localhost:3000/_next/static/chunks/node_modules_next_dist_1e8vcs8._.js:776
[ 7305082ms] [LOG] [Fast Refresh] done in 349ms @ http://localhost:3000/_next/static/chunks/node_modules_next_dist_1e8vcs8._.js:776
[ 7305148ms] [LOG] [Fast Refresh] done in 349ms @ http://localhost:3000/_next/static/chunks/node_modules_next_dist_1e8vcs8._.js:776
[ 7305204ms] [LOG] [Fast Refresh] done in 349ms @ http://localhost:3000/_next/static/chunks/node_modules_next_dist_1e8vcs8._.js:776
[ 7305256ms] [LOG] [Fast Refresh] done in 349ms @ http://localhost:3000/_next/static/chunks/node_modules_next_dist_1e8vcs8._.js:776
[ 7305323ms] [LOG] [Fast Refresh] done in 349ms @ http://localhost:3000/_next/static/chunks/node_modules_next_dist_1e8vcs8._.js:776
[ 7305385ms] [LOG] [Fast Refresh] done in 349ms @ http://localhost:3000/_next/static/chunks/node_modules_next_dist_1e8vcs8._.js:776
[ 7305443ms] [LOG] [Fast Refresh] done in 349ms @ http://localhost:3000/_next/static/chunks/node_modules_next_dist_1e8vcs8._.js:776
[ 7305506ms] [LOG] [Fast Refresh] done in 349ms @ http://localhost:3000/_next/static/chunks/node_modules_next_dist_1e8vcs8._.js:776
[ 7305573ms] [LOG] [Fast Refresh] done in 349ms @ http://localhost:3000/_next/static/chunks/node_modules_next_dist_1e8vcs8._.js:776
[ 7305637ms] [LOG] [Fast Refresh] done in 349ms @ http://localhost:3000/_next/static/chunks/node_modules_next_dist_1e8vcs8._.js:776
[ 7305689ms] [LOG] [Fast Refresh] done in 349ms @ http://localhost:3000/_next/static/chunks/node_modules_next_dist_1e8vcs8._.js:776
[ 7305754ms] [LOG] [Fast Refresh] done in 349ms @ http://localhost:3000/_next/static/chunks/node_modules_next_dist_1e8vcs8._.js:776
[ 7305824ms] [LOG] [Fast Refresh] done in 349ms @ http://localhost:3000/_next/static/chunks/node_modules_next_dist_1e8vcs8._.js:776
[ 7305901ms] [LOG] [Fast Refresh] done in 349ms @ http://localhost:3000/_next/static/chunks/node_modules_next_dist_1e8vcs8._.js:776
[ 7305970ms] [LOG] [Fast Refresh] done in 349ms @ http://localhost:3000/_next/static/chunks/node_modules_next_dist_1e8vcs8._.js:776
[ 7306023ms] [LOG] [Fast Refresh] done in 349ms @ http://localhost:3000/_next/static/chunks/node_modules_next_dist_1e8vcs8._.js:776
[ 7306087ms] [LOG] [Fast Refresh] done in 349ms @ http://localhost:3000/_next/static/chunks/node_modules_next_dist_1e8vcs8._.js:776
[ 7306140ms] [LOG] [Fast Refresh] done in 349ms @ http://localhost:3000/_next/static/chunks/node_modules_next_dist_1e8vcs8._.js:776
[ 7306202ms] [LOG] [Fast Refresh] done in 349ms @ http://localhost:3000/_next/static/chunks/node_modules_next_dist_1e8vcs8._.js:776
[ 7306263ms] [LOG] [Fast Refresh] done in 349ms @ http://localhost:3000/_next/static/chunks/node_modules_next_dist_1e8vcs8._.js:776
[ 7306320ms] [LOG] [Fast Refresh] done in 349ms @ http://localhost:3000/_next/static/chunks/node_modules_next_dist_1e8vcs8._.js:776
[ 7306381ms] [LOG] [Fast Refresh] done in 349ms @ http://localhost:3000/_next/static/chunks/node_modules_next_dist_1e8vcs8._.js:776
[ 7306439ms] [LOG] [Fast Refresh] done in 349ms @ http://localhost:3000/_next/static/chunks/node_modules_next_dist_1e8vcs8._.js:776
[ 7306502ms] [LOG] [Fast Refresh] done in 349ms @ http://localhost:3000/_next/static/chunks/node_modules_next_dist_1e8vcs8._.js:776
[ 7306564ms] [LOG] [Fast Refresh] done in 349ms @ http://localhost:3000/_next/static/chunks/node_modules_next_dist_1e8vcs8._.js:776
[ 7306620ms] [LOG] [Fast Refresh] done in 349ms @ http://localhost:3000/_next/static/chunks/node_modules_next_dist_1e8vcs8._.js:776
[ 7306697ms] [LOG] [Fast Refresh] done in 349ms @ http://localhost:3000/_next/static/chunks/node_modules_next_dist_1e8vcs8._.js:776
[ 7306755ms] [LOG] [Fast Refresh] done in 349ms @ http://localhost:3000/_next/static/chunks/node_modules_next_dist_1e8vcs8._.js:776
[ 7306812ms] [LOG] [Fast Refresh] done in 349ms @ http://localhost:3000/_next/static/chunks/node_modules_next_dist_1e8vcs8._.js:776
[ 7306871ms] [LOG] [Fast Refresh] done in 349ms @ http://localhost:3000/_next/static/chunks/node_modules_next_dist_1e8vcs8._.js:776
[ 7306929ms] [LOG] [Fast Refresh] done in 349ms @ http://localhost:3000/_next/static/chunks/node_modules_next_dist_1e8vcs8._.js:776
[ 7306988ms] [LOG] [Fast Refresh] done in 349ms @ http://localhost:3000/_next/static/chunks/node_modules_next_dist_1e8vcs8._.js:776
[ 7307051ms] [LOG] [Fast Refresh] done in 349ms @ http://localhost:3000/_next/static/chunks/node_modules_next_dist_1e8vcs8._.js:776
[ 7307105ms] [LOG] [Fast Refresh] done in 349ms @ http://localhost:3000/_next/static/chunks/node_modules_next_dist_1e8vcs8._.js:776
[ 7307163ms] [LOG] [Fast Refresh] done in 349ms @ http://localhost:3000/_next/static/chunks/node_modules_next_dist_1e8vcs8._.js:776
[ 7307221ms] [LOG] [Fast Refresh] done in 349ms @ http://localhost:3000/_next/static/chunks/node_modules_next_dist_1e8vcs8._.js:776
[ 7307286ms] [LOG] [Fast Refresh] done in 349ms @ http://localhost:3000/_next/static/chunks/node_modules_next_dist_1e8vcs8._.js:776
[ 7307340ms] [LOG] [Fast Refresh] done in 349ms @ http://localhost:3000/_next/static/chunks/node_modules_next_dist_1e8vcs8._.js:776
[ 7307404ms] [LOG] [Fast Refresh] done in 349ms @ http://localhost:3000/_next/static/chunks/node_modules_next_dist_1e8vcs8._.js:776
[ 7307464ms] [LOG] [Fast Refresh] done in 349ms @ http://localhost:3000/_next/static/chunks/node_modules_next_dist_1e8vcs8._.js:776
[ 7307522ms] [LOG] [Fast Refresh] done in 349ms @ http://localhost:3000/_next/static/chunks/node_modules_next_dist_1e8vcs8._.js:776
[ 7307580ms] [LOG] [Fast Refresh] done in 349ms @ http://localhost:3000/_next/static/chunks/node_modules_next_dist_1e8vcs8._.js:776
[ 7307638ms] [LOG] [Fast Refresh] done in 349ms @ http://localhost:3000/_next/static/chunks/node_modules_next_dist_1e8vcs8._.js:776
[ 7307702ms] [LOG] [Fast Refresh] done in 349ms @ http://localhost:3000/_next/static/chunks/node_modules_next_dist_1e8vcs8._.js:776
[ 7307764ms] [LOG] [Fast Refresh] done in 349ms @ http://localhost:3000/_next/static/chunks/node_modules_next_dist_1e8vcs8._.js:776
[ 7307837ms] [LOG] [Fast Refresh] done in 349ms @ http://localhost:3000/_next/static/chunks/node_modules_next_dist_1e8vcs8._.js:776
[ 7307897ms] [LOG] [Fast Refresh] done in 349ms @ http://localhost:3000/_next/static/chunks/node_modules_next_dist_1e8vcs8._.js:776
[ 7307956ms] [LOG] [Fast Refresh] done in 349ms @ http://localhost:3000/_next/static/chunks/node_modules_next_dist_1e8vcs8._.js:776
[ 7308018ms] [LOG] [Fast Refresh] done in 349ms @ http://localhost:3000/_next/static/chunks/node_modules_next_dist_1e8vcs8._.js:776
[ 7308082ms] [LOG] [Fast Refresh] done in 349ms @ http://localhost:3000/_next/static/chunks/node_modules_next_dist_1e8vcs8._.js:776
[ 7308138ms] [LOG] [Fast Refresh] done in 349ms @ http://localhost:3000/_next/static/chunks/node_modules_next_dist_1e8vcs8._.js:776
[ 7308203ms] [LOG] [Fast Refresh] done in 349ms @ http://localhost:3000/_next/static/chunks/node_modules_next_dist_1e8vcs8._.js:776
[ 7308257ms] [LOG] [Fast Refresh] done in 349ms @ http://localhost:3000/_next/static/chunks/node_modules_next_dist_1e8vcs8._.js:776
[ 7308320ms] [LOG] [Fast Refresh] done in 349ms @ http://localhost:3000/_next/static/chunks/node_modules_next_dist_1e8vcs8._.js:776
[ 7308381ms] [LOG] [Fast Refresh] done in 349ms @ http://localhost:3000/_next/static/chunks/node_modules_next_dist_1e8vcs8._.js:776
[ 7308443ms] [LOG] [Fast Refresh] done in 349ms @ http://localhost:3000/_next/static/chunks/node_modules_next_dist_1e8vcs8._.js:776
[ 7308504ms] [LOG] [Fast Refresh] done in 349ms @ http://localhost:3000/_next/static/chunks/node_modules_next_dist_1e8vcs8._.js:776
[ 7308584ms] [LOG] [Fast Refresh] done in 349ms @ http://localhost:3000/_next/static/chunks/node_modules_next_dist_1e8vcs8._.js:776
[ 7308654ms] [LOG] [Fast Refresh] done in 349ms @ http://localhost:3000/_next/static/chunks/node_modules_next_dist_1e8vcs8._.js:776
[ 7308717ms] [LOG] [Fast Refresh] done in 349ms @ http://localhost:3000/_next/static/chunks/node_modules_next_dist_1e8vcs8._.js:776
[ 7308773ms] [LOG] [Fast Refresh] done in 349ms @ http://localhost:3000/_next/static/chunks/node_modules_next_dist_1e8vcs8._.js:776
[ 7308836ms] [LOG] [Fast Refresh] done in 349ms @ http://localhost:3000/_next/static/chunks/node_modules_next_dist_1e8vcs8._.js:776
[ 7308897ms] [LOG] [Fast Refresh] done in 349ms @ http://localhost:3000/_next/static/chunks/node_modules_next_dist_1e8vcs8._.js:776
[ 7308956ms] [LOG] [Fast Refresh] done in 349ms @ http://localhost:3000/_next/static/chunks/node_modules_next_dist_1e8vcs8._.js:776
[ 7309020ms] [LOG] [Fast Refresh] done in 349ms @ http://localhost:3000/_next/static/chunks/node_modules_next_dist_1e8vcs8._.js:776
[ 7309080ms] [LOG] [Fast Refresh] done in 349ms @ http://localhost:3000/_next/static/chunks/node_modules_next_dist_1e8vcs8._.js:776
[ 7309138ms] [LOG] [Fast Refresh] done in 349ms @ http://localhost:3000/_next/static/chunks/node_modules_next_dist_1e8vcs8._.js:776
[ 7309197ms] [LOG] [Fast Refresh] done in 349ms @ http://localhost:3000/_next/static/chunks/node_modules_next_dist_1e8vcs8._.js:776
[ 7309255ms] [LOG] [Fast Refresh] done in 349ms @ http://localhost:3000/_next/static/chunks/node_modules_next_dist_1e8vcs8._.js:776
[ 7309320ms] [LOG] [Fast Refresh] done in 349ms @ http://localhost:3000/_next/static/chunks/node_modules_next_dist_1e8vcs8._.js:776
[ 7309383ms] [LOG] [Fast Refresh] done in 349ms @ http://localhost:3000/_next/static/chunks/node_modules_next_dist_1e8vcs8._.js:776
[ 7309438ms] [LOG] [Fast Refresh] done in 349ms @ http://localhost:3000/_next/static/chunks/node_modules_next_dist_1e8vcs8._.js:776
[ 7309505ms] [LOG] [Fast Refresh] done in 349ms @ http://localhost:3000/_next/static/chunks/node_modules_next_dist_1e8vcs8._.js:776
[ 7309568ms] [LOG] [Fast Refresh] done in 349ms @ http://localhost:3000/_next/static/chunks/node_modules_next_dist_1e8vcs8._.js:776
[ 7309634ms] [LOG] [Fast Refresh] done in 349ms @ http://localhost:3000/_next/static/chunks/node_modules_next_dist_1e8vcs8._.js:776
[ 7309704ms] [LOG] [Fast Refresh] done in 349ms @ http://localhost:3000/_next/static/chunks/node_modules_next_dist_1e8vcs8._.js:776
[ 7309768ms] [LOG] [Fast Refresh] done in 349ms @ http://localhost:3000/_next/static/chunks/node_modules_next_dist_1e8vcs8._.js:776
[ 7309837ms] [LOG] [Fast Refresh] done in 349ms @ http://localhost:3000/_next/static/chunks/node_modules_next_dist_1e8vcs8._.js:776
[ 7309897ms] [LOG] [Fast Refresh] done in 349ms @ http://localhost:3000/_next/static/chunks/node_modules_next_dist_1e8vcs8._.js:776
[ 7309956ms] [LOG] [Fast Refresh] done in 349ms @ http://localhost:3000/_next/static/chunks/node_modules_next_dist_1e8vcs8._.js:776
[ 7310018ms] [LOG] [Fast Refresh] done in 349ms @ http://localhost:3000/_next/static/chunks/node_modules_next_dist_1e8vcs8._.js:776
[ 7310073ms] [LOG] [Fast Refresh] done in 349ms @ http://localhost:3000/_next/static/chunks/node_modules_next_dist_1e8vcs8._.js:776
[ 7310137ms] [LOG] [Fast Refresh] done in 349ms @ http://localhost:3000/_next/static/chunks/node_modules_next_dist_1e8vcs8._.js:776
[ 7310198ms] [LOG] [Fast Refresh] done in 349ms @ http://localhost:3000/_next/static/chunks/node_modules_next_dist_1e8vcs8._.js:776
[ 7310255ms] [LOG] [Fast Refresh] done in 349ms @ http://localhost:3000/_next/static/chunks/node_modules_next_dist_1e8vcs8._.js:776
[ 7310317ms] [LOG] [Fast Refresh] done in 349ms @ http://localhost:3000/_next/static/chunks/node_modules_next_dist_1e8vcs8._.js:776
[ 7310378ms] [LOG] [Fast Refresh] done in 349ms @ http://localhost:3000/_next/static/chunks/node_modules_next_dist_1e8vcs8._.js:776
[ 7310436ms] [LOG] [Fast Refresh] done in 349ms @ http://localhost:3000/_next/static/chunks/node_modules_next_dist_1e8vcs8._.js:776
[ 7310517ms] [LOG] [Fast Refresh] done in 349ms @ http://localhost:3000/_next/static/chunks/node_modules_next_dist_1e8vcs8._.js:776
[ 7310571ms] [LOG] [Fast Refresh] done in 349ms @ http://localhost:3000/_next/static/chunks/node_modules_next_dist_1e8vcs8._.js:776
[ 7310640ms] [LOG] [Fast Refresh] done in 349ms @ http://localhost:3000/_next/static/chunks/node_modules_next_dist_1e8vcs8._.js:776
[ 7310707ms] [LOG] [Fast Refresh] done in 349ms @ http://localhost:3000/_next/static/chunks/node_modules_next_dist_1e8vcs8._.js:776
[ 7310763ms] [LOG] [Fast Refresh] done in 349ms @ http://localhost:3000/_next/static/chunks/node_modules_next_dist_1e8vcs8._.js:776
[ 7310823ms] [LOG] [Fast Refresh] done in 349ms @ http://localhost:3000/_next/static/chunks/node_modules_next_dist_1e8vcs8._.js:776
[ 7310887ms] [LOG] [Fast Refresh] done in 349ms @ http://localhost:3000/_next/static/chunks/node_modules_next_dist_1e8vcs8._.js:776
[ 7310952ms] [LOG] [Fast Refresh] done in 349ms @ http://localhost:3000/_next/static/chunks/node_modules_next_dist_1e8vcs8._.js:776
[ 7311021ms] [LOG] [Fast Refresh] done in 349ms @ http://localhost:3000/_next/static/chunks/node_modules_next_dist_1e8vcs8._.js:776
[ 7311084ms] [LOG] [Fast Refresh] done in 349ms @ http://localhost:3000/_next/static/chunks/node_modules_next_dist_1e8vcs8._.js:776
[ 7311139ms] [LOG] [Fast Refresh] done in 349ms @ http://localhost:3000/_next/static/chunks/node_modules_next_dist_1e8vcs8._.js:776
[ 7311203ms] [LOG] [Fast Refresh] done in 349ms @ http://localhost:3000/_next/static/chunks/node_modules_next_dist_1e8vcs8._.js:776
[ 7311284ms] [LOG] [Fast Refresh] done in 349ms @ http://localhost:3000/_next/static/chunks/node_modules_next_dist_1e8vcs8._.js:776
[ 7311354ms] [LOG] [Fast Refresh] done in 349ms @ http://localhost:3000/_next/static/chunks/node_modules_next_dist_1e8vcs8._.js:776
[ 7311413ms] [LOG] [Fast Refresh] done in 349ms @ http://localhost:3000/_next/static/chunks/node_modules_next_dist_1e8vcs8._.js:776
[ 7311471ms] [LOG] [Fast Refresh] done in 349ms @ http://localhost:3000/_next/static/chunks/node_modules_next_dist_1e8vcs8._.js:776
[ 7311531ms] [LOG] [Fast Refresh] done in 349ms @ http://localhost:3000/_next/static/chunks/node_modules_next_dist_1e8vcs8._.js:776
[ 7311589ms] [LOG] [Fast Refresh] done in 349ms @ http://localhost:3000/_next/static/chunks/node_modules_next_dist_1e8vcs8._.js:776
[ 7311652ms] [LOG] [Fast Refresh] done in 349ms @ http://localhost:3000/_next/static/chunks/node_modules_next_dist_1e8vcs8._.js:776
[ 7311707ms] [LOG] [Fast Refresh] done in 349ms @ http://localhost:3000/_next/static/chunks/node_modules_next_dist_1e8vcs8._.js:776
[ 7311787ms] [LOG] [Fast Refresh] done in 349ms @ http://localhost:3000/_next/static/chunks/node_modules_next_dist_1e8vcs8._.js:776
[ 7311854ms] [LOG] [Fast Refresh] done in 349ms @ http://localhost:3000/_next/static/chunks/node_modules_next_dist_1e8vcs8._.js:776
[ 7311919ms] [LOG] [Fast Refresh] done in 349ms @ http://localhost:3000/_next/static/chunks/node_modules_next_dist_1e8vcs8._.js:776
[ 7311973ms] [LOG] [Fast Refresh] done in 349ms @ http://localhost:3000/_next/static/chunks/node_modules_next_dist_1e8vcs8._.js:776
[ 7312036ms] [LOG] [Fast Refresh] done in 349ms @ http://localhost:3000/_next/static/chunks/node_modules_next_dist_1e8vcs8._.js:776
[ 7312098ms] [LOG] [Fast Refresh] done in 349ms @ http://localhost:3000/_next/static/chunks/node_modules_next_dist_1e8vcs8._.js:776
[ 7312154ms] [LOG] [Fast Refresh] done in 349ms @ http://localhost:3000/_next/static/chunks/node_modules_next_dist_1e8vcs8._.js:776
[ 7312215ms] [LOG] [Fast Refresh] done in 349ms @ http://localhost:3000/_next/static/chunks/node_modules_next_dist_1e8vcs8._.js:776
[ 7312276ms] [LOG] [Fast Refresh] done in 349ms @ http://localhost:3000/_next/static/chunks/node_modules_next_dist_1e8vcs8._.js:776
[ 7312336ms] [LOG] [Fast Refresh] done in 349ms @ http://localhost:3000/_next/static/chunks/node_modules_next_dist_1e8vcs8._.js:776
[ 7312391ms] [LOG] [Fast Refresh] done in 349ms @ http://localhost:3000/_next/static/chunks/node_modules_next_dist_1e8vcs8._.js:776
[ 7312454ms] [LOG] [Fast Refresh] done in 349ms @ http://localhost:3000/_next/static/chunks/node_modules_next_dist_1e8vcs8._.js:776
[ 7312519ms] [LOG] [Fast Refresh] done in 349ms @ http://localhost:3000/_next/static/chunks/node_modules_next_dist_1e8vcs8._.js:776
[ 7312588ms] [LOG] [Fast Refresh] done in 349ms @ http://localhost:3000/_next/static/chunks/node_modules_next_dist_1e8vcs8._.js:776
[ 7312647ms] [LOG] [Fast Refresh] done in 349ms @ http://localhost:3000/_next/static/chunks/node_modules_next_dist_1e8vcs8._.js:776
[ 7312706ms] [LOG] [Fast Refresh] done in 349ms @ http://localhost:3000/_next/static/chunks/node_modules_next_dist_1e8vcs8._.js:776
[ 7312769ms] [LOG] [Fast Refresh] done in 349ms @ http://localhost:3000/_next/static/chunks/node_modules_next_dist_1e8vcs8._.js:776
[ 7312832ms] [LOG] [Fast Refresh] done in 349ms @ http://localhost:3000/_next/static/chunks/node_modules_next_dist_1e8vcs8._.js:776
[ 7312888ms] [LOG] [Fast Refresh] done in 349ms @ http://localhost:3000/_next/static/chunks/node_modules_next_dist_1e8vcs8._.js:776
[ 7312952ms] [LOG] [Fast Refresh] done in 349ms @ http://localhost:3000/_next/static/chunks/node_modules_next_dist_1e8vcs8._.js:776
[ 7313017ms] [LOG] [Fast Refresh] done in 349ms @ http://localhost:3000/_next/static/chunks/node_modules_next_dist_1e8vcs8._.js:776
[ 7313071ms] [LOG] [Fast Refresh] done in 349ms @ http://localhost:3000/_next/static/chunks/node_modules_next_dist_1e8vcs8._.js:776
[ 7313135ms] [LOG] [Fast Refresh] done in 349ms @ http://localhost:3000/_next/static/chunks/node_modules_next_dist_1e8vcs8._.js:776
[ 7313201ms] [LOG] [Fast Refresh] done in 349ms @ http://localhost:3000/_next/static/chunks/node_modules_next_dist_1e8vcs8._.js:776
[ 7313254ms] [LOG] [Fast Refresh] done in 349ms @ http://localhost:3000/_next/static/chunks/node_modules_next_dist_1e8vcs8._.js:776
[ 7313323ms] [LOG] [Fast Refresh] done in 349ms @ http://localhost:3000/_next/static/chunks/node_modules_next_dist_1e8vcs8._.js:776
[ 7313386ms] [LOG] [Fast Refresh] done in 349ms @ http://localhost:3000/_next/static/chunks/node_modules_next_dist_1e8vcs8._.js:776
[ 7313440ms] [LOG] [Fast Refresh] done in 349ms @ http://localhost:3000/_next/static/chunks/node_modules_next_dist_1e8vcs8._.js:776
[ 7313503ms] [LOG] [Fast Refresh] done in 349ms @ http://localhost:3000/_next/static/chunks/node_modules_next_dist_1e8vcs8._.js:776
[ 7313587ms] [LOG] [Fast Refresh] done in 349ms @ http://localhost:3000/_next/static/chunks/node_modules_next_dist_1e8vcs8._.js:776
[ 7313657ms] [LOG] [Fast Refresh] done in 349ms @ http://localhost:3000/_next/static/chunks/node_modules_next_dist_1e8vcs8._.js:776
[ 7313723ms] [LOG] [Fast Refresh] done in 349ms @ http://localhost:3000/_next/static/chunks/node_modules_next_dist_1e8vcs8._.js:776
[ 7313772ms] [LOG] [Fast Refresh] done in 349ms @ http://localhost:3000/_next/static/chunks/node_modules_next_dist_1e8vcs8._.js:776
[ 7313842ms] [LOG] [Fast Refresh] done in 349ms @ http://localhost:3000/_next/static/chunks/node_modules_next_dist_1e8vcs8._.js:776
[ 7313905ms] [LOG] [Fast Refresh] done in 349ms @ http://localhost:3000/_next/static/chunks/node_modules_next_dist_1e8vcs8._.js:776
[ 7313972ms] [LOG] [Fast Refresh] done in 349ms @ http://localhost:3000/_next/static/chunks/node_modules_next_dist_1e8vcs8._.js:776
[ 7314031ms] [LOG] [Fast Refresh] done in 349ms @ http://localhost:3000/_next/static/chunks/node_modules_next_dist_1e8vcs8._.js:776
[ 7314098ms] [LOG] [Fast Refresh] done in 349ms @ http://localhost:3000/_next/static/chunks/node_modules_next_dist_1e8vcs8._.js:776
[ 7314154ms] [LOG] [Fast Refresh] done in 349ms @ http://localhost:3000/_next/static/chunks/node_modules_next_dist_1e8vcs8._.js:776
[ 7314207ms] [LOG] [Fast Refresh] done in 349ms @ http://localhost:3000/_next/static/chunks/node_modules_next_dist_1e8vcs8._.js:776
[ 7314269ms] [LOG] [Fast Refresh] done in 349ms @ http://localhost:3000/_next/static/chunks/node_modules_next_dist_1e8vcs8._.js:776
[ 7314331ms] [LOG] [Fast Refresh] done in 349ms @ http://localhost:3000/_next/static/chunks/node_modules_next_dist_1e8vcs8._.js:776
[ 7314389ms] [LOG] [Fast Refresh] done in 349ms @ http://localhost:3000/_next/static/chunks/node_modules_next_dist_1e8vcs8._.js:776
[ 7314457ms] [LOG] [Fast Refresh] done in 349ms @ http://localhost:3000/_next/static/chunks/node_modules_next_dist_1e8vcs8._.js:776
[ 7314520ms] [LOG] [Fast Refresh] done in 349ms @ http://localhost:3000/_next/static/chunks/node_modules_next_dist_1e8vcs8._.js:776
[ 7314582ms] [LOG] [Fast Refresh] done in 349ms @ http://localhost:3000/_next/static/chunks/node_modules_next_dist_1e8vcs8._.js:776
[ 7314637ms] [LOG] [Fast Refresh] done in 349ms @ http://localhost:3000/_next/static/chunks/node_modules_next_dist_1e8vcs8._.js:776
[ 7314698ms] [LOG] [Fast Refresh] done in 349ms @ http://localhost:3000/_next/static/chunks/node_modules_next_dist_1e8vcs8._.js:776
[ 7314756ms] [LOG] [Fast Refresh] done in 349ms @ http://localhost:3000/_next/static/chunks/node_modules_next_dist_1e8vcs8._.js:776
[ 7314820ms] [LOG] [Fast Refresh] done in 349ms @ http://localhost:3000/_next/static/chunks/node_modules_next_dist_1e8vcs8._.js:776
[ 7314874ms] [LOG] [Fast Refresh] done in 349ms @ http://localhost:3000/_next/static/chunks/node_modules_next_dist_1e8vcs8._.js:776
[ 7314937ms] [LOG] [Fast Refresh] done in 349ms @ http://localhost:3000/_next/static/chunks/node_modules_next_dist_1e8vcs8._.js:776
[ 7314990ms] [LOG] [Fast Refresh] done in 349ms @ http://localhost:3000/_next/static/chunks/node_modules_next_dist_1e8vcs8._.js:776
[ 7315053ms] [LOG] [Fast Refresh] done in 349ms @ http://localhost:3000/_next/static/chunks/node_modules_next_dist_1e8vcs8._.js:776
[ 7315116ms] [LOG] [Fast Refresh] done in 349ms @ http://localhost:3000/_next/static/chunks/node_modules_next_dist_1e8vcs8._.js:776
[ 7315171ms] [LOG] [Fast Refresh] done in 349ms @ http://localhost:3000/_next/static/chunks/node_modules_next_dist_1e8vcs8._.js:776
[ 7315231ms] [LOG] [Fast Refresh] done in 349ms @ http://localhost:3000/_next/static/chunks/node_modules_next_dist_1e8vcs8._.js:776
[ 7315289ms] [LOG] [Fast Refresh] done in 349ms @ http://localhost:3000/_next/static/chunks/node_modules_next_dist_1e8vcs8._.js:776
[ 7315352ms] [LOG] [Fast Refresh] done in 349ms @ http://localhost:3000/_next/static/chunks/node_modules_next_dist_1e8vcs8._.js:776
[ 7315415ms] [LOG] [Fast Refresh] done in 349ms @ http://localhost:3000/_next/static/chunks/node_modules_next_dist_1e8vcs8._.js:776
[ 7315471ms] [LOG] [Fast Refresh] done in 349ms @ http://localhost:3000/_next/static/chunks/node_modules_next_dist_1e8vcs8._.js:776
[ 7315535ms] [LOG] [Fast Refresh] done in 349ms @ http://localhost:3000/_next/static/chunks/node_modules_next_dist_1e8vcs8._.js:776
[ 7315590ms] [LOG] [Fast Refresh] done in 349ms @ http://localhost:3000/_next/static/chunks/node_modules_next_dist_1e8vcs8._.js:776
[ 7315653ms] [LOG] [Fast Refresh] done in 349ms @ http://localhost:3000/_next/static/chunks/node_modules_next_dist_1e8vcs8._.js:776
[ 7315714ms] [LOG] [Fast Refresh] done in 349ms @ http://localhost:3000/_next/static/chunks/node_modules_next_dist_1e8vcs8._.js:776
[ 7315771ms] [LOG] [Fast Refresh] done in 349ms @ http://localhost:3000/_next/static/chunks/node_modules_next_dist_1e8vcs8._.js:776
[ 7315837ms] [LOG] [Fast Refresh] done in 349ms @ http://localhost:3000/_next/static/chunks/node_modules_next_dist_1e8vcs8._.js:776
[ 7315900ms] [LOG] [Fast Refresh] done in 349ms @ http://localhost:3000/_next/static/chunks/node_modules_next_dist_1e8vcs8._.js:776
[ 7315956ms] [LOG] [Fast Refresh] done in 349ms @ http://localhost:3000/_next/static/chunks/node_modules_next_dist_1e8vcs8._.js:776
[ 7316021ms] [LOG] [Fast Refresh] done in 349ms @ http://localhost:3000/_next/static/chunks/node_modules_next_dist_1e8vcs8._.js:776
[ 7316084ms] [LOG] [Fast Refresh] done in 349ms @ http://localhost:3000/_next/static/chunks/node_modules_next_dist_1e8vcs8._.js:776
[ 7316147ms] [LOG] [Fast Refresh] done in 349ms @ http://localhost:3000/_next/static/chunks/node_modules_next_dist_1e8vcs8._.js:776
[ 7316201ms] [LOG] [Fast Refresh] done in 349ms @ http://localhost:3000/_next/static/chunks/node_modules_next_dist_1e8vcs8._.js:776
[ 7316255ms] [LOG] [Fast Refresh] done in 349ms @ http://localhost:3000/_next/static/chunks/node_modules_next_dist_1e8vcs8._.js:776
[ 7316319ms] [LOG] [Fast Refresh] done in 349ms @ http://localhost:3000/_next/static/chunks/node_modules_next_dist_1e8vcs8._.js:776
[ 7316381ms] [LOG] [Fast Refresh] done in 349ms @ http://localhost:3000/_next/static/chunks/node_modules_next_dist_1e8vcs8._.js:776
[ 7316438ms] [LOG] [Fast Refresh] done in 349ms @ http://localhost:3000/_next/static/chunks/node_modules_next_dist_1e8vcs8._.js:776
[ 7316502ms] [LOG] [Fast Refresh] done in 349ms @ http://localhost:3000/_next/static/chunks/node_modules_next_dist_1e8vcs8._.js:776
[ 7316564ms] [LOG] [Fast Refresh] done in 349ms @ http://localhost:3000/_next/static/chunks/node_modules_next_dist_1e8vcs8._.js:776
[ 7316623ms] [LOG] [Fast Refresh] done in 349ms @ http://localhost:3000/_next/static/chunks/node_modules_next_dist_1e8vcs8._.js:776
[ 7316673ms] [LOG] [Fast Refresh] done in 349ms @ http://localhost:3000/_next/static/chunks/node_modules_next_dist_1e8vcs8._.js:776
[ 7316736ms] [LOG] [Fast Refresh] done in 349ms @ http://localhost:3000/_next/static/chunks/node_modules_next_dist_1e8vcs8._.js:776
[ 7316790ms] [LOG] [Fast Refresh] done in 349ms @ http://localhost:3000/_next/static/chunks/node_modules_next_dist_1e8vcs8._.js:776
[ 7316865ms] [LOG] [Fast Refresh] done in 349ms @ http://localhost:3000/_next/static/chunks/node_modules_next_dist_1e8vcs8._.js:776
[ 7316921ms] [LOG] [Fast Refresh] done in 349ms @ http://localhost:3000/_next/static/chunks/node_modules_next_dist_1e8vcs8._.js:776
[ 7316984ms] [LOG] [Fast Refresh] done in 349ms @ http://localhost:3000/_next/static/chunks/node_modules_next_dist_1e8vcs8._.js:776
[ 7317047ms] [LOG] [Fast Refresh] done in 349ms @ http://localhost:3000/_next/static/chunks/node_modules_next_dist_1e8vcs8._.js:776
[ 7317102ms] [LOG] [Fast Refresh] done in 349ms @ http://localhost:3000/_next/static/chunks/node_modules_next_dist_1e8vcs8._.js:776
[ 7317157ms] [LOG] [Fast Refresh] done in 349ms @ http://localhost:3000/_next/static/chunks/node_modules_next_dist_1e8vcs8._.js:776
[ 7317216ms] [LOG] [Fast Refresh] done in 349ms @ http://localhost:3000/_next/static/chunks/node_modules_next_dist_1e8vcs8._.js:776
[ 7317273ms] [LOG] [Fast Refresh] done in 349ms @ http://localhost:3000/_next/static/chunks/node_modules_next_dist_1e8vcs8._.js:776
[ 7317341ms] [LOG] [Fast Refresh] done in 349ms @ http://localhost:3000/_next/static/chunks/node_modules_next_dist_1e8vcs8._.js:776
[ 7317399ms] [LOG] [Fast Refresh] done in 349ms @ http://localhost:3000/_next/static/chunks/node_modules_next_dist_1e8vcs8._.js:776
[ 7317465ms] [LOG] [Fast Refresh] done in 349ms @ http://localhost:3000/_next/static/chunks/node_modules_next_dist_1e8vcs8._.js:776
[ 7317516ms] [LOG] [Fast Refresh] done in 349ms @ http://localhost:3000/_next/static/chunks/node_modules_next_dist_1e8vcs8._.js:776
[ 7317572ms] [LOG] [Fast Refresh] done in 349ms @ http://localhost:3000/_next/static/chunks/node_modules_next_dist_1e8vcs8._.js:776
[ 7317648ms] [LOG] [Fast Refresh] done in 349ms @ http://localhost:3000/_next/static/chunks/node_modules_next_dist_1e8vcs8._.js:776
[ 7317705ms] [LOG] [Fast Refresh] done in 349ms @ http://localhost:3000/_next/static/chunks/node_modules_next_dist_1e8vcs8._.js:776
[ 7317765ms] [LOG] [Fast Refresh] done in 349ms @ http://localhost:3000/_next/static/chunks/node_modules_next_dist_1e8vcs8._.js:776
[ 7317849ms] [LOG] [Fast Refresh] done in 349ms @ http://localhost:3000/_next/static/chunks/node_modules_next_dist_1e8vcs8._.js:776
[ 7317907ms] [LOG] [Fast Refresh] done in 349ms @ http://localhost:3000/_next/static/chunks/node_modules_next_dist_1e8vcs8._.js:776
[ 7317970ms] [LOG] [Fast Refresh] done in 349ms @ http://localhost:3000/_next/static/chunks/node_modules_next_dist_1e8vcs8._.js:776
[ 7318032ms] [LOG] [Fast Refresh] done in 349ms @ http://localhost:3000/_next/static/chunks/node_modules_next_dist_1e8vcs8._.js:776
[ 7318083ms] [LOG] [Fast Refresh] done in 349ms @ http://localhost:3000/_next/static/chunks/node_modules_next_dist_1e8vcs8._.js:776
[ 7318145ms] [LOG] [Fast Refresh] done in 349ms @ http://localhost:3000/_next/static/chunks/node_modules_next_dist_1e8vcs8._.js:776
[ 7318207ms] [LOG] [Fast Refresh] done in 349ms @ http://localhost:3000/_next/static/chunks/node_modules_next_dist_1e8vcs8._.js:776
[ 7318269ms] [LOG] [Fast Refresh] done in 349ms @ http://localhost:3000/_next/static/chunks/node_modules_next_dist_1e8vcs8._.js:776
[ 7318331ms] [LOG] [Fast Refresh] done in 349ms @ http://localhost:3000/_next/static/chunks/node_modules_next_dist_1e8vcs8._.js:776
[ 7318389ms] [LOG] [Fast Refresh] done in 349ms @ http://localhost:3000/_next/static/chunks/node_modules_next_dist_1e8vcs8._.js:776
[ 7318453ms] [LOG] [Fast Refresh] done in 349ms @ http://localhost:3000/_next/static/chunks/node_modules_next_dist_1e8vcs8._.js:776
[ 7318514ms] [LOG] [Fast Refresh] done in 349ms @ http://localhost:3000/_next/static/chunks/node_modules_next_dist_1e8vcs8._.js:776
[ 7318573ms] [LOG] [Fast Refresh] done in 349ms @ http://localhost:3000/_next/static/chunks/node_modules_next_dist_1e8vcs8._.js:776
[ 7318636ms] [LOG] [Fast Refresh] done in 349ms @ http://localhost:3000/_next/static/chunks/node_modules_next_dist_1e8vcs8._.js:776
[ 7318707ms] [LOG] [Fast Refresh] done in 349ms @ http://localhost:3000/_next/static/chunks/node_modules_next_dist_1e8vcs8._.js:776
[ 7318769ms] [LOG] [Fast Refresh] done in 349ms @ http://localhost:3000/_next/static/chunks/node_modules_next_dist_1e8vcs8._.js:776
[ 7318832ms] [LOG] [Fast Refresh] done in 349ms @ http://localhost:3000/_next/static/chunks/node_modules_next_dist_1e8vcs8._.js:776
[ 7318890ms] [LOG] [Fast Refresh] done in 349ms @ http://localhost:3000/_next/static/chunks/node_modules_next_dist_1e8vcs8._.js:776
[ 7318956ms] [LOG] [Fast Refresh] done in 349ms @ http://localhost:3000/_next/static/chunks/node_modules_next_dist_1e8vcs8._.js:776
[ 7319018ms] [LOG] [Fast Refresh] done in 349ms @ http://localhost:3000/_next/static/chunks/node_modules_next_dist_1e8vcs8._.js:776
[ 7319225ms] [LOG] [Fast Refresh] rebuilding @ http://localhost:3000/_next/static/chunks/node_modules_next_dist_1e8vcs8._.js:776
[ 7319372ms] [ERROR] ./components/landing/LeaderboardSection.tsx:181:14
Error: Expected '</', got 'jsx text'
  179 |           View Full Leaderboard →
  180 |         </p>
> 181 |       </Card>
      |              ^^^^^^^^^^^^^^^^^^^^^^^^^^^^^^^^^^^^^^^^^^^^^^^^^^^^^^^^^^^^^^^^^^^^^^^^^^^^^^^^^^^^
> 182 |     </section>
      | ^^^^
  183 |   );
  184 | }
  185 |

Parsing ecmascript source code failed

Import trace:
  Server Component:
    ./components/landing/LeaderboardSection.tsx
    ./app/page.tsx @ http://localhost:3000/_next/static/chunks/node_modules_next_dist_1e8vcs8._.js:1052
[ 7319494ms] [ERROR] ./components/landing/LeaderboardSection.tsx:181:14
Error: Expected '</', got 'jsx text'
  179 |           View Full Leaderboard →
  180 |         </p>
> 181 |       </Card>
      |              ^^^^^^^^^^^^^^^^^^^^^^^^^^^^^^^^^^^^^^^^^^^^^^^^^^^^^^^^^^^^^^^^^^^^^^^^^^^^^^^^^^^^
> 182 |     </section>
      | ^^^^
  183 |   );
  184 | }
  185 |

Parsing ecmascript source code failed

Import trace:
  Server Component:
    ./components/landing/LeaderboardSection.tsx
    ./app/page.tsx @ http://localhost:3000/_next/static/chunks/node_modules_next_dist_1e8vcs8._.js:1052
[ 7319529ms] [ERROR] ./components/landing/LeaderboardSection.tsx:181:14
Error: Expected '</', got 'jsx text'
  179 |           View Full Leaderboard →
  180 |         </p>
> 181 |       </Card>
      |              ^^^^^^^^^^^^^^^^^^^^^^^^^^^^^^^^^^^^^^^^^^^^^^^^^^^^^^^^^^^^^^^^^^^^^^^^^^^^^^^^^^^^
> 182 |     </section>
      | ^^^^
  183 |   );
  184 | }
  185 |

Parsing ecmascript source code failed

Import trace:
  Server Component:
    ./components/landing/LeaderboardSection.tsx
    ./app/page.tsx @ http://localhost:3000/_next/static/chunks/node_modules_next_dist_1e8vcs8._.js:1052
[ 7319603ms] [ERROR] ./components/landing/LeaderboardSection.tsx:181:14
Error: Expected '</', got 'jsx text'
  179 |           View Full Leaderboard →
  180 |         </p>
> 181 |       </Card>
      |              ^^^^^^^^^^^^^^^^^^^^^^^^^^^^^^^^^^^^^^^^^^^^^^^^^^^^^^^^^^^^^^^^^^^^^^^^^^^^^^^^^^^^
> 182 |     </section>
      | ^^^^
  183 |   );
  184 | }
  185 |

Parsing ecmascript source code failed

Import trace:
  Server Component:
    ./components/landing/LeaderboardSection.tsx
    ./app/page.tsx @ http://localhost:3000/_next/static/chunks/node_modules_next_dist_1e8vcs8._.js:1052
[ 7319660ms] [ERROR] ./components/landing/LeaderboardSection.tsx:181:14
Error: Expected '</', got 'jsx text'
  179 |           View Full Leaderboard →
  180 |         </p>
> 181 |       </Card>
      |              ^^^^^^^^^^^^^^^^^^^^^^^^^^^^^^^^^^^^^^^^^^^^^^^^^^^^^^^^^^^^^^^^^^^^^^^^^^^^^^^^^^^^
> 182 |     </section>
      | ^^^^
  183 |   );
  184 | }
  185 |

Parsing ecmascript source code failed

Import trace:
  Server Component:
    ./components/landing/LeaderboardSection.tsx
    ./app/page.tsx @ http://localhost:3000/_next/static/chunks/node_modules_next_dist_1e8vcs8._.js:1052
[ 7319722ms] [ERROR] ./components/landing/LeaderboardSection.tsx:181:14
Error: Expected '</', got 'jsx text'
  179 |           View Full Leaderboard →
  180 |         </p>
> 181 |       </Card>
      |              ^^^^^^^^^^^^^^^^^^^^^^^^^^^^^^^^^^^^^^^^^^^^^^^^^^^^^^^^^^^^^^^^^^^^^^^^^^^^^^^^^^^^
> 182 |     </section>
      | ^^^^
  183 |   );
  184 | }
  185 |

Parsing ecmascript source code failed

Import trace:
  Server Component:
    ./components/landing/LeaderboardSection.tsx
    ./app/page.tsx @ http://localhost:3000/_next/static/chunks/node_modules_next_dist_1e8vcs8._.js:1052
[ 7319803ms] [ERROR] ./components/landing/LeaderboardSection.tsx:181:14
Error: Expected '</', got 'jsx text'
  179 |           View Full Leaderboard →
  180 |         </p>
> 181 |       </Card>
      |              ^^^^^^^^^^^^^^^^^^^^^^^^^^^^^^^^^^^^^^^^^^^^^^^^^^^^^^^^^^^^^^^^^^^^^^^^^^^^^^^^^^^^
> 182 |     </section>
      | ^^^^
  183 |   );
  184 | }
  185 |

Parsing ecmascript source code failed

Import trace:
  Server Component:
    ./components/landing/LeaderboardSection.tsx
    ./app/page.tsx @ http://localhost:3000/_next/static/chunks/node_modules_next_dist_1e8vcs8._.js:1052
[ 7319874ms] [ERROR] ./components/landing/LeaderboardSection.tsx:181:14
Error: Expected '</', got 'jsx text'
  179 |           View Full Leaderboard →
  180 |         </p>
> 181 |       </Card>
      |              ^^^^^^^^^^^^^^^^^^^^^^^^^^^^^^^^^^^^^^^^^^^^^^^^^^^^^^^^^^^^^^^^^^^^^^^^^^^^^^^^^^^^
> 182 |     </section>
      | ^^^^
  183 |   );
  184 | }
  185 |

Parsing ecmascript source code failed

Import trace:
  Server Component:
    ./components/landing/LeaderboardSection.tsx
    ./app/page.tsx @ http://localhost:3000/_next/static/chunks/node_modules_next_dist_1e8vcs8._.js:1052
[ 7319929ms] [ERROR] ./components/landing/LeaderboardSection.tsx:181:14
Error: Expected '</', got 'jsx text'
  179 |           View Full Leaderboard →
  180 |         </p>
> 181 |       </Card>
      |              ^^^^^^^^^^^^^^^^^^^^^^^^^^^^^^^^^^^^^^^^^^^^^^^^^^^^^^^^^^^^^^^^^^^^^^^^^^^^^^^^^^^^
> 182 |     </section>
      | ^^^^
  183 |   );
  184 | }
  185 |

Parsing ecmascript source code failed

Import trace:
  Server Component:
    ./components/landing/LeaderboardSection.tsx
    ./app/page.tsx @ http://localhost:3000/_next/static/chunks/node_modules_next_dist_1e8vcs8._.js:1052
[ 7319988ms] [ERROR] ./components/landing/LeaderboardSection.tsx:181:14
Error: Expected '</', got 'jsx text'
  179 |           View Full Leaderboard →
  180 |         </p>
> 181 |       </Card>
      |              ^^^^^^^^^^^^^^^^^^^^^^^^^^^^^^^^^^^^^^^^^^^^^^^^^^^^^^^^^^^^^^^^^^^^^^^^^^^^^^^^^^^^
> 182 |     </section>
      | ^^^^
  183 |   );
  184 | }
  185 |

Parsing ecmascript source code failed

Import trace:
  Server Component:
    ./components/landing/LeaderboardSection.tsx
    ./app/page.tsx @ http://localhost:3000/_next/static/chunks/node_modules_next_dist_1e8vcs8._.js:1052
[ 7320060ms] [ERROR] ./components/landing/LeaderboardSection.tsx:181:14
Error: Expected '</', got 'jsx text'
  179 |           View Full Leaderboard →
  180 |         </p>
> 181 |       </Card>
      |              ^^^^^^^^^^^^^^^^^^^^^^^^^^^^^^^^^^^^^^^^^^^^^^^^^^^^^^^^^^^^^^^^^^^^^^^^^^^^^^^^^^^^
> 182 |     </section>
      | ^^^^
  183 |   );
  184 | }
  185 |

Parsing ecmascript source code failed

Import trace:
  Server Component:
    ./components/landing/LeaderboardSection.tsx
    ./app/page.tsx @ http://localhost:3000/_next/static/chunks/node_modules_next_dist_1e8vcs8._.js:1052
[ 7320117ms] [ERROR] ./components/landing/LeaderboardSection.tsx:181:14
Error: Expected '</', got 'jsx text'
  179 |           View Full Leaderboard →
  180 |         </p>
> 181 |       </Card>
      |              ^^^^^^^^^^^^^^^^^^^^^^^^^^^^^^^^^^^^^^^^^^^^^^^^^^^^^^^^^^^^^^^^^^^^^^^^^^^^^^^^^^^^
> 182 |     </section>
      | ^^^^
  183 |   );
  184 | }
  185 |

Parsing ecmascript source code failed

Import trace:
  Server Component:
    ./components/landing/LeaderboardSection.tsx
    ./app/page.tsx @ http://localhost:3000/_next/static/chunks/node_modules_next_dist_1e8vcs8._.js:1052
[ 7320182ms] [ERROR] ./components/landing/LeaderboardSection.tsx:181:14
Error: Expected '</', got 'jsx text'
  179 |           View Full Leaderboard →
  180 |         </p>
> 181 |       </Card>
      |              ^^^^^^^^^^^^^^^^^^^^^^^^^^^^^^^^^^^^^^^^^^^^^^^^^^^^^^^^^^^^^^^^^^^^^^^^^^^^^^^^^^^^
> 182 |     </section>
      | ^^^^
  183 |   );
  184 | }
  185 |

Parsing ecmascript source code failed

Import trace:
  Server Component:
    ./components/landing/LeaderboardSection.tsx
    ./app/page.tsx @ http://localhost:3000/_next/static/chunks/node_modules_next_dist_1e8vcs8._.js:1052
[ 7320261ms] [ERROR] ./components/landing/LeaderboardSection.tsx:181:14
Error: Expected '</', got 'jsx text'
  179 |           View Full Leaderboard →
  180 |         </p>
> 181 |       </Card>
      |              ^^^^^^^^^^^^^^^^^^^^^^^^^^^^^^^^^^^^^^^^^^^^^^^^^^^^^^^^^^^^^^^^^^^^^^^^^^^^^^^^^^^^
> 182 |     </section>
      | ^^^^
  183 |   );
  184 | }
  185 |

Parsing ecmascript source code failed

Import trace:
  Server Component:
    ./components/landing/LeaderboardSection.tsx
    ./app/page.tsx @ http://localhost:3000/_next/static/chunks/node_modules_next_dist_1e8vcs8._.js:1052
[ 7320323ms] [ERROR] ./components/landing/LeaderboardSection.tsx:181:14
Error: Expected '</', got 'jsx text'
  179 |           View Full Leaderboard →
  180 |         </p>
> 181 |       </Card>
      |              ^^^^^^^^^^^^^^^^^^^^^^^^^^^^^^^^^^^^^^^^^^^^^^^^^^^^^^^^^^^^^^^^^^^^^^^^^^^^^^^^^^^^
> 182 |     </section>
      | ^^^^
  183 |   );
  184 | }
  185 |

Parsing ecmascript source code failed

Import trace:
  Server Component:
    ./components/landing/LeaderboardSection.tsx
    ./app/page.tsx @ http://localhost:3000/_next/static/chunks/node_modules_next_dist_1e8vcs8._.js:1052
[ 7320387ms] [ERROR] ./components/landing/LeaderboardSection.tsx:181:14
Error: Expected '</', got 'jsx text'
  179 |           View Full Leaderboard →
  180 |         </p>
> 181 |       </Card>
      |              ^^^^^^^^^^^^^^^^^^^^^^^^^^^^^^^^^^^^^^^^^^^^^^^^^^^^^^^^^^^^^^^^^^^^^^^^^^^^^^^^^^^^
> 182 |     </section>
      | ^^^^
  183 |   );
  184 | }
  185 |

Parsing ecmascript source code failed

Import trace:
  Server Component:
    ./components/landing/LeaderboardSection.tsx
    ./app/page.tsx @ http://localhost:3000/_next/static/chunks/node_modules_next_dist_1e8vcs8._.js:1052
[ 7320465ms] [ERROR] ./components/landing/LeaderboardSection.tsx:181:14
Error: Expected '</', got 'jsx text'
  179 |           View Full Leaderboard →
  180 |         </p>
> 181 |       </Card>
      |              ^^^^^^^^^^^^^^^^^^^^^^^^^^^^^^^^^^^^^^^^^^^^^^^^^^^^^^^^^^^^^^^^^^^^^^^^^^^^^^^^^^^^
> 182 |     </section>
      | ^^^^
  183 |   );
  184 | }
  185 |

Parsing ecmascript source code failed

Import trace:
  Server Component:
    ./components/landing/LeaderboardSection.tsx
    ./app/page.tsx @ http://localhost:3000/_next/static/chunks/node_modules_next_dist_1e8vcs8._.js:1052
[ 7320523ms] [ERROR] ./components/landing/LeaderboardSection.tsx:181:14
Error: Expected '</', got 'jsx text'
  179 |           View Full Leaderboard →
  180 |         </p>
> 181 |       </Card>
      |              ^^^^^^^^^^^^^^^^^^^^^^^^^^^^^^^^^^^^^^^^^^^^^^^^^^^^^^^^^^^^^^^^^^^^^^^^^^^^^^^^^^^^
> 182 |     </section>
      | ^^^^
  183 |   );
  184 | }
  185 |

Parsing ecmascript source code failed

Import trace:
  Server Component:
    ./components/landing/LeaderboardSection.tsx
    ./app/page.tsx @ http://localhost:3000/_next/static/chunks/node_modules_next_dist_1e8vcs8._.js:1052
[ 7320590ms] [ERROR] ./components/landing/LeaderboardSection.tsx:181:14
Error: Expected '</', got 'jsx text'
  179 |           View Full Leaderboard →
  180 |         </p>
> 181 |       </Card>
      |              ^^^^^^^^^^^^^^^^^^^^^^^^^^^^^^^^^^^^^^^^^^^^^^^^^^^^^^^^^^^^^^^^^^^^^^^^^^^^^^^^^^^^
> 182 |     </section>
      | ^^^^
  183 |   );
  184 | }
  185 |

Parsing ecmascript source code failed

Import trace:
  Server Component:
    ./components/landing/LeaderboardSection.tsx
    ./app/page.tsx @ http://localhost:3000/_next/static/chunks/node_modules_next_dist_1e8vcs8._.js:1052
[ 7320650ms] [ERROR] ./components/landing/LeaderboardSection.tsx:181:14
Error: Expected '</', got 'jsx text'
  179 |           View Full Leaderboard →
  180 |         </p>
> 181 |       </Card>
      |              ^^^^^^^^^^^^^^^^^^^^^^^^^^^^^^^^^^^^^^^^^^^^^^^^^^^^^^^^^^^^^^^^^^^^^^^^^^^^^^^^^^^^
> 182 |     </section>
      | ^^^^
  183 |   );
  184 | }
  185 |

Parsing ecmascript source code failed

Import trace:
  Server Component:
    ./components/landing/LeaderboardSection.tsx
    ./app/page.tsx @ http://localhost:3000/_next/static/chunks/node_modules_next_dist_1e8vcs8._.js:1052
[ 7320722ms] [ERROR] ./components/landing/LeaderboardSection.tsx:181:14
Error: Expected '</', got 'jsx text'
  179 |           View Full Leaderboard →
  180 |         </p>
> 181 |       </Card>
      |              ^^^^^^^^^^^^^^^^^^^^^^^^^^^^^^^^^^^^^^^^^^^^^^^^^^^^^^^^^^^^^^^^^^^^^^^^^^^^^^^^^^^^
> 182 |     </section>
      | ^^^^
  183 |   );
  184 | }
  185 |

Parsing ecmascript source code failed

Import trace:
  Server Component:
    ./components/landing/LeaderboardSection.tsx
    ./app/page.tsx @ http://localhost:3000/_next/static/chunks/node_modules_next_dist_1e8vcs8._.js:1052
[ 7320800ms] [ERROR] ./components/landing/LeaderboardSection.tsx:181:14
Error: Expected '</', got 'jsx text'
  179 |           View Full Leaderboard →
  180 |         </p>
> 181 |       </Card>
      |              ^^^^^^^^^^^^^^^^^^^^^^^^^^^^^^^^^^^^^^^^^^^^^^^^^^^^^^^^^^^^^^^^^^^^^^^^^^^^^^^^^^^^
> 182 |     </section>
      | ^^^^
  183 |   );
  184 | }
  185 |

Parsing ecmascript source code failed

Import trace:
  Server Component:
    ./components/landing/LeaderboardSection.tsx
    ./app/page.tsx @ http://localhost:3000/_next/static/chunks/node_modules_next_dist_1e8vcs8._.js:1052
[ 7320857ms] [ERROR] ./components/landing/LeaderboardSection.tsx:181:14
Error: Expected '</', got 'jsx text'
  179 |           View Full Leaderboard →
  180 |         </p>
> 181 |       </Card>
      |              ^^^^^^^^^^^^^^^^^^^^^^^^^^^^^^^^^^^^^^^^^^^^^^^^^^^^^^^^^^^^^^^^^^^^^^^^^^^^^^^^^^^^
> 182 |     </section>
      | ^^^^
  183 |   );
  184 | }
  185 |

Parsing ecmascript source code failed

Import trace:
  Server Component:
    ./components/landing/LeaderboardSection.tsx
    ./app/page.tsx @ http://localhost:3000/_next/static/chunks/node_modules_next_dist_1e8vcs8._.js:1052
[ 7320920ms] [ERROR] ./components/landing/LeaderboardSection.tsx:181:14
Error: Expected '</', got 'jsx text'
  179 |           View Full Leaderboard →
  180 |         </p>
> 181 |       </Card>
      |              ^^^^^^^^^^^^^^^^^^^^^^^^^^^^^^^^^^^^^^^^^^^^^^^^^^^^^^^^^^^^^^^^^^^^^^^^^^^^^^^^^^^^
> 182 |     </section>
      | ^^^^
  183 |   );
  184 | }
  185 |

Parsing ecmascript source code failed

Import trace:
  Server Component:
    ./components/landing/LeaderboardSection.tsx
    ./app/page.tsx @ http://localhost:3000/_next/static/chunks/node_modules_next_dist_1e8vcs8._.js:1052
[ 7320984ms] [ERROR] ./components/landing/LeaderboardSection.tsx:181:14
Error: Expected '</', got 'jsx text'
  179 |           View Full Leaderboard →
  180 |         </p>
> 181 |       </Card>
      |              ^^^^^^^^^^^^^^^^^^^^^^^^^^^^^^^^^^^^^^^^^^^^^^^^^^^^^^^^^^^^^^^^^^^^^^^^^^^^^^^^^^^^
> 182 |     </section>
      | ^^^^
  183 |   );
  184 | }
  185 |

Parsing ecmascript source code failed

Import trace:
  Server Component:
    ./components/landing/LeaderboardSection.tsx
    ./app/page.tsx @ http://localhost:3000/_next/static/chunks/node_modules_next_dist_1e8vcs8._.js:1052
[ 7321052ms] [ERROR] ./components/landing/LeaderboardSection.tsx:181:14
Error: Expected '</', got 'jsx text'
  179 |           View Full Leaderboard →
  180 |         </p>
> 181 |       </Card>
      |              ^^^^^^^^^^^^^^^^^^^^^^^^^^^^^^^^^^^^^^^^^^^^^^^^^^^^^^^^^^^^^^^^^^^^^^^^^^^^^^^^^^^^
> 182 |     </section>
      | ^^^^
  183 |   );
  184 | }
  185 |

Parsing ecmascript source code failed

Import trace:
  Server Component:
    ./components/landing/LeaderboardSection.tsx
    ./app/page.tsx @ http://localhost:3000/_next/static/chunks/node_modules_next_dist_1e8vcs8._.js:1052
[ 7321124ms] [ERROR] ./components/landing/LeaderboardSection.tsx:181:14
Error: Expected '</', got 'jsx text'
  179 |           View Full Leaderboard →
  180 |         </p>
> 181 |       </Card>
      |              ^^^^^^^^^^^^^^^^^^^^^^^^^^^^^^^^^^^^^^^^^^^^^^^^^^^^^^^^^^^^^^^^^^^^^^^^^^^^^^^^^^^^
> 182 |     </section>
      | ^^^^
  183 |   );
  184 | }
  185 |

Parsing ecmascript source code failed

Import trace:
  Server Component:
    ./components/landing/LeaderboardSection.tsx
    ./app/page.tsx @ http://localhost:3000/_next/static/chunks/node_modules_next_dist_1e8vcs8._.js:1052
[ 7321202ms] [ERROR] ./components/landing/LeaderboardSection.tsx:181:14
Error: Expected '</', got 'jsx text'
  179 |           View Full Leaderboard →
  180 |         </p>
> 181 |       </Card>
      |              ^^^^^^^^^^^^^^^^^^^^^^^^^^^^^^^^^^^^^^^^^^^^^^^^^^^^^^^^^^^^^^^^^^^^^^^^^^^^^^^^^^^^
> 182 |     </section>
      | ^^^^
  183 |   );
  184 | }
  185 |

Parsing ecmascript source code failed

Import trace:
  Server Component:
    ./components/landing/LeaderboardSection.tsx
    ./app/page.tsx @ http://localhost:3000/_next/static/chunks/node_modules_next_dist_1e8vcs8._.js:1052
[ 7321282ms] [ERROR] ./components/landing/LeaderboardSection.tsx:181:14
Error: Expected '</', got 'jsx text'
  179 |           View Full Leaderboard →
  180 |         </p>
> 181 |       </Card>
      |              ^^^^^^^^^^^^^^^^^^^^^^^^^^^^^^^^^^^^^^^^^^^^^^^^^^^^^^^^^^^^^^^^^^^^^^^^^^^^^^^^^^^^
> 182 |     </section>
      | ^^^^
  183 |   );
  184 | }
  185 |

Parsing ecmascript source code failed

Import trace:
  Server Component:
    ./components/landing/LeaderboardSection.tsx
    ./app/page.tsx @ http://localhost:3000/_next/static/chunks/node_modules_next_dist_1e8vcs8._.js:1052
[ 7321351ms] [ERROR] ./components/landing/LeaderboardSection.tsx:181:14
Error: Expected '</', got 'jsx text'
  179 |           View Full Leaderboard →
  180 |         </p>
> 181 |       </Card>
      |              ^^^^^^^^^^^^^^^^^^^^^^^^^^^^^^^^^^^^^^^^^^^^^^^^^^^^^^^^^^^^^^^^^^^^^^^^^^^^^^^^^^^^
> 182 |     </section>
      | ^^^^
  183 |   );
  184 | }
  185 |

Parsing ecmascript source code failed

Import trace:
  Server Component:
    ./components/landing/LeaderboardSection.tsx
    ./app/page.tsx @ http://localhost:3000/_next/static/chunks/node_modules_next_dist_1e8vcs8._.js:1052
[ 7321433ms] [ERROR] ./components/landing/LeaderboardSection.tsx:181:14
Error: Expected '</', got 'jsx text'
  179 |           View Full Leaderboard →
  180 |         </p>
> 181 |       </Card>
      |              ^^^^^^^^^^^^^^^^^^^^^^^^^^^^^^^^^^^^^^^^^^^^^^^^^^^^^^^^^^^^^^^^^^^^^^^^^^^^^^^^^^^^
> 182 |     </section>
      | ^^^^
  183 |   );
  184 | }
  185 |

Parsing ecmascript source code failed

Import trace:
  Server Component:
    ./components/landing/LeaderboardSection.tsx
    ./app/page.tsx @ http://localhost:3000/_next/static/chunks/node_modules_next_dist_1e8vcs8._.js:1052
[ 7321503ms] [ERROR] ./components/landing/LeaderboardSection.tsx:181:14
Error: Expected '</', got 'jsx text'
  179 |           View Full Leaderboard →
  180 |         </p>
> 181 |       </Card>
      |              ^^^^^^^^^^^^^^^^^^^^^^^^^^^^^^^^^^^^^^^^^^^^^^^^^^^^^^^^^^^^^^^^^^^^^^^^^^^^^^^^^^^^
> 182 |     </section>
      | ^^^^
  183 |   );
  184 | }
  185 |

Parsing ecmascript source code failed

Import trace:
  Server Component:
    ./components/landing/LeaderboardSection.tsx
    ./app/page.tsx @ http://localhost:3000/_next/static/chunks/node_modules_next_dist_1e8vcs8._.js:1052
[ 7321574ms] [ERROR] ./components/landing/LeaderboardSection.tsx:181:14
Error: Expected '</', got 'jsx text'
  179 |           View Full Leaderboard →
  180 |         </p>
> 181 |       </Card>
      |              ^^^^^^^^^^^^^^^^^^^^^^^^^^^^^^^^^^^^^^^^^^^^^^^^^^^^^^^^^^^^^^^^^^^^^^^^^^^^^^^^^^^^
> 182 |     </section>
      | ^^^^
  183 |   );
  184 | }
  185 |

Parsing ecmascript source code failed

Import trace:
  Server Component:
    ./components/landing/LeaderboardSection.tsx
    ./app/page.tsx @ http://localhost:3000/_next/static/chunks/node_modules_next_dist_1e8vcs8._.js:1052
[ 7321640ms] [ERROR] ./components/landing/LeaderboardSection.tsx:181:14
Error: Expected '</', got 'jsx text'
  179 |           View Full Leaderboard →
  180 |         </p>
> 181 |       </Card>
      |              ^^^^^^^^^^^^^^^^^^^^^^^^^^^^^^^^^^^^^^^^^^^^^^^^^^^^^^^^^^^^^^^^^^^^^^^^^^^^^^^^^^^^
> 182 |     </section>
      | ^^^^
  183 |   );
  184 | }
  185 |

Parsing ecmascript source code failed

Import trace:
  Server Component:
    ./components/landing/LeaderboardSection.tsx
    ./app/page.tsx @ http://localhost:3000/_next/static/chunks/node_modules_next_dist_1e8vcs8._.js:1052
[ 7321691ms] [ERROR] ./components/landing/LeaderboardSection.tsx:181:14
Error: Expected '</', got 'jsx text'
  179 |           View Full Leaderboard →
  180 |         </p>
> 181 |       </Card>
      |              ^^^^^^^^^^^^^^^^^^^^^^^^^^^^^^^^^^^^^^^^^^^^^^^^^^^^^^^^^^^^^^^^^^^^^^^^^^^^^^^^^^^^
> 182 |     </section>
      | ^^^^
  183 |   );
  184 | }
  185 |

Parsing ecmascript source code failed

Import trace:
  Server Component:
    ./components/landing/LeaderboardSection.tsx
    ./app/page.tsx @ http://localhost:3000/_next/static/chunks/node_modules_next_dist_1e8vcs8._.js:1052
[ 7321750ms] [ERROR] ./components/landing/LeaderboardSection.tsx:181:14
Error: Expected '</', got 'jsx text'
  179 |           View Full Leaderboard →
  180 |         </p>
> 181 |       </Card>
      |              ^^^^^^^^^^^^^^^^^^^^^^^^^^^^^^^^^^^^^^^^^^^^^^^^^^^^^^^^^^^^^^^^^^^^^^^^^^^^^^^^^^^^
> 182 |     </section>
      | ^^^^
  183 |   );
  184 | }
  185 |

Parsing ecmascript source code failed

Import trace:
  Server Component:
    ./components/landing/LeaderboardSection.tsx
    ./app/page.tsx @ http://localhost:3000/_next/static/chunks/node_modules_next_dist_1e8vcs8._.js:1052
[ 7321825ms] [ERROR] ./components/landing/LeaderboardSection.tsx:181:14
Error: Expected '</', got 'jsx text'
  179 |           View Full Leaderboard →
  180 |         </p>
> 181 |       </Card>
      |              ^^^^^^^^^^^^^^^^^^^^^^^^^^^^^^^^^^^^^^^^^^^^^^^^^^^^^^^^^^^^^^^^^^^^^^^^^^^^^^^^^^^^
> 182 |     </section>
      | ^^^^
  183 |   );
  184 | }
  185 |

Parsing ecmascript source code failed

Import trace:
  Server Component:
    ./components/landing/LeaderboardSection.tsx
    ./app/page.tsx @ http://localhost:3000/_next/static/chunks/node_modules_next_dist_1e8vcs8._.js:1052
[ 7321901ms] [ERROR] ./components/landing/LeaderboardSection.tsx:181:14
Error: Expected '</', got 'jsx text'
  179 |           View Full Leaderboard →
  180 |         </p>
> 181 |       </Card>
      |              ^^^^^^^^^^^^^^^^^^^^^^^^^^^^^^^^^^^^^^^^^^^^^^^^^^^^^^^^^^^^^^^^^^^^^^^^^^^^^^^^^^^^
> 182 |     </section>
      | ^^^^
  183 |   );
  184 | }
  185 |

Parsing ecmascript source code failed

Import trace:
  Server Component:
    ./components/landing/LeaderboardSection.tsx
    ./app/page.tsx @ http://localhost:3000/_next/static/chunks/node_modules_next_dist_1e8vcs8._.js:1052
[ 7321980ms] [ERROR] ./components/landing/LeaderboardSection.tsx:181:14
Error: Expected '</', got 'jsx text'
  179 |           View Full Leaderboard →
  180 |         </p>
> 181 |       </Card>
      |              ^^^^^^^^^^^^^^^^^^^^^^^^^^^^^^^^^^^^^^^^^^^^^^^^^^^^^^^^^^^^^^^^^^^^^^^^^^^^^^^^^^^^
> 182 |     </section>
      | ^^^^
  183 |   );
  184 | }
  185 |

Parsing ecmascript source code failed

Import trace:
  Server Component:
    ./components/landing/LeaderboardSection.tsx
    ./app/page.tsx @ http://localhost:3000/_next/static/chunks/node_modules_next_dist_1e8vcs8._.js:1052
[ 7322041ms] [ERROR] ./components/landing/LeaderboardSection.tsx:181:14
Error: Expected '</', got 'jsx text'
  179 |           View Full Leaderboard →
  180 |         </p>
> 181 |       </Card>
      |              ^^^^^^^^^^^^^^^^^^^^^^^^^^^^^^^^^^^^^^^^^^^^^^^^^^^^^^^^^^^^^^^^^^^^^^^^^^^^^^^^^^^^
> 182 |     </section>
      | ^^^^
  183 |   );
  184 | }
  185 |

Parsing ecmascript source code failed

Import trace:
  Server Component:
    ./components/landing/LeaderboardSection.tsx
    ./app/page.tsx @ http://localhost:3000/_next/static/chunks/node_modules_next_dist_1e8vcs8._.js:1052
[ 7322107ms] [ERROR] ./components/landing/LeaderboardSection.tsx:181:14
Error: Expected '</', got 'jsx text'
  179 |           View Full Leaderboard →
  180 |         </p>
> 181 |       </Card>
      |              ^^^^^^^^^^^^^^^^^^^^^^^^^^^^^^^^^^^^^^^^^^^^^^^^^^^^^^^^^^^^^^^^^^^^^^^^^^^^^^^^^^^^
> 182 |     </section>
      | ^^^^
  183 |   );
  184 | }
  185 |

Parsing ecmascript source code failed

Import trace:
  Server Component:
    ./components/landing/LeaderboardSection.tsx
    ./app/page.tsx @ http://localhost:3000/_next/static/chunks/node_modules_next_dist_1e8vcs8._.js:1052
[ 7322175ms] [ERROR] ./components/landing/LeaderboardSection.tsx:181:14
Error: Expected '</', got 'jsx text'
  179 |           View Full Leaderboard →
  180 |         </p>
> 181 |       </Card>
      |              ^^^^^^^^^^^^^^^^^^^^^^^^^^^^^^^^^^^^^^^^^^^^^^^^^^^^^^^^^^^^^^^^^^^^^^^^^^^^^^^^^^^^
> 182 |     </section>
      | ^^^^
  183 |   );
  184 | }
  185 |

Parsing ecmascript source code failed

Import trace:
  Server Component:
    ./components/landing/LeaderboardSection.tsx
    ./app/page.tsx @ http://localhost:3000/_next/static/chunks/node_modules_next_dist_1e8vcs8._.js:1052
[ 7322252ms] [ERROR] ./components/landing/LeaderboardSection.tsx:181:14
Error: Expected '</', got 'jsx text'
  179 |           View Full Leaderboard →
  180 |         </p>
> 181 |       </Card>
      |              ^^^^^^^^^^^^^^^^^^^^^^^^^^^^^^^^^^^^^^^^^^^^^^^^^^^^^^^^^^^^^^^^^^^^^^^^^^^^^^^^^^^^
> 182 |     </section>
      | ^^^^
  183 |   );
  184 | }
  185 |

Parsing ecmascript source code failed

Import trace:
  Server Component:
    ./components/landing/LeaderboardSection.tsx
    ./app/page.tsx @ http://localhost:3000/_next/static/chunks/node_modules_next_dist_1e8vcs8._.js:1052
[ 7322318ms] [ERROR] ./components/landing/LeaderboardSection.tsx:181:14
Error: Expected '</', got 'jsx text'
  179 |           View Full Leaderboard →
  180 |         </p>
> 181 |       </Card>
      |              ^^^^^^^^^^^^^^^^^^^^^^^^^^^^^^^^^^^^^^^^^^^^^^^^^^^^^^^^^^^^^^^^^^^^^^^^^^^^^^^^^^^^
> 182 |     </section>
      | ^^^^
  183 |   );
  184 | }
  185 |

Parsing ecmascript source code failed

Import trace:
  Server Component:
    ./components/landing/LeaderboardSection.tsx
    ./app/page.tsx @ http://localhost:3000/_next/static/chunks/node_modules_next_dist_1e8vcs8._.js:1052
[ 7322403ms] [ERROR] ./components/landing/LeaderboardSection.tsx:181:14
Error: Expected '</', got 'jsx text'
  179 |           View Full Leaderboard →
  180 |         </p>
> 181 |       </Card>
      |              ^^^^^^^^^^^^^^^^^^^^^^^^^^^^^^^^^^^^^^^^^^^^^^^^^^^^^^^^^^^^^^^^^^^^^^^^^^^^^^^^^^^^
> 182 |     </section>
      | ^^^^
  183 |   );
  184 | }
  185 |

Parsing ecmascript source code failed

Import trace:
  Server Component:
    ./components/landing/LeaderboardSection.tsx
    ./app/page.tsx @ http://localhost:3000/_next/static/chunks/node_modules_next_dist_1e8vcs8._.js:1052
[ 7322503ms] [ERROR] ./components/landing/LeaderboardSection.tsx:181:14
Error: Expected '</', got 'jsx text'
  179 |           View Full Leaderboard →
  180 |         </p>
> 181 |       </Card>
      |              ^^^^^^^^^^^^^^^^^^^^^^^^^^^^^^^^^^^^^^^^^^^^^^^^^^^^^^^^^^^^^^^^^^^^^^^^^^^^^^^^^^^^
> 182 |     </section>
      | ^^^^
  183 |   );
  184 | }
  185 |

Parsing ecmascript source code failed

Import trace:
  Server Component:
    ./components/landing/LeaderboardSection.tsx
    ./app/page.tsx @ http://localhost:3000/_next/static/chunks/node_modules_next_dist_1e8vcs8._.js:1052
[ 7322587ms] [ERROR] ./components/landing/LeaderboardSection.tsx:181:14
Error: Expected '</', got 'jsx text'
  179 |           View Full Leaderboard →
  180 |         </p>
> 181 |       </Card>
      |              ^^^^^^^^^^^^^^^^^^^^^^^^^^^^^^^^^^^^^^^^^^^^^^^^^^^^^^^^^^^^^^^^^^^^^^^^^^^^^^^^^^^^
> 182 |     </section>
      | ^^^^
  183 |   );
  184 | }
  185 |

Parsing ecmascript source code failed

Import trace:
  Server Component:
    ./components/landing/LeaderboardSection.tsx
    ./app/page.tsx @ http://localhost:3000/_next/static/chunks/node_modules_next_dist_1e8vcs8._.js:1052
[ 7322667ms] [ERROR] ./components/landing/LeaderboardSection.tsx:181:14
Error: Expected '</', got 'jsx text'
  179 |           View Full Leaderboard →
  180 |         </p>
> 181 |       </Card>
      |              ^^^^^^^^^^^^^^^^^^^^^^^^^^^^^^^^^^^^^^^^^^^^^^^^^^^^^^^^^^^^^^^^^^^^^^^^^^^^^^^^^^^^
> 182 |     </section>
      | ^^^^
  183 |   );
  184 | }
  185 |

Parsing ecmascript source code failed

Import trace:
  Server Component:
    ./components/landing/LeaderboardSection.tsx
    ./app/page.tsx @ http://localhost:3000/_next/static/chunks/node_modules_next_dist_1e8vcs8._.js:1052
[ 7322732ms] [ERROR] ./components/landing/LeaderboardSection.tsx:181:14
Error: Expected '</', got 'jsx text'
  179 |           View Full Leaderboard →
  180 |         </p>
> 181 |       </Card>
      |              ^^^^^^^^^^^^^^^^^^^^^^^^^^^^^^^^^^^^^^^^^^^^^^^^^^^^^^^^^^^^^^^^^^^^^^^^^^^^^^^^^^^^
> 182 |     </section>
      | ^^^^
  183 |   );
  184 | }
  185 |

Parsing ecmascript source code failed

Import trace:
  Server Component:
    ./components/landing/LeaderboardSection.tsx
    ./app/page.tsx @ http://localhost:3000/_next/static/chunks/node_modules_next_dist_1e8vcs8._.js:1052
[ 7322790ms] [ERROR] ./components/landing/LeaderboardSection.tsx:181:14
Error: Expected '</', got 'jsx text'
  179 |           View Full Leaderboard →
  180 |         </p>
> 181 |       </Card>
      |              ^^^^^^^^^^^^^^^^^^^^^^^^^^^^^^^^^^^^^^^^^^^^^^^^^^^^^^^^^^^^^^^^^^^^^^^^^^^^^^^^^^^^
> 182 |     </section>
      | ^^^^
  183 |   );
  184 | }
  185 |

Parsing ecmascript source code failed

Import trace:
  Server Component:
    ./components/landing/LeaderboardSection.tsx
    ./app/page.tsx @ http://localhost:3000/_next/static/chunks/node_modules_next_dist_1e8vcs8._.js:1052
[ 7322856ms] [ERROR] ./components/landing/LeaderboardSection.tsx:181:14
Error: Expected '</', got 'jsx text'
  179 |           View Full Leaderboard →
  180 |         </p>
> 181 |       </Card>
      |              ^^^^^^^^^^^^^^^^^^^^^^^^^^^^^^^^^^^^^^^^^^^^^^^^^^^^^^^^^^^^^^^^^^^^^^^^^^^^^^^^^^^^
> 182 |     </section>
      | ^^^^
  183 |   );
  184 | }
  185 |

Parsing ecmascript source code failed

Import trace:
  Server Component:
    ./components/landing/LeaderboardSection.tsx
    ./app/page.tsx @ http://localhost:3000/_next/static/chunks/node_modules_next_dist_1e8vcs8._.js:1052
[ 7322923ms] [ERROR] ./components/landing/LeaderboardSection.tsx:181:14
Error: Expected '</', got 'jsx text'
  179 |           View Full Leaderboard →
  180 |         </p>
> 181 |       </Card>
      |              ^^^^^^^^^^^^^^^^^^^^^^^^^^^^^^^^^^^^^^^^^^^^^^^^^^^^^^^^^^^^^^^^^^^^^^^^^^^^^^^^^^^^
> 182 |     </section>
      | ^^^^
  183 |   );
  184 | }
  185 |

Parsing ecmascript source code failed

Import trace:
  Server Component:
    ./components/landing/LeaderboardSection.tsx
    ./app/page.tsx @ http://localhost:3000/_next/static/chunks/node_modules_next_dist_1e8vcs8._.js:1052
[ 7322988ms] [ERROR] ./components/landing/LeaderboardSection.tsx:181:14
Error: Expected '</', got 'jsx text'
  179 |           View Full Leaderboard →
  180 |         </p>
> 181 |       </Card>
      |              ^^^^^^^^^^^^^^^^^^^^^^^^^^^^^^^^^^^^^^^^^^^^^^^^^^^^^^^^^^^^^^^^^^^^^^^^^^^^^^^^^^^^
> 182 |     </section>
      | ^^^^
  183 |   );
  184 | }
  185 |

Parsing ecmascript source code failed

Import trace:
  Server Component:
    ./components/landing/LeaderboardSection.tsx
    ./app/page.tsx @ http://localhost:3000/_next/static/chunks/node_modules_next_dist_1e8vcs8._.js:1052
[ 7323048ms] [ERROR] ./components/landing/LeaderboardSection.tsx:181:14
Error: Expected '</', got 'jsx text'
  179 |           View Full Leaderboard →
  180 |         </p>
> 181 |       </Card>
      |              ^^^^^^^^^^^^^^^^^^^^^^^^^^^^^^^^^^^^^^^^^^^^^^^^^^^^^^^^^^^^^^^^^^^^^^^^^^^^^^^^^^^^
> 182 |     </section>
      | ^^^^
  183 |   );
  184 | }
  185 |

Parsing ecmascript source code failed

Import trace:
  Server Component:
    ./components/landing/LeaderboardSection.tsx
    ./app/page.tsx @ http://localhost:3000/_next/static/chunks/node_modules_next_dist_1e8vcs8._.js:1052
[ 7323107ms] [ERROR] ./components/landing/LeaderboardSection.tsx:181:14
Error: Expected '</', got 'jsx text'
  179 |           View Full Leaderboard →
  180 |         </p>
> 181 |       </Card>
      |              ^^^^^^^^^^^^^^^^^^^^^^^^^^^^^^^^^^^^^^^^^^^^^^^^^^^^^^^^^^^^^^^^^^^^^^^^^^^^^^^^^^^^
> 182 |     </section>
      | ^^^^
  183 |   );
  184 | }
  185 |

Parsing ecmascript source code failed

Import trace:
  Server Component:
    ./components/landing/LeaderboardSection.tsx
    ./app/page.tsx @ http://localhost:3000/_next/static/chunks/node_modules_next_dist_1e8vcs8._.js:1052
[ 7323167ms] [ERROR] ./components/landing/LeaderboardSection.tsx:181:14
Error: Expected '</', got 'jsx text'
  179 |           View Full Leaderboard →
  180 |         </p>
> 181 |       </Card>
      |              ^^^^^^^^^^^^^^^^^^^^^^^^^^^^^^^^^^^^^^^^^^^^^^^^^^^^^^^^^^^^^^^^^^^^^^^^^^^^^^^^^^^^
> 182 |     </section>
      | ^^^^
  183 |   );
  184 | }
  185 |

Parsing ecmascript source code failed

Import trace:
  Server Component:
    ./components/landing/LeaderboardSection.tsx
    ./app/page.tsx @ http://localhost:3000/_next/static/chunks/node_modules_next_dist_1e8vcs8._.js:1052
[ 7323234ms] [ERROR] ./components/landing/LeaderboardSection.tsx:181:14
Error: Expected '</', got 'jsx text'
  179 |           View Full Leaderboard →
  180 |         </p>
> 181 |       </Card>
      |              ^^^^^^^^^^^^^^^^^^^^^^^^^^^^^^^^^^^^^^^^^^^^^^^^^^^^^^^^^^^^^^^^^^^^^^^^^^^^^^^^^^^^
> 182 |     </section>
      | ^^^^
  183 |   );
  184 | }
  185 |

Parsing ecmascript source code failed

Import trace:
  Server Component:
    ./components/landing/LeaderboardSection.tsx
    ./app/page.tsx @ http://localhost:3000/_next/static/chunks/node_modules_next_dist_1e8vcs8._.js:1052
[ 7323301ms] [ERROR] ./components/landing/LeaderboardSection.tsx:181:14
Error: Expected '</', got 'jsx text'
  179 |           View Full Leaderboard →
  180 |         </p>
> 181 |       </Card>
      |              ^^^^^^^^^^^^^^^^^^^^^^^^^^^^^^^^^^^^^^^^^^^^^^^^^^^^^^^^^^^^^^^^^^^^^^^^^^^^^^^^^^^^
> 182 |     </section>
      | ^^^^
  183 |   );
  184 | }
  185 |

Parsing ecmascript source code failed

Import trace:
  Server Component:
    ./components/landing/LeaderboardSection.tsx
    ./app/page.tsx @ http://localhost:3000/_next/static/chunks/node_modules_next_dist_1e8vcs8._.js:1052
[ 7323358ms] [ERROR] ./components/landing/LeaderboardSection.tsx:181:14
Error: Expected '</', got 'jsx text'
  179 |           View Full Leaderboard →
  180 |         </p>
> 181 |       </Card>
      |              ^^^^^^^^^^^^^^^^^^^^^^^^^^^^^^^^^^^^^^^^^^^^^^^^^^^^^^^^^^^^^^^^^^^^^^^^^^^^^^^^^^^^
> 182 |     </section>
      | ^^^^
  183 |   );
  184 | }
  185 |

Parsing ecmascript source code failed

Import trace:
  Server Component:
    ./components/landing/LeaderboardSection.tsx
    ./app/page.tsx @ http://localhost:3000/_next/static/chunks/node_modules_next_dist_1e8vcs8._.js:1052
[ 7323431ms] [ERROR] ./components/landing/LeaderboardSection.tsx:181:14
Error: Expected '</', got 'jsx text'
  179 |           View Full Leaderboard →
  180 |         </p>
> 181 |       </Card>
      |              ^^^^^^^^^^^^^^^^^^^^^^^^^^^^^^^^^^^^^^^^^^^^^^^^^^^^^^^^^^^^^^^^^^^^^^^^^^^^^^^^^^^^
> 182 |     </section>
      | ^^^^
  183 |   );
  184 | }
  185 |

Parsing ecmascript source code failed

Import trace:
  Server Component:
    ./components/landing/LeaderboardSection.tsx
    ./app/page.tsx @ http://localhost:3000/_next/static/chunks/node_modules_next_dist_1e8vcs8._.js:1052
[ 7323488ms] [ERROR] ./components/landing/LeaderboardSection.tsx:181:14
Error: Expected '</', got 'jsx text'
  179 |           View Full Leaderboard →
  180 |         </p>
> 181 |       </Card>
      |              ^^^^^^^^^^^^^^^^^^^^^^^^^^^^^^^^^^^^^^^^^^^^^^^^^^^^^^^^^^^^^^^^^^^^^^^^^^^^^^^^^^^^
> 182 |     </section>
      | ^^^^
  183 |   );
  184 | }
  185 |

Parsing ecmascript source code failed

Import trace:
  Server Component:
    ./components/landing/LeaderboardSection.tsx
    ./app/page.tsx @ http://localhost:3000/_next/static/chunks/node_modules_next_dist_1e8vcs8._.js:1052
[ 7323549ms] [ERROR] ./components/landing/LeaderboardSection.tsx:181:14
Error: Expected '</', got 'jsx text'
  179 |           View Full Leaderboard →
  180 |         </p>
> 181 |       </Card>
      |              ^^^^^^^^^^^^^^^^^^^^^^^^^^^^^^^^^^^^^^^^^^^^^^^^^^^^^^^^^^^^^^^^^^^^^^^^^^^^^^^^^^^^
> 182 |     </section>
      | ^^^^
  183 |   );
  184 | }
  185 |

Parsing ecmascript source code failed

Import trace:
  Server Component:
    ./components/landing/LeaderboardSection.tsx
    ./app/page.tsx @ http://localhost:3000/_next/static/chunks/node_modules_next_dist_1e8vcs8._.js:1052
[ 7323605ms] [ERROR] ./components/landing/LeaderboardSection.tsx:181:14
Error: Expected '</', got 'jsx text'
  179 |           View Full Leaderboard →
  180 |         </p>
> 181 |       </Card>
      |              ^^^^^^^^^^^^^^^^^^^^^^^^^^^^^^^^^^^^^^^^^^^^^^^^^^^^^^^^^^^^^^^^^^^^^^^^^^^^^^^^^^^^
> 182 |     </section>
      | ^^^^
  183 |   );
  184 | }
  185 |

Parsing ecmascript source code failed

Import trace:
  Server Component:
    ./components/landing/LeaderboardSection.tsx
    ./app/page.tsx @ http://localhost:3000/_next/static/chunks/node_modules_next_dist_1e8vcs8._.js:1052
[ 7323666ms] [ERROR] ./components/landing/LeaderboardSection.tsx:181:14
Error: Expected '</', got 'jsx text'
  179 |           View Full Leaderboard →
  180 |         </p>
> 181 |       </Card>
      |              ^^^^^^^^^^^^^^^^^^^^^^^^^^^^^^^^^^^^^^^^^^^^^^^^^^^^^^^^^^^^^^^^^^^^^^^^^^^^^^^^^^^^
> 182 |     </section>
      | ^^^^
  183 |   );
  184 | }
  185 |

Parsing ecmascript source code failed

Import trace:
  Server Component:
    ./components/landing/LeaderboardSection.tsx
    ./app/page.tsx @ http://localhost:3000/_next/static/chunks/node_modules_next_dist_1e8vcs8._.js:1052
[ 7323722ms] [ERROR] ./components/landing/LeaderboardSection.tsx:181:14
Error: Expected '</', got 'jsx text'
  179 |           View Full Leaderboard →
  180 |         </p>
> 181 |       </Card>
      |              ^^^^^^^^^^^^^^^^^^^^^^^^^^^^^^^^^^^^^^^^^^^^^^^^^^^^^^^^^^^^^^^^^^^^^^^^^^^^^^^^^^^^
> 182 |     </section>
      | ^^^^
  183 |   );
  184 | }
  185 |

Parsing ecmascript source code failed

Import trace:
  Server Component:
    ./components/landing/LeaderboardSection.tsx
    ./app/page.tsx @ http://localhost:3000/_next/static/chunks/node_modules_next_dist_1e8vcs8._.js:1052
[ 7323782ms] [ERROR] ./components/landing/LeaderboardSection.tsx:181:14
Error: Expected '</', got 'jsx text'
  179 |           View Full Leaderboard →
  180 |         </p>
> 181 |       </Card>
      |              ^^^^^^^^^^^^^^^^^^^^^^^^^^^^^^^^^^^^^^^^^^^^^^^^^^^^^^^^^^^^^^^^^^^^^^^^^^^^^^^^^^^^
> 182 |     </section>
      | ^^^^
  183 |   );
  184 | }
  185 |

Parsing ecmascript source code failed

Import trace:
  Server Component:
    ./components/landing/LeaderboardSection.tsx
    ./app/page.tsx @ http://localhost:3000/_next/static/chunks/node_modules_next_dist_1e8vcs8._.js:1052
[ 7323839ms] [ERROR] ./components/landing/LeaderboardSection.tsx:181:14
Error: Expected '</', got 'jsx text'
  179 |           View Full Leaderboard →
  180 |         </p>
> 181 |       </Card>
      |              ^^^^^^^^^^^^^^^^^^^^^^^^^^^^^^^^^^^^^^^^^^^^^^^^^^^^^^^^^^^^^^^^^^^^^^^^^^^^^^^^^^^^
> 182 |     </section>
      | ^^^^
  183 |   );
  184 | }
  185 |

Parsing ecmascript source code failed

Import trace:
  Server Component:
    ./components/landing/LeaderboardSection.tsx
    ./app/page.tsx @ http://localhost:3000/_next/static/chunks/node_modules_next_dist_1e8vcs8._.js:1052
[ 7323892ms] [ERROR] ./components/landing/LeaderboardSection.tsx:181:14
Error: Expected '</', got 'jsx text'
  179 |           View Full Leaderboard →
  180 |         </p>
> 181 |       </Card>
      |              ^^^^^^^^^^^^^^^^^^^^^^^^^^^^^^^^^^^^^^^^^^^^^^^^^^^^^^^^^^^^^^^^^^^^^^^^^^^^^^^^^^^^
> 182 |     </section>
      | ^^^^
  183 |   );
  184 | }
  185 |

Parsing ecmascript source code failed

Import trace:
  Server Component:
    ./components/landing/LeaderboardSection.tsx
    ./app/page.tsx @ http://localhost:3000/_next/static/chunks/node_modules_next_dist_1e8vcs8._.js:1052
[ 7323962ms] [ERROR] ./components/landing/LeaderboardSection.tsx:181:14
Error: Expected '</', got 'jsx text'
  179 |           View Full Leaderboard →
  180 |         </p>
> 181 |       </Card>
      |              ^^^^^^^^^^^^^^^^^^^^^^^^^^^^^^^^^^^^^^^^^^^^^^^^^^^^^^^^^^^^^^^^^^^^^^^^^^^^^^^^^^^^
> 182 |     </section>
      | ^^^^
  183 |   );
  184 | }
  185 |

Parsing ecmascript source code failed

Import trace:
  Server Component:
    ./components/landing/LeaderboardSection.tsx
    ./app/page.tsx @ http://localhost:3000/_next/static/chunks/node_modules_next_dist_1e8vcs8._.js:1052
[ 7324025ms] [ERROR] ./components/landing/LeaderboardSection.tsx:181:14
Error: Expected '</', got 'jsx text'
  179 |           View Full Leaderboard →
  180 |         </p>
> 181 |       </Card>
      |              ^^^^^^^^^^^^^^^^^^^^^^^^^^^^^^^^^^^^^^^^^^^^^^^^^^^^^^^^^^^^^^^^^^^^^^^^^^^^^^^^^^^^
> 182 |     </section>
      | ^^^^
  183 |   );
  184 | }
  185 |

Parsing ecmascript source code failed

Import trace:
  Server Component:
    ./components/landing/LeaderboardSection.tsx
    ./app/page.tsx @ http://localhost:3000/_next/static/chunks/node_modules_next_dist_1e8vcs8._.js:1052
[ 7324098ms] [ERROR] ./components/landing/LeaderboardSection.tsx:181:14
Error: Expected '</', got 'jsx text'
  179 |           View Full Leaderboard →
  180 |         </p>
> 181 |       </Card>
      |              ^^^^^^^^^^^^^^^^^^^^^^^^^^^^^^^^^^^^^^^^^^^^^^^^^^^^^^^^^^^^^^^^^^^^^^^^^^^^^^^^^^^^
> 182 |     </section>
      | ^^^^
  183 |   );
  184 | }
  185 |

Parsing ecmascript source code failed

Import trace:
  Server Component:
    ./components/landing/LeaderboardSection.tsx
    ./app/page.tsx @ http://localhost:3000/_next/static/chunks/node_modules_next_dist_1e8vcs8._.js:1052
[ 7324166ms] [ERROR] ./components/landing/LeaderboardSection.tsx:181:14
Error: Expected '</', got 'jsx text'
  179 |           View Full Leaderboard →
  180 |         </p>
> 181 |       </Card>
      |              ^^^^^^^^^^^^^^^^^^^^^^^^^^^^^^^^^^^^^^^^^^^^^^^^^^^^^^^^^^^^^^^^^^^^^^^^^^^^^^^^^^^^
> 182 |     </section>
      | ^^^^
  183 |   );
  184 | }
  185 |

Parsing ecmascript source code failed

Import trace:
  Server Component:
    ./components/landing/LeaderboardSection.tsx
    ./app/page.tsx @ http://localhost:3000/_next/static/chunks/node_modules_next_dist_1e8vcs8._.js:1052
[ 7324233ms] [ERROR] ./components/landing/LeaderboardSection.tsx:181:14
Error: Expected '</', got 'jsx text'
  179 |           View Full Leaderboard →
  180 |         </p>
> 181 |       </Card>
      |              ^^^^^^^^^^^^^^^^^^^^^^^^^^^^^^^^^^^^^^^^^^^^^^^^^^^^^^^^^^^^^^^^^^^^^^^^^^^^^^^^^^^^
> 182 |     </section>
      | ^^^^
  183 |   );
  184 | }
  185 |

Parsing ecmascript source code failed

Import trace:
  Server Component:
    ./components/landing/LeaderboardSection.tsx
    ./app/page.tsx @ http://localhost:3000/_next/static/chunks/node_modules_next_dist_1e8vcs8._.js:1052
[ 7324295ms] [ERROR] ./components/landing/LeaderboardSection.tsx:181:14
Error: Expected '</', got 'jsx text'
  179 |           View Full Leaderboard →
  180 |         </p>
> 181 |       </Card>
      |              ^^^^^^^^^^^^^^^^^^^^^^^^^^^^^^^^^^^^^^^^^^^^^^^^^^^^^^^^^^^^^^^^^^^^^^^^^^^^^^^^^^^^
> 182 |     </section>
      | ^^^^
  183 |   );
  184 | }
  185 |

Parsing ecmascript source code failed

Import trace:
  Server Component:
    ./components/landing/LeaderboardSection.tsx
    ./app/page.tsx @ http://localhost:3000/_next/static/chunks/node_modules_next_dist_1e8vcs8._.js:1052
[ 7324347ms] [ERROR] ./components/landing/LeaderboardSection.tsx:181:14
Error: Expected '</', got 'jsx text'
  179 |           View Full Leaderboard →
  180 |         </p>
> 181 |       </Card>
      |              ^^^^^^^^^^^^^^^^^^^^^^^^^^^^^^^^^^^^^^^^^^^^^^^^^^^^^^^^^^^^^^^^^^^^^^^^^^^^^^^^^^^^
> 182 |     </section>
      | ^^^^
  183 |   );
  184 | }
  185 |

Parsing ecmascript source code failed

Import trace:
  Server Component:
    ./components/landing/LeaderboardSection.tsx
    ./app/page.tsx @ http://localhost:3000/_next/static/chunks/node_modules_next_dist_1e8vcs8._.js:1052
[ 7324413ms] [ERROR] ./components/landing/LeaderboardSection.tsx:181:14
Error: Expected '</', got 'jsx text'
  179 |           View Full Leaderboard →
  180 |         </p>
> 181 |       </Card>
      |              ^^^^^^^^^^^^^^^^^^^^^^^^^^^^^^^^^^^^^^^^^^^^^^^^^^^^^^^^^^^^^^^^^^^^^^^^^^^^^^^^^^^^
> 182 |     </section>
      | ^^^^
  183 |   );
  184 | }
  185 |

Parsing ecmascript source code failed

Import trace:
  Server Component:
    ./components/landing/LeaderboardSection.tsx
    ./app/page.tsx @ http://localhost:3000/_next/static/chunks/node_modules_next_dist_1e8vcs8._.js:1052
[ 7324473ms] [ERROR] ./components/landing/LeaderboardSection.tsx:181:14
Error: Expected '</', got 'jsx text'
  179 |           View Full Leaderboard →
  180 |         </p>
> 181 |       </Card>
      |              ^^^^^^^^^^^^^^^^^^^^^^^^^^^^^^^^^^^^^^^^^^^^^^^^^^^^^^^^^^^^^^^^^^^^^^^^^^^^^^^^^^^^
> 182 |     </section>
      | ^^^^
  183 |   );
  184 | }
  185 |

Parsing ecmascript source code failed

Import trace:
  Server Component:
    ./components/landing/LeaderboardSection.tsx
    ./app/page.tsx @ http://localhost:3000/_next/static/chunks/node_modules_next_dist_1e8vcs8._.js:1052
[ 7324523ms] [ERROR] ./components/landing/LeaderboardSection.tsx:181:14
Error: Expected '</', got 'jsx text'
  179 |           View Full Leaderboard →
  180 |         </p>
> 181 |       </Card>
      |              ^^^^^^^^^^^^^^^^^^^^^^^^^^^^^^^^^^^^^^^^^^^^^^^^^^^^^^^^^^^^^^^^^^^^^^^^^^^^^^^^^^^^
> 182 |     </section>
      | ^^^^
  183 |   );
  184 | }
  185 |

Parsing ecmascript source code failed

Import trace:
  Server Component:
    ./components/landing/LeaderboardSection.tsx
    ./app/page.tsx @ http://localhost:3000/_next/static/chunks/node_modules_next_dist_1e8vcs8._.js:1052
[ 7324584ms] [ERROR] ./components/landing/LeaderboardSection.tsx:181:14
Error: Expected '</', got 'jsx text'
  179 |           View Full Leaderboard →
  180 |         </p>
> 181 |       </Card>
      |              ^^^^^^^^^^^^^^^^^^^^^^^^^^^^^^^^^^^^^^^^^^^^^^^^^^^^^^^^^^^^^^^^^^^^^^^^^^^^^^^^^^^^
> 182 |     </section>
      | ^^^^
  183 |   );
  184 | }
  185 |

Parsing ecmascript source code failed

Import trace:
  Server Component:
    ./components/landing/LeaderboardSection.tsx
    ./app/page.tsx @ http://localhost:3000/_next/static/chunks/node_modules_next_dist_1e8vcs8._.js:1052
[ 7324643ms] [ERROR] ./components/landing/LeaderboardSection.tsx:181:14
Error: Expected '</', got 'jsx text'
  179 |           View Full Leaderboard →
  180 |         </p>
> 181 |       </Card>
      |              ^^^^^^^^^^^^^^^^^^^^^^^^^^^^^^^^^^^^^^^^^^^^^^^^^^^^^^^^^^^^^^^^^^^^^^^^^^^^^^^^^^^^
> 182 |     </section>
      | ^^^^
  183 |   );
  184 | }
  185 |

Parsing ecmascript source code failed

Import trace:
  Server Component:
    ./components/landing/LeaderboardSection.tsx
    ./app/page.tsx @ http://localhost:3000/_next/static/chunks/node_modules_next_dist_1e8vcs8._.js:1052
[ 7324718ms] [ERROR] ./components/landing/LeaderboardSection.tsx:181:14
Error: Expected '</', got 'jsx text'
  179 |           View Full Leaderboard →
  180 |         </p>
> 181 |       </Card>
      |              ^^^^^^^^^^^^^^^^^^^^^^^^^^^^^^^^^^^^^^^^^^^^^^^^^^^^^^^^^^^^^^^^^^^^^^^^^^^^^^^^^^^^
> 182 |     </section>
      | ^^^^
  183 |   );
  184 | }
  185 |

Parsing ecmascript source code failed

Import trace:
  Server Component:
    ./components/landing/LeaderboardSection.tsx
    ./app/page.tsx @ http://localhost:3000/_next/static/chunks/node_modules_next_dist_1e8vcs8._.js:1052
[ 7324801ms] [ERROR] ./components/landing/LeaderboardSection.tsx:181:14
Error: Expected '</', got 'jsx text'
  179 |           View Full Leaderboard →
  180 |         </p>
> 181 |       </Card>
      |              ^^^^^^^^^^^^^^^^^^^^^^^^^^^^^^^^^^^^^^^^^^^^^^^^^^^^^^^^^^^^^^^^^^^^^^^^^^^^^^^^^^^^
> 182 |     </section>
      | ^^^^
  183 |   );
  184 | }
  185 |

Parsing ecmascript source code failed

Import trace:
  Server Component:
    ./components/landing/LeaderboardSection.tsx
    ./app/page.tsx @ http://localhost:3000/_next/static/chunks/node_modules_next_dist_1e8vcs8._.js:1052
[ 7324857ms] [ERROR] ./components/landing/LeaderboardSection.tsx:181:14
Error: Expected '</', got 'jsx text'
  179 |           View Full Leaderboard →
  180 |         </p>
> 181 |       </Card>
      |              ^^^^^^^^^^^^^^^^^^^^^^^^^^^^^^^^^^^^^^^^^^^^^^^^^^^^^^^^^^^^^^^^^^^^^^^^^^^^^^^^^^^^
> 182 |     </section>
      | ^^^^
  183 |   );
  184 | }
  185 |

Parsing ecmascript source code failed

Import trace:
  Server Component:
    ./components/landing/LeaderboardSection.tsx
    ./app/page.tsx @ http://localhost:3000/_next/static/chunks/node_modules_next_dist_1e8vcs8._.js:1052
[ 7324923ms] [ERROR] ./components/landing/LeaderboardSection.tsx:181:14
Error: Expected '</', got 'jsx text'
  179 |           View Full Leaderboard →
  180 |         </p>
> 181 |       </Card>
      |              ^^^^^^^^^^^^^^^^^^^^^^^^^^^^^^^^^^^^^^^^^^^^^^^^^^^^^^^^^^^^^^^^^^^^^^^^^^^^^^^^^^^^
> 182 |     </section>
      | ^^^^
  183 |   );
  184 | }
  185 |

Parsing ecmascript source code failed

Import trace:
  Server Component:
    ./components/landing/LeaderboardSection.tsx
    ./app/page.tsx @ http://localhost:3000/_next/static/chunks/node_modules_next_dist_1e8vcs8._.js:1052
[ 7324996ms] [ERROR] ./components/landing/LeaderboardSection.tsx:181:14
Error: Expected '</', got 'jsx text'
  179 |           View Full Leaderboard →
  180 |         </p>
> 181 |       </Card>
      |              ^^^^^^^^^^^^^^^^^^^^^^^^^^^^^^^^^^^^^^^^^^^^^^^^^^^^^^^^^^^^^^^^^^^^^^^^^^^^^^^^^^^^
> 182 |     </section>
      | ^^^^
  183 |   );
  184 | }
  185 |

Parsing ecmascript source code failed

Import trace:
  Server Component:
    ./components/landing/LeaderboardSection.tsx
    ./app/page.tsx @ http://localhost:3000/_next/static/chunks/node_modules_next_dist_1e8vcs8._.js:1052
[ 7325046ms] [ERROR] ./components/landing/LeaderboardSection.tsx:181:14
Error: Expected '</', got 'jsx text'
  179 |           View Full Leaderboard →
  180 |         </p>
> 181 |       </Card>
      |              ^^^^^^^^^^^^^^^^^^^^^^^^^^^^^^^^^^^^^^^^^^^^^^^^^^^^^^^^^^^^^^^^^^^^^^^^^^^^^^^^^^^^
> 182 |     </section>
      | ^^^^
  183 |   );
  184 | }
  185 |

Parsing ecmascript source code failed

Import trace:
  Server Component:
    ./components/landing/LeaderboardSection.tsx
    ./app/page.tsx @ http://localhost:3000/_next/static/chunks/node_modules_next_dist_1e8vcs8._.js:1052
[ 7325114ms] [ERROR] ./components/landing/LeaderboardSection.tsx:181:14
Error: Expected '</', got 'jsx text'
  179 |           View Full Leaderboard →
  180 |         </p>
> 181 |       </Card>
      |              ^^^^^^^^^^^^^^^^^^^^^^^^^^^^^^^^^^^^^^^^^^^^^^^^^^^^^^^^^^^^^^^^^^^^^^^^^^^^^^^^^^^^
> 182 |     </section>
      | ^^^^
  183 |   );
  184 | }
  185 |

Parsing ecmascript source code failed

Import trace:
  Server Component:
    ./components/landing/LeaderboardSection.tsx
    ./app/page.tsx @ http://localhost:3000/_next/static/chunks/node_modules_next_dist_1e8vcs8._.js:1052
[ 7325174ms] [ERROR] ./components/landing/LeaderboardSection.tsx:181:14
Error: Expected '</', got 'jsx text'
  179 |           View Full Leaderboard →
  180 |         </p>
> 181 |       </Card>
      |              ^^^^^^^^^^^^^^^^^^^^^^^^^^^^^^^^^^^^^^^^^^^^^^^^^^^^^^^^^^^^^^^^^^^^^^^^^^^^^^^^^^^^
> 182 |     </section>
      | ^^^^
  183 |   );
  184 | }
  185 |

Parsing ecmascript source code failed

Import trace:
  Server Component:
    ./components/landing/LeaderboardSection.tsx
    ./app/page.tsx @ http://localhost:3000/_next/static/chunks/node_modules_next_dist_1e8vcs8._.js:1052
[ 7325248ms] [ERROR] ./components/landing/LeaderboardSection.tsx:181:14
Error: Expected '</', got 'jsx text'
  179 |           View Full Leaderboard →
  180 |         </p>
> 181 |       </Card>
      |              ^^^^^^^^^^^^^^^^^^^^^^^^^^^^^^^^^^^^^^^^^^^^^^^^^^^^^^^^^^^^^^^^^^^^^^^^^^^^^^^^^^^^
> 182 |     </section>
      | ^^^^
  183 |   );
  184 | }
  185 |

Parsing ecmascript source code failed

Import trace:
  Server Component:
    ./components/landing/LeaderboardSection.tsx
    ./app/page.tsx @ http://localhost:3000/_next/static/chunks/node_modules_next_dist_1e8vcs8._.js:1052
[ 7325301ms] [ERROR] ./components/landing/LeaderboardSection.tsx:181:14
Error: Expected '</', got 'jsx text'
  179 |           View Full Leaderboard →
  180 |         </p>
> 181 |       </Card>
      |              ^^^^^^^^^^^^^^^^^^^^^^^^^^^^^^^^^^^^^^^^^^^^^^^^^^^^^^^^^^^^^^^^^^^^^^^^^^^^^^^^^^^^
> 182 |     </section>
      | ^^^^
  183 |   );
  184 | }
  185 |

Parsing ecmascript source code failed

Import trace:
  Server Component:
    ./components/landing/LeaderboardSection.tsx
    ./app/page.tsx @ http://localhost:3000/_next/static/chunks/node_modules_next_dist_1e8vcs8._.js:1052
[ 7325357ms] [ERROR] ./components/landing/LeaderboardSection.tsx:181:14
Error: Expected '</', got 'jsx text'
  179 |           View Full Leaderboard →
  180 |         </p>
> 181 |       </Card>
      |              ^^^^^^^^^^^^^^^^^^^^^^^^^^^^^^^^^^^^^^^^^^^^^^^^^^^^^^^^^^^^^^^^^^^^^^^^^^^^^^^^^^^^
> 182 |     </section>
      | ^^^^
  183 |   );
  184 | }
  185 |

Parsing ecmascript source code failed

Import trace:
  Server Component:
    ./components/landing/LeaderboardSection.tsx
    ./app/page.tsx @ http://localhost:3000/_next/static/chunks/node_modules_next_dist_1e8vcs8._.js:1052
[ 7325423ms] [ERROR] ./components/landing/LeaderboardSection.tsx:181:14
Error: Expected '</', got 'jsx text'
  179 |           View Full Leaderboard →
  180 |         </p>
> 181 |       </Card>
      |              ^^^^^^^^^^^^^^^^^^^^^^^^^^^^^^^^^^^^^^^^^^^^^^^^^^^^^^^^^^^^^^^^^^^^^^^^^^^^^^^^^^^^
> 182 |     </section>
      | ^^^^
  183 |   );
  184 | }
  185 |

Parsing ecmascript source code failed

Import trace:
  Server Component:
    ./components/landing/LeaderboardSection.tsx
    ./app/page.tsx @ http://localhost:3000/_next/static/chunks/node_modules_next_dist_1e8vcs8._.js:1052
[ 7325488ms] [ERROR] ./components/landing/LeaderboardSection.tsx:181:14
Error: Expected '</', got 'jsx text'
  179 |           View Full Leaderboard →
  180 |         </p>
> 181 |       </Card>
      |              ^^^^^^^^^^^^^^^^^^^^^^^^^^^^^^^^^^^^^^^^^^^^^^^^^^^^^^^^^^^^^^^^^^^^^^^^^^^^^^^^^^^^
> 182 |     </section>
      | ^^^^
  183 |   );
  184 | }
  185 |

Parsing ecmascript source code failed

Import trace:
  Server Component:
    ./components/landing/LeaderboardSection.tsx
    ./app/page.tsx @ http://localhost:3000/_next/static/chunks/node_modules_next_dist_1e8vcs8._.js:1052
[ 7325556ms] [ERROR] ./components/landing/LeaderboardSection.tsx:181:14
Error: Expected '</', got 'jsx text'
  179 |           View Full Leaderboard →
  180 |         </p>
> 181 |       </Card>
      |              ^^^^^^^^^^^^^^^^^^^^^^^^^^^^^^^^^^^^^^^^^^^^^^^^^^^^^^^^^^^^^^^^^^^^^^^^^^^^^^^^^^^^
> 182 |     </section>
      | ^^^^
  183 |   );
  184 | }
  185 |

Parsing ecmascript source code failed

Import trace:
  Server Component:
    ./components/landing/LeaderboardSection.tsx
    ./app/page.tsx @ http://localhost:3000/_next/static/chunks/node_modules_next_dist_1e8vcs8._.js:1052
[ 7325607ms] [ERROR] ./components/landing/LeaderboardSection.tsx:181:14
Error: Expected '</', got 'jsx text'
  179 |           View Full Leaderboard →
  180 |         </p>
> 181 |       </Card>
      |              ^^^^^^^^^^^^^^^^^^^^^^^^^^^^^^^^^^^^^^^^^^^^^^^^^^^^^^^^^^^^^^^^^^^^^^^^^^^^^^^^^^^^
> 182 |     </section>
      | ^^^^
  183 |   );
  184 | }
  185 |

Parsing ecmascript source code failed

Import trace:
  Server Component:
    ./components/landing/LeaderboardSection.tsx
    ./app/page.tsx @ http://localhost:3000/_next/static/chunks/node_modules_next_dist_1e8vcs8._.js:1052
[ 7325668ms] [ERROR] ./components/landing/LeaderboardSection.tsx:181:14
Error: Expected '</', got 'jsx text'
  179 |           View Full Leaderboard →
  180 |         </p>
> 181 |       </Card>
      |              ^^^^^^^^^^^^^^^^^^^^^^^^^^^^^^^^^^^^^^^^^^^^^^^^^^^^^^^^^^^^^^^^^^^^^^^^^^^^^^^^^^^^
> 182 |     </section>
      | ^^^^
  183 |   );
  184 | }
  185 |

Parsing ecmascript source code failed

Import trace:
  Server Component:
    ./components/landing/LeaderboardSection.tsx
    ./app/page.tsx @ http://localhost:3000/_next/static/chunks/node_modules_next_dist_1e8vcs8._.js:1052
[ 7325732ms] [ERROR] ./components/landing/LeaderboardSection.tsx:181:14
Error: Expected '</', got 'jsx text'
  179 |           View Full Leaderboard →
  180 |         </p>
> 181 |       </Card>
      |              ^^^^^^^^^^^^^^^^^^^^^^^^^^^^^^^^^^^^^^^^^^^^^^^^^^^^^^^^^^^^^^^^^^^^^^^^^^^^^^^^^^^^
> 182 |     </section>
      | ^^^^
  183 |   );
  184 | }
  185 |

Parsing ecmascript source code failed

Import trace:
  Server Component:
    ./components/landing/LeaderboardSection.tsx
    ./app/page.tsx @ http://localhost:3000/_next/static/chunks/node_modules_next_dist_1e8vcs8._.js:1052
[ 7325781ms] [ERROR] ./components/landing/LeaderboardSection.tsx:181:14
Error: Expected '</', got 'jsx text'
  179 |           View Full Leaderboard →
  180 |         </p>
> 181 |       </Card>
      |              ^^^^^^^^^^^^^^^^^^^^^^^^^^^^^^^^^^^^^^^^^^^^^^^^^^^^^^^^^^^^^^^^^^^^^^^^^^^^^^^^^^^^
> 182 |     </section>
      | ^^^^
  183 |   );
  184 | }
  185 |

Parsing ecmascript source code failed

Import trace:
  Server Component:
    ./components/landing/LeaderboardSection.tsx
    ./app/page.tsx @ http://localhost:3000/_next/static/chunks/node_modules_next_dist_1e8vcs8._.js:1052
[ 7325854ms] [ERROR] ./components/landing/LeaderboardSection.tsx:181:14
Error: Expected '</', got 'jsx text'
  179 |           View Full Leaderboard →
  180 |         </p>
> 181 |       </Card>
      |              ^^^^^^^^^^^^^^^^^^^^^^^^^^^^^^^^^^^^^^^^^^^^^^^^^^^^^^^^^^^^^^^^^^^^^^^^^^^^^^^^^^^^
> 182 |     </section>
      | ^^^^
  183 |   );
  184 | }
  185 |

Parsing ecmascript source code failed

Import trace:
  Server Component:
    ./components/landing/LeaderboardSection.tsx
    ./app/page.tsx @ http://localhost:3000/_next/static/chunks/node_modules_next_dist_1e8vcs8._.js:1052
[ 7325924ms] [ERROR] ./components/landing/LeaderboardSection.tsx:181:14
Error: Expected '</', got 'jsx text'
  179 |           View Full Leaderboard →
  180 |         </p>
> 181 |       </Card>
      |              ^^^^^^^^^^^^^^^^^^^^^^^^^^^^^^^^^^^^^^^^^^^^^^^^^^^^^^^^^^^^^^^^^^^^^^^^^^^^^^^^^^^^
> 182 |     </section>
      | ^^^^
  183 |   );
  184 | }
  185 |

Parsing ecmascript source code failed

Import trace:
  Server Component:
    ./components/landing/LeaderboardSection.tsx
    ./app/page.tsx @ http://localhost:3000/_next/static/chunks/node_modules_next_dist_1e8vcs8._.js:1052
[ 7325996ms] [ERROR] ./components/landing/LeaderboardSection.tsx:181:14
Error: Expected '</', got 'jsx text'
  179 |           View Full Leaderboard →
  180 |         </p>
> 181 |       </Card>
      |              ^^^^^^^^^^^^^^^^^^^^^^^^^^^^^^^^^^^^^^^^^^^^^^^^^^^^^^^^^^^^^^^^^^^^^^^^^^^^^^^^^^^^
> 182 |     </section>
      | ^^^^
  183 |   );
  184 | }
  185 |

Parsing ecmascript source code failed

Import trace:
  Server Component:
    ./components/landing/LeaderboardSection.tsx
    ./app/page.tsx @ http://localhost:3000/_next/static/chunks/node_modules_next_dist_1e8vcs8._.js:1052
[ 7326058ms] [ERROR] ./components/landing/LeaderboardSection.tsx:181:14
Error: Expected '</', got 'jsx text'
  179 |           View Full Leaderboard →
  180 |         </p>
> 181 |       </Card>
      |              ^^^^^^^^^^^^^^^^^^^^^^^^^^^^^^^^^^^^^^^^^^^^^^^^^^^^^^^^^^^^^^^^^^^^^^^^^^^^^^^^^^^^
> 182 |     </section>
      | ^^^^
  183 |   );
  184 | }
  185 |

Parsing ecmascript source code failed

Import trace:
  Server Component:
    ./components/landing/LeaderboardSection.tsx
    ./app/page.tsx @ http://localhost:3000/_next/static/chunks/node_modules_next_dist_1e8vcs8._.js:1052
[ 7326124ms] [ERROR] ./components/landing/LeaderboardSection.tsx:181:14
Error: Expected '</', got 'jsx text'
  179 |           View Full Leaderboard →
  180 |         </p>
> 181 |       </Card>
      |              ^^^^^^^^^^^^^^^^^^^^^^^^^^^^^^^^^^^^^^^^^^^^^^^^^^^^^^^^^^^^^^^^^^^^^^^^^^^^^^^^^^^^
> 182 |     </section>
      | ^^^^
  183 |   );
  184 | }
  185 |

Parsing ecmascript source code failed

Import trace:
  Server Component:
    ./components/landing/LeaderboardSection.tsx
    ./app/page.tsx @ http://localhost:3000/_next/static/chunks/node_modules_next_dist_1e8vcs8._.js:1052
[ 7326191ms] [ERROR] ./components/landing/LeaderboardSection.tsx:181:14
Error: Expected '</', got 'jsx text'
  179 |           View Full Leaderboard →
  180 |         </p>
> 181 |       </Card>
      |              ^^^^^^^^^^^^^^^^^^^^^^^^^^^^^^^^^^^^^^^^^^^^^^^^^^^^^^^^^^^^^^^^^^^^^^^^^^^^^^^^^^^^
> 182 |     </section>
      | ^^^^
  183 |   );
  184 | }
  185 |

Parsing ecmascript source code failed

Import trace:
  Server Component:
    ./components/landing/LeaderboardSection.tsx
    ./app/page.tsx @ http://localhost:3000/_next/static/chunks/node_modules_next_dist_1e8vcs8._.js:1052
[ 7326265ms] [ERROR] ./components/landing/LeaderboardSection.tsx:181:14
Error: Expected '</', got 'jsx text'
  179 |           View Full Leaderboard →
  180 |         </p>
> 181 |       </Card>
      |              ^^^^^^^^^^^^^^^^^^^^^^^^^^^^^^^^^^^^^^^^^^^^^^^^^^^^^^^^^^^^^^^^^^^^^^^^^^^^^^^^^^^^
> 182 |     </section>
      | ^^^^
  183 |   );
  184 | }
  185 |

Parsing ecmascript source code failed

Import trace:
  Server Component:
    ./components/landing/LeaderboardSection.tsx
    ./app/page.tsx @ http://localhost:3000/_next/static/chunks/node_modules_next_dist_1e8vcs8._.js:1052
[ 7326323ms] [ERROR] ./components/landing/LeaderboardSection.tsx:181:14
Error: Expected '</', got 'jsx text'
  179 |           View Full Leaderboard →
  180 |         </p>
> 181 |       </Card>
      |              ^^^^^^^^^^^^^^^^^^^^^^^^^^^^^^^^^^^^^^^^^^^^^^^^^^^^^^^^^^^^^^^^^^^^^^^^^^^^^^^^^^^^
> 182 |     </section>
      | ^^^^
  183 |   );
  184 | }
  185 |

Parsing ecmascript source code failed

Import trace:
  Server Component:
    ./components/landing/LeaderboardSection.tsx
    ./app/page.tsx @ http://localhost:3000/_next/static/chunks/node_modules_next_dist_1e8vcs8._.js:1052
[ 7326392ms] [ERROR] ./components/landing/LeaderboardSection.tsx:181:14
Error: Expected '</', got 'jsx text'
  179 |           View Full Leaderboard →
  180 |         </p>
> 181 |       </Card>
      |              ^^^^^^^^^^^^^^^^^^^^^^^^^^^^^^^^^^^^^^^^^^^^^^^^^^^^^^^^^^^^^^^^^^^^^^^^^^^^^^^^^^^^
> 182 |     </section>
      | ^^^^
  183 |   );
  184 | }
  185 |

Parsing ecmascript source code failed

Import trace:
  Server Component:
    ./components/landing/LeaderboardSection.tsx
    ./app/page.tsx @ http://localhost:3000/_next/static/chunks/node_modules_next_dist_1e8vcs8._.js:1052
[ 7326450ms] [ERROR] ./components/landing/LeaderboardSection.tsx:181:14
Error: Expected '</', got 'jsx text'
  179 |           View Full Leaderboard →
  180 |         </p>
> 181 |       </Card>
      |              ^^^^^^^^^^^^^^^^^^^^^^^^^^^^^^^^^^^^^^^^^^^^^^^^^^^^^^^^^^^^^^^^^^^^^^^^^^^^^^^^^^^^
> 182 |     </section>
      | ^^^^
  183 |   );
  184 | }
  185 |

Parsing ecmascript source code failed

Import trace:
  Server Component:
    ./components/landing/LeaderboardSection.tsx
    ./app/page.tsx @ http://localhost:3000/_next/static/chunks/node_modules_next_dist_1e8vcs8._.js:1052
[ 7326506ms] [ERROR] ./components/landing/LeaderboardSection.tsx:181:14
Error: Expected '</', got 'jsx text'
  179 |           View Full Leaderboard →
  180 |         </p>
> 181 |       </Card>
      |              ^^^^^^^^^^^^^^^^^^^^^^^^^^^^^^^^^^^^^^^^^^^^^^^^^^^^^^^^^^^^^^^^^^^^^^^^^^^^^^^^^^^^
> 182 |     </section>
      | ^^^^
  183 |   );
  184 | }
  185 |

Parsing ecmascript source code failed

Import trace:
  Server Component:
    ./components/landing/LeaderboardSection.tsx
    ./app/page.tsx @ http://localhost:3000/_next/static/chunks/node_modules_next_dist_1e8vcs8._.js:1052
[ 7326574ms] [ERROR] ./components/landing/LeaderboardSection.tsx:181:14
Error: Expected '</', got 'jsx text'
  179 |           View Full Leaderboard →
  180 |         </p>
> 181 |       </Card>
      |              ^^^^^^^^^^^^^^^^^^^^^^^^^^^^^^^^^^^^^^^^^^^^^^^^^^^^^^^^^^^^^^^^^^^^^^^^^^^^^^^^^^^^
> 182 |     </section>
      | ^^^^
  183 |   );
  184 | }
  185 |

Parsing ecmascript source code failed

Import trace:
  Server Component:
    ./components/landing/LeaderboardSection.tsx
    ./app/page.tsx @ http://localhost:3000/_next/static/chunks/node_modules_next_dist_1e8vcs8._.js:1052
[ 7326641ms] [ERROR] ./components/landing/LeaderboardSection.tsx:181:14
Error: Expected '</', got 'jsx text'
  179 |           View Full Leaderboard →
  180 |         </p>
> 181 |       </Card>
      |              ^^^^^^^^^^^^^^^^^^^^^^^^^^^^^^^^^^^^^^^^^^^^^^^^^^^^^^^^^^^^^^^^^^^^^^^^^^^^^^^^^^^^
> 182 |     </section>
      | ^^^^
  183 |   );
  184 | }
  185 |

Parsing ecmascript source code failed

Import trace:
  Server Component:
    ./components/landing/LeaderboardSection.tsx
    ./app/page.tsx @ http://localhost:3000/_next/static/chunks/node_modules_next_dist_1e8vcs8._.js:1052
[ 7326699ms] [ERROR] ./components/landing/LeaderboardSection.tsx:181:14
Error: Expected '</', got 'jsx text'
  179 |           View Full Leaderboard →
  180 |         </p>
> 181 |       </Card>
      |              ^^^^^^^^^^^^^^^^^^^^^^^^^^^^^^^^^^^^^^^^^^^^^^^^^^^^^^^^^^^^^^^^^^^^^^^^^^^^^^^^^^^^
> 182 |     </section>
      | ^^^^
  183 |   );
  184 | }
  185 |

Parsing ecmascript source code failed

Import trace:
  Server Component:
    ./components/landing/LeaderboardSection.tsx
    ./app/page.tsx @ http://localhost:3000/_next/static/chunks/node_modules_next_dist_1e8vcs8._.js:1052
[ 7326758ms] [ERROR] ./components/landing/LeaderboardSection.tsx:181:14
Error: Expected '</', got 'jsx text'
  179 |           View Full Leaderboard →
  180 |         </p>
> 181 |       </Card>
      |              ^^^^^^^^^^^^^^^^^^^^^^^^^^^^^^^^^^^^^^^^^^^^^^^^^^^^^^^^^^^^^^^^^^^^^^^^^^^^^^^^^^^^
> 182 |     </section>
      | ^^^^
  183 |   );
  184 | }
  185 |

Parsing ecmascript source code failed

Import trace:
  Server Component:
    ./components/landing/LeaderboardSection.tsx
    ./app/page.tsx @ http://localhost:3000/_next/static/chunks/node_modules_next_dist_1e8vcs8._.js:1052
[ 7326832ms] [ERROR] ./components/landing/LeaderboardSection.tsx:181:14
Error: Expected '</', got 'jsx text'
  179 |           View Full Leaderboard →
  180 |         </p>
> 181 |       </Card>
      |              ^^^^^^^^^^^^^^^^^^^^^^^^^^^^^^^^^^^^^^^^^^^^^^^^^^^^^^^^^^^^^^^^^^^^^^^^^^^^^^^^^^^^
> 182 |     </section>
      | ^^^^
  183 |   );
  184 | }
  185 |

Parsing ecmascript source code failed

Import trace:
  Server Component:
    ./components/landing/LeaderboardSection.tsx
    ./app/page.tsx @ http://localhost:3000/_next/static/chunks/node_modules_next_dist_1e8vcs8._.js:1052
[ 7326900ms] [ERROR] ./components/landing/LeaderboardSection.tsx:181:14
Error: Expected '</', got 'jsx text'
  179 |           View Full Leaderboard →
  180 |         </p>
> 181 |       </Card>
      |              ^^^^^^^^^^^^^^^^^^^^^^^^^^^^^^^^^^^^^^^^^^^^^^^^^^^^^^^^^^^^^^^^^^^^^^^^^^^^^^^^^^^^
> 182 |     </section>
      | ^^^^
  183 |   );
  184 | }
  185 |

Parsing ecmascript source code failed

Import trace:
  Server Component:
    ./components/landing/LeaderboardSection.tsx
    ./app/page.tsx @ http://localhost:3000/_next/static/chunks/node_modules_next_dist_1e8vcs8._.js:1052
[ 7326953ms] [ERROR] ./components/landing/LeaderboardSection.tsx:181:14
Error: Expected '</', got 'jsx text'
  179 |           View Full Leaderboard →
  180 |         </p>
> 181 |       </Card>
      |              ^^^^^^^^^^^^^^^^^^^^^^^^^^^^^^^^^^^^^^^^^^^^^^^^^^^^^^^^^^^^^^^^^^^^^^^^^^^^^^^^^^^^
> 182 |     </section>
      | ^^^^
  183 |   );
  184 | }
  185 |

Parsing ecmascript source code failed

Import trace:
  Server Component:
    ./components/landing/LeaderboardSection.tsx
    ./app/page.tsx @ http://localhost:3000/_next/static/chunks/node_modules_next_dist_1e8vcs8._.js:1052
[ 7327012ms] [ERROR] ./components/landing/LeaderboardSection.tsx:181:14
Error: Expected '</', got 'jsx text'
  179 |           View Full Leaderboard →
  180 |         </p>
> 181 |       </Card>
      |              ^^^^^^^^^^^^^^^^^^^^^^^^^^^^^^^^^^^^^^^^^^^^^^^^^^^^^^^^^^^^^^^^^^^^^^^^^^^^^^^^^^^^
> 182 |     </section>
      | ^^^^
  183 |   );
  184 | }
  185 |

Parsing ecmascript source code failed

Import trace:
  Server Component:
    ./components/landing/LeaderboardSection.tsx
    ./app/page.tsx @ http://localhost:3000/_next/static/chunks/node_modules_next_dist_1e8vcs8._.js:1052
[ 7327082ms] [ERROR] ./components/landing/LeaderboardSection.tsx:181:14
Error: Expected '</', got 'jsx text'
  179 |           View Full Leaderboard →
  180 |         </p>
> 181 |       </Card>
      |              ^^^^^^^^^^^^^^^^^^^^^^^^^^^^^^^^^^^^^^^^^^^^^^^^^^^^^^^^^^^^^^^^^^^^^^^^^^^^^^^^^^^^
> 182 |     </section>
      | ^^^^
  183 |   );
  184 | }
  185 |

Parsing ecmascript source code failed

Import trace:
  Server Component:
    ./components/landing/LeaderboardSection.tsx
    ./app/page.tsx @ http://localhost:3000/_next/static/chunks/node_modules_next_dist_1e8vcs8._.js:1052
[ 7327137ms] [ERROR] ./components/landing/LeaderboardSection.tsx:181:14
Error: Expected '</', got 'jsx text'
  179 |           View Full Leaderboard →
  180 |         </p>
> 181 |       </Card>
      |              ^^^^^^^^^^^^^^^^^^^^^^^^^^^^^^^^^^^^^^^^^^^^^^^^^^^^^^^^^^^^^^^^^^^^^^^^^^^^^^^^^^^^
> 182 |     </section>
      | ^^^^
  183 |   );
  184 | }
  185 |

Parsing ecmascript source code failed

Import trace:
  Server Component:
    ./components/landing/LeaderboardSection.tsx
    ./app/page.tsx @ http://localhost:3000/_next/static/chunks/node_modules_next_dist_1e8vcs8._.js:1052
[ 7327191ms] [ERROR] ./components/landing/LeaderboardSection.tsx:181:14
Error: Expected '</', got 'jsx text'
  179 |           View Full Leaderboard →
  180 |         </p>
> 181 |       </Card>
      |              ^^^^^^^^^^^^^^^^^^^^^^^^^^^^^^^^^^^^^^^^^^^^^^^^^^^^^^^^^^^^^^^^^^^^^^^^^^^^^^^^^^^^
> 182 |     </section>
      | ^^^^
  183 |   );
  184 | }
  185 |

Parsing ecmascript source code failed

Import trace:
  Server Component:
    ./components/landing/LeaderboardSection.tsx
    ./app/page.tsx @ http://localhost:3000/_next/static/chunks/node_modules_next_dist_1e8vcs8._.js:1052
[ 7327256ms] [ERROR] ./components/landing/LeaderboardSection.tsx:181:14
Error: Expected '</', got 'jsx text'
  179 |           View Full Leaderboard →
  180 |         </p>
> 181 |       </Card>
      |              ^^^^^^^^^^^^^^^^^^^^^^^^^^^^^^^^^^^^^^^^^^^^^^^^^^^^^^^^^^^^^^^^^^^^^^^^^^^^^^^^^^^^
> 182 |     </section>
      | ^^^^
  183 |   );
  184 | }
  185 |

Parsing ecmascript source code failed

Import trace:
  Server Component:
    ./components/landing/LeaderboardSection.tsx
    ./app/page.tsx @ http://localhost:3000/_next/static/chunks/node_modules_next_dist_1e8vcs8._.js:1052
[ 7327317ms] [ERROR] ./components/landing/LeaderboardSection.tsx:181:14
Error: Expected '</', got 'jsx text'
  179 |           View Full Leaderboard →
  180 |         </p>
> 181 |       </Card>
      |              ^^^^^^^^^^^^^^^^^^^^^^^^^^^^^^^^^^^^^^^^^^^^^^^^^^^^^^^^^^^^^^^^^^^^^^^^^^^^^^^^^^^^
> 182 |     </section>
      | ^^^^
  183 |   );
  184 | }
  185 |

Parsing ecmascript source code failed

Import trace:
  Server Component:
    ./components/landing/LeaderboardSection.tsx
    ./app/page.tsx @ http://localhost:3000/_next/static/chunks/node_modules_next_dist_1e8vcs8._.js:1052
[ 7327374ms] [ERROR] ./components/landing/LeaderboardSection.tsx:181:14
Error: Expected '</', got 'jsx text'
  179 |           View Full Leaderboard →
  180 |         </p>
> 181 |       </Card>
      |              ^^^^^^^^^^^^^^^^^^^^^^^^^^^^^^^^^^^^^^^^^^^^^^^^^^^^^^^^^^^^^^^^^^^^^^^^^^^^^^^^^^^^
> 182 |     </section>
      | ^^^^
  183 |   );
  184 | }
  185 |

Parsing ecmascript source code failed

Import trace:
  Server Component:
    ./components/landing/LeaderboardSection.tsx
    ./app/page.tsx @ http://localhost:3000/_next/static/chunks/node_modules_next_dist_1e8vcs8._.js:1052
[ 7327459ms] [ERROR] ./components/landing/LeaderboardSection.tsx:181:14
Error: Expected '</', got 'jsx text'
  179 |           View Full Leaderboard →
  180 |         </p>
> 181 |       </Card>
      |              ^^^^^^^^^^^^^^^^^^^^^^^^^^^^^^^^^^^^^^^^^^^^^^^^^^^^^^^^^^^^^^^^^^^^^^^^^^^^^^^^^^^^
> 182 |     </section>
      | ^^^^
  183 |   );
  184 | }
  185 |

Parsing ecmascript source code failed

Import trace:
  Server Component:
    ./components/landing/LeaderboardSection.tsx
    ./app/page.tsx @ http://localhost:3000/_next/static/chunks/node_modules_next_dist_1e8vcs8._.js:1052
[ 7327553ms] [ERROR] ./components/landing/LeaderboardSection.tsx:181:14
Error: Expected '</', got 'jsx text'
  179 |           View Full Leaderboard →
  180 |         </p>
> 181 |       </Card>
      |              ^^^^^^^^^^^^^^^^^^^^^^^^^^^^^^^^^^^^^^^^^^^^^^^^^^^^^^^^^^^^^^^^^^^^^^^^^^^^^^^^^^^^
> 182 |     </section>
      | ^^^^
  183 |   );
  184 | }
  185 |

Parsing ecmascript source code failed

Import trace:
  Server Component:
    ./components/landing/LeaderboardSection.tsx
    ./app/page.tsx @ http://localhost:3000/_next/static/chunks/node_modules_next_dist_1e8vcs8._.js:1052
[ 7327624ms] [ERROR] ./components/landing/LeaderboardSection.tsx:181:14
Error: Expected '</', got 'jsx text'
  179 |           View Full Leaderboard →
  180 |         </p>
> 181 |       </Card>
      |              ^^^^^^^^^^^^^^^^^^^^^^^^^^^^^^^^^^^^^^^^^^^^^^^^^^^^^^^^^^^^^^^^^^^^^^^^^^^^^^^^^^^^
> 182 |     </section>
      | ^^^^
  183 |   );
  184 | }
  185 |

Parsing ecmascript source code failed

Import trace:
  Server Component:
    ./components/landing/LeaderboardSection.tsx
    ./app/page.tsx @ http://localhost:3000/_next/static/chunks/node_modules_next_dist_1e8vcs8._.js:1052
[ 7327691ms] [ERROR] ./components/landing/LeaderboardSection.tsx:181:14
Error: Expected '</', got 'jsx text'
  179 |           View Full Leaderboard →
  180 |         </p>
> 181 |       </Card>
      |              ^^^^^^^^^^^^^^^^^^^^^^^^^^^^^^^^^^^^^^^^^^^^^^^^^^^^^^^^^^^^^^^^^^^^^^^^^^^^^^^^^^^^
> 182 |     </section>
      | ^^^^
  183 |   );
  184 | }
  185 |

Parsing ecmascript source code failed

Import trace:
  Server Component:
    ./components/landing/LeaderboardSection.tsx
    ./app/page.tsx @ http://localhost:3000/_next/static/chunks/node_modules_next_dist_1e8vcs8._.js:1052
[ 7327767ms] [ERROR] ./components/landing/LeaderboardSection.tsx:181:14
Error: Expected '</', got 'jsx text'
  179 |           View Full Leaderboard →
  180 |         </p>
> 181 |       </Card>
      |              ^^^^^^^^^^^^^^^^^^^^^^^^^^^^^^^^^^^^^^^^^^^^^^^^^^^^^^^^^^^^^^^^^^^^^^^^^^^^^^^^^^^^
> 182 |     </section>
      | ^^^^
  183 |   );
  184 | }
  185 |

Parsing ecmascript source code failed

Import trace:
  Server Component:
    ./components/landing/LeaderboardSection.tsx
    ./app/page.tsx @ http://localhost:3000/_next/static/chunks/node_modules_next_dist_1e8vcs8._.js:1052
[ 7327822ms] [ERROR] ./components/landing/LeaderboardSection.tsx:181:14
Error: Expected '</', got 'jsx text'
  179 |           View Full Leaderboard →
  180 |         </p>
> 181 |       </Card>
      |              ^^^^^^^^^^^^^^^^^^^^^^^^^^^^^^^^^^^^^^^^^^^^^^^^^^^^^^^^^^^^^^^^^^^^^^^^^^^^^^^^^^^^
> 182 |     </section>
      | ^^^^
  183 |   );
  184 | }
  185 |

Parsing ecmascript source code failed

Import trace:
  Server Component:
    ./components/landing/LeaderboardSection.tsx
    ./app/page.tsx @ http://localhost:3000/_next/static/chunks/node_modules_next_dist_1e8vcs8._.js:1052
[ 7327874ms] [ERROR] ./components/landing/LeaderboardSection.tsx:181:14
Error: Expected '</', got 'jsx text'
  179 |           View Full Leaderboard →
  180 |         </p>
> 181 |       </Card>
      |              ^^^^^^^^^^^^^^^^^^^^^^^^^^^^^^^^^^^^^^^^^^^^^^^^^^^^^^^^^^^^^^^^^^^^^^^^^^^^^^^^^^^^
> 182 |     </section>
      | ^^^^
  183 |   );
  184 | }
  185 |

Parsing ecmascript source code failed

Import trace:
  Server Component:
    ./components/landing/LeaderboardSection.tsx
    ./app/page.tsx @ http://localhost:3000/_next/static/chunks/node_modules_next_dist_1e8vcs8._.js:1052
[ 7327938ms] [ERROR] ./components/landing/LeaderboardSection.tsx:181:14
Error: Expected '</', got 'jsx text'
  179 |           View Full Leaderboard →
  180 |         </p>
> 181 |       </Card>
      |              ^^^^^^^^^^^^^^^^^^^^^^^^^^^^^^^^^^^^^^^^^^^^^^^^^^^^^^^^^^^^^^^^^^^^^^^^^^^^^^^^^^^^
> 182 |     </section>
      | ^^^^
  183 |   );
  184 | }
  185 |

Parsing ecmascript source code failed

Import trace:
  Server Component:
    ./components/landing/LeaderboardSection.tsx
    ./app/page.tsx @ http://localhost:3000/_next/static/chunks/node_modules_next_dist_1e8vcs8._.js:1052
[ 7327990ms] [ERROR] ./components/landing/LeaderboardSection.tsx:181:14
Error: Expected '</', got 'jsx text'
  179 |           View Full Leaderboard →
  180 |         </p>
> 181 |       </Card>
      |              ^^^^^^^^^^^^^^^^^^^^^^^^^^^^^^^^^^^^^^^^^^^^^^^^^^^^^^^^^^^^^^^^^^^^^^^^^^^^^^^^^^^^
> 182 |     </section>
      | ^^^^
  183 |   );
  184 | }
  185 |

Parsing ecmascript source code failed

Import trace:
  Server Component:
    ./components/landing/LeaderboardSection.tsx
    ./app/page.tsx @ http://localhost:3000/_next/static/chunks/node_modules_next_dist_1e8vcs8._.js:1052
[ 7328047ms] [ERROR] ./components/landing/LeaderboardSection.tsx:181:14
Error: Expected '</', got 'jsx text'
  179 |           View Full Leaderboard →
  180 |         </p>
> 181 |       </Card>
      |              ^^^^^^^^^^^^^^^^^^^^^^^^^^^^^^^^^^^^^^^^^^^^^^^^^^^^^^^^^^^^^^^^^^^^^^^^^^^^^^^^^^^^
> 182 |     </section>
      | ^^^^
  183 |   );
  184 | }
  185 |

Parsing ecmascript source code failed

Import trace:
  Server Component:
    ./components/landing/LeaderboardSection.tsx
    ./app/page.tsx @ http://localhost:3000/_next/static/chunks/node_modules_next_dist_1e8vcs8._.js:1052
[ 7328106ms] [ERROR] ./components/landing/LeaderboardSection.tsx:181:14
Error: Expected '</', got 'jsx text'
  179 |           View Full Leaderboard →
  180 |         </p>
> 181 |       </Card>
      |              ^^^^^^^^^^^^^^^^^^^^^^^^^^^^^^^^^^^^^^^^^^^^^^^^^^^^^^^^^^^^^^^^^^^^^^^^^^^^^^^^^^^^
> 182 |     </section>
      | ^^^^
  183 |   );
  184 | }
  185 |

Parsing ecmascript source code failed

Import trace:
  Server Component:
    ./components/landing/LeaderboardSection.tsx
    ./app/page.tsx @ http://localhost:3000/_next/static/chunks/node_modules_next_dist_1e8vcs8._.js:1052
[ 7328165ms] [ERROR] ./components/landing/LeaderboardSection.tsx:181:14
Error: Expected '</', got 'jsx text'
  179 |           View Full Leaderboard →
  180 |         </p>
> 181 |       </Card>
      |              ^^^^^^^^^^^^^^^^^^^^^^^^^^^^^^^^^^^^^^^^^^^^^^^^^^^^^^^^^^^^^^^^^^^^^^^^^^^^^^^^^^^^
> 182 |     </section>
      | ^^^^
  183 |   );
  184 | }
  185 |

Parsing ecmascript source code failed

Import trace:
  Server Component:
    ./components/landing/LeaderboardSection.tsx
    ./app/page.tsx @ http://localhost:3000/_next/static/chunks/node_modules_next_dist_1e8vcs8._.js:1052
[ 7328222ms] [ERROR] ./components/landing/LeaderboardSection.tsx:181:14
Error: Expected '</', got 'jsx text'
  179 |           View Full Leaderboard →
  180 |         </p>
> 181 |       </Card>
      |              ^^^^^^^^^^^^^^^^^^^^^^^^^^^^^^^^^^^^^^^^^^^^^^^^^^^^^^^^^^^^^^^^^^^^^^^^^^^^^^^^^^^^
> 182 |     </section>
      | ^^^^
  183 |   );
  184 | }
  185 |

Parsing ecmascript source code failed

Import trace:
  Server Component:
    ./components/landing/LeaderboardSection.tsx
    ./app/page.tsx @ http://localhost:3000/_next/static/chunks/node_modules_next_dist_1e8vcs8._.js:1052
[ 7328292ms] [ERROR] ./components/landing/LeaderboardSection.tsx:181:14
Error: Expected '</', got 'jsx text'
  179 |           View Full Leaderboard →
  180 |         </p>
> 181 |       </Card>
      |              ^^^^^^^^^^^^^^^^^^^^^^^^^^^^^^^^^^^^^^^^^^^^^^^^^^^^^^^^^^^^^^^^^^^^^^^^^^^^^^^^^^^^
> 182 |     </section>
      | ^^^^
  183 |   );
  184 | }
  185 |

Parsing ecmascript source code failed

Import trace:
  Server Component:
    ./components/landing/LeaderboardSection.tsx
    ./app/page.tsx @ http://localhost:3000/_next/static/chunks/node_modules_next_dist_1e8vcs8._.js:1052
[ 7328346ms] [ERROR] ./components/landing/LeaderboardSection.tsx:181:14
Error: Expected '</', got 'jsx text'
  179 |           View Full Leaderboard →
  180 |         </p>
> 181 |       </Card>
      |              ^^^^^^^^^^^^^^^^^^^^^^^^^^^^^^^^^^^^^^^^^^^^^^^^^^^^^^^^^^^^^^^^^^^^^^^^^^^^^^^^^^^^
> 182 |     </section>
      | ^^^^
  183 |   );
  184 | }
  185 |

Parsing ecmascript source code failed

Import trace:
  Server Component:
    ./components/landing/LeaderboardSection.tsx
    ./app/page.tsx @ http://localhost:3000/_next/static/chunks/node_modules_next_dist_1e8vcs8._.js:1052
[ 7328414ms] [ERROR] ./components/landing/LeaderboardSection.tsx:181:14
Error: Expected '</', got 'jsx text'
  179 |           View Full Leaderboard →
  180 |         </p>
> 181 |       </Card>
      |              ^^^^^^^^^^^^^^^^^^^^^^^^^^^^^^^^^^^^^^^^^^^^^^^^^^^^^^^^^^^^^^^^^^^^^^^^^^^^^^^^^^^^
> 182 |     </section>
      | ^^^^
  183 |   );
  184 | }
  185 |

Parsing ecmascript source code failed

Import trace:
  Server Component:
    ./components/landing/LeaderboardSection.tsx
    ./app/page.tsx @ http://localhost:3000/_next/static/chunks/node_modules_next_dist_1e8vcs8._.js:1052
[ 7328468ms] [ERROR] ./components/landing/LeaderboardSection.tsx:181:14
Error: Expected '</', got 'jsx text'
  179 |           View Full Leaderboard →
  180 |         </p>
> 181 |       </Card>
      |              ^^^^^^^^^^^^^^^^^^^^^^^^^^^^^^^^^^^^^^^^^^^^^^^^^^^^^^^^^^^^^^^^^^^^^^^^^^^^^^^^^^^^
> 182 |     </section>
      | ^^^^
  183 |   );
  184 | }
  185 |

Parsing ecmascript source code failed

Import trace:
  Server Component:
    ./components/landing/LeaderboardSection.tsx
    ./app/page.tsx @ http://localhost:3000/_next/static/chunks/node_modules_next_dist_1e8vcs8._.js:1052
[ 7328549ms] [ERROR] ./components/landing/LeaderboardSection.tsx:181:14
Error: Expected '</', got 'jsx text'
  179 |           View Full Leaderboard →
  180 |         </p>
> 181 |       </Card>
      |              ^^^^^^^^^^^^^^^^^^^^^^^^^^^^^^^^^^^^^^^^^^^^^^^^^^^^^^^^^^^^^^^^^^^^^^^^^^^^^^^^^^^^
> 182 |     </section>
      | ^^^^
  183 |   );
  184 | }
  185 |

Parsing ecmascript source code failed

Import trace:
  Server Component:
    ./components/landing/LeaderboardSection.tsx
    ./app/page.tsx @ http://localhost:3000/_next/static/chunks/node_modules_next_dist_1e8vcs8._.js:1052
[ 7328616ms] [ERROR] ./components/landing/LeaderboardSection.tsx:181:14
Error: Expected '</', got 'jsx text'
  179 |           View Full Leaderboard →
  180 |         </p>
> 181 |       </Card>
      |              ^^^^^^^^^^^^^^^^^^^^^^^^^^^^^^^^^^^^^^^^^^^^^^^^^^^^^^^^^^^^^^^^^^^^^^^^^^^^^^^^^^^^
> 182 |     </section>
      | ^^^^
  183 |   );
  184 | }
  185 |

Parsing ecmascript source code failed

Import trace:
  Server Component:
    ./components/landing/LeaderboardSection.tsx
    ./app/page.tsx @ http://localhost:3000/_next/static/chunks/node_modules_next_dist_1e8vcs8._.js:1052
[ 7328682ms] [ERROR] ./components/landing/LeaderboardSection.tsx:181:14
Error: Expected '</', got 'jsx text'
  179 |           View Full Leaderboard →
  180 |         </p>
> 181 |       </Card>
      |              ^^^^^^^^^^^^^^^^^^^^^^^^^^^^^^^^^^^^^^^^^^^^^^^^^^^^^^^^^^^^^^^^^^^^^^^^^^^^^^^^^^^^
> 182 |     </section>
      | ^^^^
  183 |   );
  184 | }
  185 |

Parsing ecmascript source code failed

Import trace:
  Server Component:
    ./components/landing/LeaderboardSection.tsx
    ./app/page.tsx @ http://localhost:3000/_next/static/chunks/node_modules_next_dist_1e8vcs8._.js:1052
[ 7328738ms] [ERROR] ./components/landing/LeaderboardSection.tsx:181:14
Error: Expected '</', got 'jsx text'
  179 |           View Full Leaderboard →
  180 |         </p>
> 181 |       </Card>
      |              ^^^^^^^^^^^^^^^^^^^^^^^^^^^^^^^^^^^^^^^^^^^^^^^^^^^^^^^^^^^^^^^^^^^^^^^^^^^^^^^^^^^^
> 182 |     </section>
      | ^^^^
  183 |   );
  184 | }
  185 |

Parsing ecmascript source code failed

Import trace:
  Server Component:
    ./components/landing/LeaderboardSection.tsx
    ./app/page.tsx @ http://localhost:3000/_next/static/chunks/node_modules_next_dist_1e8vcs8._.js:1052
[ 7328799ms] [ERROR] ./components/landing/LeaderboardSection.tsx:181:14
Error: Expected '</', got 'jsx text'
  179 |           View Full Leaderboard →
  180 |         </p>
> 181 |       </Card>
      |              ^^^^^^^^^^^^^^^^^^^^^^^^^^^^^^^^^^^^^^^^^^^^^^^^^^^^^^^^^^^^^^^^^^^^^^^^^^^^^^^^^^^^
> 182 |     </section>
      | ^^^^
  183 |   );
  184 | }
  185 |

Parsing ecmascript source code failed

Import trace:
  Server Component:
    ./components/landing/LeaderboardSection.tsx
    ./app/page.tsx @ http://localhost:3000/_next/static/chunks/node_modules_next_dist_1e8vcs8._.js:1052
[ 7328858ms] [ERROR] ./components/landing/LeaderboardSection.tsx:181:14
Error: Expected '</', got 'jsx text'
  179 |           View Full Leaderboard →
  180 |         </p>
> 181 |       </Card>
      |              ^^^^^^^^^^^^^^^^^^^^^^^^^^^^^^^^^^^^^^^^^^^^^^^^^^^^^^^^^^^^^^^^^^^^^^^^^^^^^^^^^^^^
> 182 |     </section>
      | ^^^^
  183 |   );
  184 | }
  185 |

Parsing ecmascript source code failed

Import trace:
  Server Component:
    ./components/landing/LeaderboardSection.tsx
    ./app/page.tsx @ http://localhost:3000/_next/static/chunks/node_modules_next_dist_1e8vcs8._.js:1052
[ 7328924ms] [ERROR] ./components/landing/LeaderboardSection.tsx:181:14
Error: Expected '</', got 'jsx text'
  179 |           View Full Leaderboard →
  180 |         </p>
> 181 |       </Card>
      |              ^^^^^^^^^^^^^^^^^^^^^^^^^^^^^^^^^^^^^^^^^^^^^^^^^^^^^^^^^^^^^^^^^^^^^^^^^^^^^^^^^^^^
> 182 |     </section>
      | ^^^^
  183 |   );
  184 | }
  185 |

Parsing ecmascript source code failed

Import trace:
  Server Component:
    ./components/landing/LeaderboardSection.tsx
    ./app/page.tsx @ http://localhost:3000/_next/static/chunks/node_modules_next_dist_1e8vcs8._.js:1052
[ 7328982ms] [ERROR] ./components/landing/LeaderboardSection.tsx:181:14
Error: Expected '</', got 'jsx text'
  179 |           View Full Leaderboard →
  180 |         </p>
> 181 |       </Card>
      |              ^^^^^^^^^^^^^^^^^^^^^^^^^^^^^^^^^^^^^^^^^^^^^^^^^^^^^^^^^^^^^^^^^^^^^^^^^^^^^^^^^^^^
> 182 |     </section>
      | ^^^^
  183 |   );
  184 | }
  185 |

Parsing ecmascript source code failed

Import trace:
  Server Component:
    ./components/landing/LeaderboardSection.tsx
    ./app/page.tsx @ http://localhost:3000/_next/static/chunks/node_modules_next_dist_1e8vcs8._.js:1052
[ 7329053ms] [ERROR] ./components/landing/LeaderboardSection.tsx:181:14
Error: Expected '</', got 'jsx text'
  179 |           View Full Leaderboard →
  180 |         </p>
> 181 |       </Card>
      |              ^^^^^^^^^^^^^^^^^^^^^^^^^^^^^^^^^^^^^^^^^^^^^^^^^^^^^^^^^^^^^^^^^^^^^^^^^^^^^^^^^^^^
> 182 |     </section>
      | ^^^^
  183 |   );
  184 | }
  185 |

Parsing ecmascript source code failed

Import trace:
  Server Component:
    ./components/landing/LeaderboardSection.tsx
    ./app/page.tsx @ http://localhost:3000/_next/static/chunks/node_modules_next_dist_1e8vcs8._.js:1052
[ 7329114ms] [ERROR] ./components/landing/LeaderboardSection.tsx:181:14
Error: Expected '</', got 'jsx text'
  179 |           View Full Leaderboard →
  180 |         </p>
> 181 |       </Card>
      |              ^^^^^^^^^^^^^^^^^^^^^^^^^^^^^^^^^^^^^^^^^^^^^^^^^^^^^^^^^^^^^^^^^^^^^^^^^^^^^^^^^^^^
> 182 |     </section>
      | ^^^^
  183 |   );
  184 | }
  185 |

Parsing ecmascript source code failed

Import trace:
  Server Component:
    ./components/landing/LeaderboardSection.tsx
    ./app/page.tsx @ http://localhost:3000/_next/static/chunks/node_modules_next_dist_1e8vcs8._.js:1052
[ 7329174ms] [ERROR] ./components/landing/LeaderboardSection.tsx:181:14
Error: Expected '</', got 'jsx text'
  179 |           View Full Leaderboard →
  180 |         </p>
> 181 |       </Card>
      |              ^^^^^^^^^^^^^^^^^^^^^^^^^^^^^^^^^^^^^^^^^^^^^^^^^^^^^^^^^^^^^^^^^^^^^^^^^^^^^^^^^^^^
> 182 |     </section>
      | ^^^^
  183 |   );
  184 | }
  185 |

Parsing ecmascript source code failed

Import trace:
  Server Component:
    ./components/landing/LeaderboardSection.tsx
    ./app/page.tsx @ http://localhost:3000/_next/static/chunks/node_modules_next_dist_1e8vcs8._.js:1052
[ 7329237ms] [ERROR] ./components/landing/LeaderboardSection.tsx:181:14
Error: Expected '</', got 'jsx text'
  179 |           View Full Leaderboard →
  180 |         </p>
> 181 |       </Card>
      |              ^^^^^^^^^^^^^^^^^^^^^^^^^^^^^^^^^^^^^^^^^^^^^^^^^^^^^^^^^^^^^^^^^^^^^^^^^^^^^^^^^^^^
> 182 |     </section>
      | ^^^^
  183 |   );
  184 | }
  185 |

Parsing ecmascript source code failed

Import trace:
  Server Component:
    ./components/landing/LeaderboardSection.tsx
    ./app/page.tsx @ http://localhost:3000/_next/static/chunks/node_modules_next_dist_1e8vcs8._.js:1052
[ 7329320ms] [ERROR] ./components/landing/LeaderboardSection.tsx:181:14
Error: Expected '</', got 'jsx text'
  179 |           View Full Leaderboard →
  180 |         </p>
> 181 |       </Card>
      |              ^^^^^^^^^^^^^^^^^^^^^^^^^^^^^^^^^^^^^^^^^^^^^^^^^^^^^^^^^^^^^^^^^^^^^^^^^^^^^^^^^^^^
> 182 |     </section>
      | ^^^^
  183 |   );
  184 | }
  185 |

Parsing ecmascript source code failed

Import trace:
  Server Component:
    ./components/landing/LeaderboardSection.tsx
    ./app/page.tsx @ http://localhost:3000/_next/static/chunks/node_modules_next_dist_1e8vcs8._.js:1052
[ 7329383ms] [ERROR] ./components/landing/LeaderboardSection.tsx:181:14
Error: Expected '</', got 'jsx text'
  179 |           View Full Leaderboard →
  180 |         </p>
> 181 |       </Card>
      |              ^^^^^^^^^^^^^^^^^^^^^^^^^^^^^^^^^^^^^^^^^^^^^^^^^^^^^^^^^^^^^^^^^^^^^^^^^^^^^^^^^^^^
> 182 |     </section>
      | ^^^^
  183 |   );
  184 | }
  185 |

Parsing ecmascript source code failed

Import trace:
  Server Component:
    ./components/landing/LeaderboardSection.tsx
    ./app/page.tsx @ http://localhost:3000/_next/static/chunks/node_modules_next_dist_1e8vcs8._.js:1052
[ 7329440ms] [ERROR] ./components/landing/LeaderboardSection.tsx:181:14
Error: Expected '</', got 'jsx text'
  179 |           View Full Leaderboard →
  180 |         </p>
> 181 |       </Card>
      |              ^^^^^^^^^^^^^^^^^^^^^^^^^^^^^^^^^^^^^^^^^^^^^^^^^^^^^^^^^^^^^^^^^^^^^^^^^^^^^^^^^^^^
> 182 |     </section>
      | ^^^^
  183 |   );
  184 | }
  185 |

Parsing ecmascript source code failed

Import trace:
  Server Component:
    ./components/landing/LeaderboardSection.tsx
    ./app/page.tsx @ http://localhost:3000/_next/static/chunks/node_modules_next_dist_1e8vcs8._.js:1052
[ 7329493ms] [ERROR] ./components/landing/LeaderboardSection.tsx:181:14
Error: Expected '</', got 'jsx text'
  179 |           View Full Leaderboard →
  180 |         </p>
> 181 |       </Card>
      |              ^^^^^^^^^^^^^^^^^^^^^^^^^^^^^^^^^^^^^^^^^^^^^^^^^^^^^^^^^^^^^^^^^^^^^^^^^^^^^^^^^^^^
> 182 |     </section>
      | ^^^^
  183 |   );
  184 | }
  185 |

Parsing ecmascript source code failed

Import trace:
  Server Component:
    ./components/landing/LeaderboardSection.tsx
    ./app/page.tsx @ http://localhost:3000/_next/static/chunks/node_modules_next_dist_1e8vcs8._.js:1052
[ 7329541ms] [ERROR] ./components/landing/LeaderboardSection.tsx:181:14
Error: Expected '</', got 'jsx text'
  179 |           View Full Leaderboard →
  180 |         </p>
> 181 |       </Card>
      |              ^^^^^^^^^^^^^^^^^^^^^^^^^^^^^^^^^^^^^^^^^^^^^^^^^^^^^^^^^^^^^^^^^^^^^^^^^^^^^^^^^^^^
> 182 |     </section>
      | ^^^^
  183 |   );
  184 | }
  185 |

Parsing ecmascript source code failed

Import trace:
  Server Component:
    ./components/landing/LeaderboardSection.tsx
    ./app/page.tsx @ http://localhost:3000/_next/static/chunks/node_modules_next_dist_1e8vcs8._.js:1052
[ 7329591ms] [ERROR] ./components/landing/LeaderboardSection.tsx:181:14
Error: Expected '</', got 'jsx text'
  179 |           View Full Leaderboard →
  180 |         </p>
> 181 |       </Card>
      |              ^^^^^^^^^^^^^^^^^^^^^^^^^^^^^^^^^^^^^^^^^^^^^^^^^^^^^^^^^^^^^^^^^^^^^^^^^^^^^^^^^^^^
> 182 |     </section>
      | ^^^^
  183 |   );
  184 | }
  185 |

Parsing ecmascript source code failed

Import trace:
  Server Component:
    ./components/landing/LeaderboardSection.tsx
    ./app/page.tsx @ http://localhost:3000/_next/static/chunks/node_modules_next_dist_1e8vcs8._.js:1052
[ 7329641ms] [ERROR] ./components/landing/LeaderboardSection.tsx:181:14
Error: Expected '</', got 'jsx text'
  179 |           View Full Leaderboard →
  180 |         </p>
> 181 |       </Card>
      |              ^^^^^^^^^^^^^^^^^^^^^^^^^^^^^^^^^^^^^^^^^^^^^^^^^^^^^^^^^^^^^^^^^^^^^^^^^^^^^^^^^^^^
> 182 |     </section>
      | ^^^^
  183 |   );
  184 | }
  185 |

Parsing ecmascript source code failed

Import trace:
  Server Component:
    ./components/landing/LeaderboardSection.tsx
    ./app/page.tsx @ http://localhost:3000/_next/static/chunks/node_modules_next_dist_1e8vcs8._.js:1052
[ 7329691ms] [ERROR] ./components/landing/LeaderboardSection.tsx:181:14
Error: Expected '</', got 'jsx text'
  179 |           View Full Leaderboard →
  180 |         </p>
> 181 |       </Card>
      |              ^^^^^^^^^^^^^^^^^^^^^^^^^^^^^^^^^^^^^^^^^^^^^^^^^^^^^^^^^^^^^^^^^^^^^^^^^^^^^^^^^^^^
> 182 |     </section>
      | ^^^^
  183 |   );
  184 | }
  185 |

Parsing ecmascript source code failed

Import trace:
  Server Component:
    ./components/landing/LeaderboardSection.tsx
    ./app/page.tsx @ http://localhost:3000/_next/static/chunks/node_modules_next_dist_1e8vcs8._.js:1052
[ 7329748ms] [ERROR] ./components/landing/LeaderboardSection.tsx:181:14
Error: Expected '</', got 'jsx text'
  179 |           View Full Leaderboard →
  180 |         </p>
> 181 |       </Card>
      |              ^^^^^^^^^^^^^^^^^^^^^^^^^^^^^^^^^^^^^^^^^^^^^^^^^^^^^^^^^^^^^^^^^^^^^^^^^^^^^^^^^^^^
> 182 |     </section>
      | ^^^^
  183 |   );
  184 | }
  185 |

Parsing ecmascript source code failed

Import trace:
  Server Component:
    ./components/landing/LeaderboardSection.tsx
    ./app/page.tsx @ http://localhost:3000/_next/static/chunks/node_modules_next_dist_1e8vcs8._.js:1052
[ 7329818ms] [ERROR] ./components/landing/LeaderboardSection.tsx:181:14
Error: Expected '</', got 'jsx text'
  179 |           View Full Leaderboard →
  180 |         </p>
> 181 |       </Card>
      |              ^^^^^^^^^^^^^^^^^^^^^^^^^^^^^^^^^^^^^^^^^^^^^^^^^^^^^^^^^^^^^^^^^^^^^^^^^^^^^^^^^^^^
> 182 |     </section>
      | ^^^^
  183 |   );
  184 | }
  185 |

Parsing ecmascript source code failed

Import trace:
  Server Component:
    ./components/landing/LeaderboardSection.tsx
    ./app/page.tsx @ http://localhost:3000/_next/static/chunks/node_modules_next_dist_1e8vcs8._.js:1052
[ 7329881ms] [ERROR] ./components/landing/LeaderboardSection.tsx:181:14
Error: Expected '</', got 'jsx text'
  179 |           View Full Leaderboard →
  180 |         </p>
> 181 |       </Card>
      |              ^^^^^^^^^^^^^^^^^^^^^^^^^^^^^^^^^^^^^^^^^^^^^^^^^^^^^^^^^^^^^^^^^^^^^^^^^^^^^^^^^^^^
> 182 |     </section>
      | ^^^^
  183 |   );
  184 | }
  185 |

Parsing ecmascript source code failed

Import trace:
  Server Component:
    ./components/landing/LeaderboardSection.tsx
    ./app/page.tsx @ http://localhost:3000/_next/static/chunks/node_modules_next_dist_1e8vcs8._.js:1052
[ 7329936ms] [ERROR] ./components/landing/LeaderboardSection.tsx:181:14
Error: Expected '</', got 'jsx text'
  179 |           View Full Leaderboard →
  180 |         </p>
> 181 |       </Card>
      |              ^^^^^^^^^^^^^^^^^^^^^^^^^^^^^^^^^^^^^^^^^^^^^^^^^^^^^^^^^^^^^^^^^^^^^^^^^^^^^^^^^^^^
> 182 |     </section>
      | ^^^^
  183 |   );
  184 | }
  185 |

Parsing ecmascript source code failed

Import trace:
  Server Component:
    ./components/landing/LeaderboardSection.tsx
    ./app/page.tsx @ http://localhost:3000/_next/static/chunks/node_modules_next_dist_1e8vcs8._.js:1052
[ 7329999ms] [ERROR] ./components/landing/LeaderboardSection.tsx:181:14
Error: Expected '</', got 'jsx text'
  179 |           View Full Leaderboard →
  180 |         </p>
> 181 |       </Card>
      |              ^^^^^^^^^^^^^^^^^^^^^^^^^^^^^^^^^^^^^^^^^^^^^^^^^^^^^^^^^^^^^^^^^^^^^^^^^^^^^^^^^^^^
> 182 |     </section>
      | ^^^^
  183 |   );
  184 | }
  185 |

Parsing ecmascript source code failed

Import trace:
  Server Component:
    ./components/landing/LeaderboardSection.tsx
    ./app/page.tsx @ http://localhost:3000/_next/static/chunks/node_modules_next_dist_1e8vcs8._.js:1052
[ 7330070ms] [ERROR] ./components/landing/LeaderboardSection.tsx:181:14
Error: Expected '</', got 'jsx text'
  179 |           View Full Leaderboard →
  180 |         </p>
> 181 |       </Card>
      |              ^^^^^^^^^^^^^^^^^^^^^^^^^^^^^^^^^^^^^^^^^^^^^^^^^^^^^^^^^^^^^^^^^^^^^^^^^^^^^^^^^^^^
> 182 |     </section>
      | ^^^^
  183 |   );
  184 | }
  185 |

Parsing ecmascript source code failed

Import trace:
  Server Component:
    ./components/landing/LeaderboardSection.tsx
    ./app/page.tsx @ http://localhost:3000/_next/static/chunks/node_modules_next_dist_1e8vcs8._.js:1052
[ 7330147ms] [ERROR] ./components/landing/LeaderboardSection.tsx:181:14
Error: Expected '</', got 'jsx text'
  179 |           View Full Leaderboard →
  180 |         </p>
> 181 |       </Card>
      |              ^^^^^^^^^^^^^^^^^^^^^^^^^^^^^^^^^^^^^^^^^^^^^^^^^^^^^^^^^^^^^^^^^^^^^^^^^^^^^^^^^^^^
> 182 |     </section>
      | ^^^^
  183 |   );
  184 | }
  185 |

Parsing ecmascript source code failed

Import trace:
  Server Component:
    ./components/landing/LeaderboardSection.tsx
    ./app/page.tsx @ http://localhost:3000/_next/static/chunks/node_modules_next_dist_1e8vcs8._.js:1052
[ 7330222ms] [ERROR] ./components/landing/LeaderboardSection.tsx:181:14
Error: Expected '</', got 'jsx text'
  179 |           View Full Leaderboard →
  180 |         </p>
> 181 |       </Card>
      |              ^^^^^^^^^^^^^^^^^^^^^^^^^^^^^^^^^^^^^^^^^^^^^^^^^^^^^^^^^^^^^^^^^^^^^^^^^^^^^^^^^^^^
> 182 |     </section>
      | ^^^^
  183 |   );
  184 | }
  185 |

Parsing ecmascript source code failed

Import trace:
  Server Component:
    ./components/landing/LeaderboardSection.tsx
    ./app/page.tsx @ http://localhost:3000/_next/static/chunks/node_modules_next_dist_1e8vcs8._.js:1052
[ 7330289ms] [ERROR] ./components/landing/LeaderboardSection.tsx:181:14
Error: Expected '</', got 'jsx text'
  179 |           View Full Leaderboard →
  180 |         </p>
> 181 |       </Card>
      |              ^^^^^^^^^^^^^^^^^^^^^^^^^^^^^^^^^^^^^^^^^^^^^^^^^^^^^^^^^^^^^^^^^^^^^^^^^^^^^^^^^^^^
> 182 |     </section>
      | ^^^^
  183 |   );
  184 | }
  185 |

Parsing ecmascript source code failed

Import trace:
  Server Component:
    ./components/landing/LeaderboardSection.tsx
    ./app/page.tsx @ http://localhost:3000/_next/static/chunks/node_modules_next_dist_1e8vcs8._.js:1052
[ 7330356ms] [ERROR] ./components/landing/LeaderboardSection.tsx:181:14
Error: Expected '</', got 'jsx text'
  179 |           View Full Leaderboard →
  180 |         </p>
> 181 |       </Card>
      |              ^^^^^^^^^^^^^^^^^^^^^^^^^^^^^^^^^^^^^^^^^^^^^^^^^^^^^^^^^^^^^^^^^^^^^^^^^^^^^^^^^^^^
> 182 |     </section>
      | ^^^^
  183 |   );
  184 | }
  185 |

Parsing ecmascript source code failed

Import trace:
  Server Component:
    ./components/landing/LeaderboardSection.tsx
    ./app/page.tsx @ http://localhost:3000/_next/static/chunks/node_modules_next_dist_1e8vcs8._.js:1052
[ 7330419ms] [ERROR] ./components/landing/LeaderboardSection.tsx:181:14
Error: Expected '</', got 'jsx text'
  179 |           View Full Leaderboard →
  180 |         </p>
> 181 |       </Card>
      |              ^^^^^^^^^^^^^^^^^^^^^^^^^^^^^^^^^^^^^^^^^^^^^^^^^^^^^^^^^^^^^^^^^^^^^^^^^^^^^^^^^^^^
> 182 |     </section>
      | ^^^^
  183 |   );
  184 | }
  185 |

Parsing ecmascript source code failed

Import trace:
  Server Component:
    ./components/landing/LeaderboardSection.tsx
    ./app/page.tsx @ http://localhost:3000/_next/static/chunks/node_modules_next_dist_1e8vcs8._.js:1052
[ 7330483ms] [ERROR] ./components/landing/LeaderboardSection.tsx:181:14
Error: Expected '</', got 'jsx text'
  179 |           View Full Leaderboard →
  180 |         </p>
> 181 |       </Card>
      |              ^^^^^^^^^^^^^^^^^^^^^^^^^^^^^^^^^^^^^^^^^^^^^^^^^^^^^^^^^^^^^^^^^^^^^^^^^^^^^^^^^^^^
> 182 |     </section>
      | ^^^^
  183 |   );
  184 | }
  185 |

Parsing ecmascript source code failed

Import trace:
  Server Component:
    ./components/landing/LeaderboardSection.tsx
    ./app/page.tsx @ http://localhost:3000/_next/static/chunks/node_modules_next_dist_1e8vcs8._.js:1052
[ 7330549ms] [ERROR] ./components/landing/LeaderboardSection.tsx:181:14
Error: Expected '</', got 'jsx text'
  179 |           View Full Leaderboard →
  180 |         </p>
> 181 |       </Card>
      |              ^^^^^^^^^^^^^^^^^^^^^^^^^^^^^^^^^^^^^^^^^^^^^^^^^^^^^^^^^^^^^^^^^^^^^^^^^^^^^^^^^^^^
> 182 |     </section>
      | ^^^^
  183 |   );
  184 | }
  185 |

Parsing ecmascript source code failed

Import trace:
  Server Component:
    ./components/landing/LeaderboardSection.tsx
    ./app/page.tsx @ http://localhost:3000/_next/static/chunks/node_modules_next_dist_1e8vcs8._.js:1052
[ 7330615ms] [ERROR] ./components/landing/LeaderboardSection.tsx:181:14
Error: Expected '</', got 'jsx text'
  179 |           View Full Leaderboard →
  180 |         </p>
> 181 |       </Card>
      |              ^^^^^^^^^^^^^^^^^^^^^^^^^^^^^^^^^^^^^^^^^^^^^^^^^^^^^^^^^^^^^^^^^^^^^^^^^^^^^^^^^^^^
> 182 |     </section>
      | ^^^^
  183 |   );
  184 | }
  185 |

Parsing ecmascript source code failed

Import trace:
  Server Component:
    ./components/landing/LeaderboardSection.tsx
    ./app/page.tsx @ http://localhost:3000/_next/static/chunks/node_modules_next_dist_1e8vcs8._.js:1052
[ 7330674ms] [ERROR] ./components/landing/LeaderboardSection.tsx:181:14
Error: Expected '</', got 'jsx text'
  179 |           View Full Leaderboard →
  180 |         </p>
> 181 |       </Card>
      |              ^^^^^^^^^^^^^^^^^^^^^^^^^^^^^^^^^^^^^^^^^^^^^^^^^^^^^^^^^^^^^^^^^^^^^^^^^^^^^^^^^^^^
> 182 |     </section>
      | ^^^^
  183 |   );
  184 | }
  185 |

Parsing ecmascript source code failed

Import trace:
  Server Component:
    ./components/landing/LeaderboardSection.tsx
    ./app/page.tsx @ http://localhost:3000/_next/static/chunks/node_modules_next_dist_1e8vcs8._.js:1052
[ 7330737ms] [ERROR] ./components/landing/LeaderboardSection.tsx:181:14
Error: Expected '</', got 'jsx text'
  179 |           View Full Leaderboard →
  180 |         </p>
> 181 |       </Card>
      |              ^^^^^^^^^^^^^^^^^^^^^^^^^^^^^^^^^^^^^^^^^^^^^^^^^^^^^^^^^^^^^^^^^^^^^^^^^^^^^^^^^^^^
> 182 |     </section>
      | ^^^^
  183 |   );
  184 | }
  185 |

Parsing ecmascript source code failed

Import trace:
  Server Component:
    ./components/landing/LeaderboardSection.tsx
    ./app/page.tsx @ http://localhost:3000/_next/static/chunks/node_modules_next_dist_1e8vcs8._.js:1052
[ 7330801ms] [ERROR] ./components/landing/LeaderboardSection.tsx:181:14
Error: Expected '</', got 'jsx text'
  179 |           View Full Leaderboard →
  180 |         </p>
> 181 |       </Card>
      |              ^^^^^^^^^^^^^^^^^^^^^^^^^^^^^^^^^^^^^^^^^^^^^^^^^^^^^^^^^^^^^^^^^^^^^^^^^^^^^^^^^^^^
> 182 |     </section>
      | ^^^^
  183 |   );
  184 | }
  185 |

Parsing ecmascript source code failed

Import trace:
  Server Component:
    ./components/landing/LeaderboardSection.tsx
    ./app/page.tsx @ http://localhost:3000/_next/static/chunks/node_modules_next_dist_1e8vcs8._.js:1052
[ 7330865ms] [ERROR] ./components/landing/LeaderboardSection.tsx:181:14
Error: Expected '</', got 'jsx text'
  179 |           View Full Leaderboard →
  180 |         </p>
> 181 |       </Card>
      |              ^^^^^^^^^^^^^^^^^^^^^^^^^^^^^^^^^^^^^^^^^^^^^^^^^^^^^^^^^^^^^^^^^^^^^^^^^^^^^^^^^^^^
> 182 |     </section>
      | ^^^^
  183 |   );
  184 | }
  185 |

Parsing ecmascript source code failed

Import trace:
  Server Component:
    ./components/landing/LeaderboardSection.tsx
    ./app/page.tsx @ http://localhost:3000/_next/static/chunks/node_modules_next_dist_1e8vcs8._.js:1052
[ 7330933ms] [ERROR] ./components/landing/LeaderboardSection.tsx:181:14
Error: Expected '</', got 'jsx text'
  179 |           View Full Leaderboard →
  180 |         </p>
> 181 |       </Card>
      |              ^^^^^^^^^^^^^^^^^^^^^^^^^^^^^^^^^^^^^^^^^^^^^^^^^^^^^^^^^^^^^^^^^^^^^^^^^^^^^^^^^^^^
> 182 |     </section>
      | ^^^^
  183 |   );
  184 | }
  185 |

Parsing ecmascript source code failed

Import trace:
  Server Component:
    ./components/landing/LeaderboardSection.tsx
    ./app/page.tsx @ http://localhost:3000/_next/static/chunks/node_modules_next_dist_1e8vcs8._.js:1052
[ 7331000ms] [ERROR] ./components/landing/LeaderboardSection.tsx:181:14
Error: Expected '</', got 'jsx text'
  179 |           View Full Leaderboard →
  180 |         </p>
> 181 |       </Card>
      |              ^^^^^^^^^^^^^^^^^^^^^^^^^^^^^^^^^^^^^^^^^^^^^^^^^^^^^^^^^^^^^^^^^^^^^^^^^^^^^^^^^^^^
> 182 |     </section>
      | ^^^^
  183 |   );
  184 | }
  185 |

Parsing ecmascript source code failed

Import trace:
  Server Component:
    ./components/landing/LeaderboardSection.tsx
    ./app/page.tsx @ http://localhost:3000/_next/static/chunks/node_modules_next_dist_1e8vcs8._.js:1052
[ 7331056ms] [ERROR] ./components/landing/LeaderboardSection.tsx:181:14
Error: Expected '</', got 'jsx text'
  179 |           View Full Leaderboard →
  180 |         </p>
> 181 |       </Card>
      |              ^^^^^^^^^^^^^^^^^^^^^^^^^^^^^^^^^^^^^^^^^^^^^^^^^^^^^^^^^^^^^^^^^^^^^^^^^^^^^^^^^^^^
> 182 |     </section>
      | ^^^^
  183 |   );
  184 | }
  185 |

Parsing ecmascript source code failed

Import trace:
  Server Component:
    ./components/landing/LeaderboardSection.tsx
    ./app/page.tsx @ http://localhost:3000/_next/static/chunks/node_modules_next_dist_1e8vcs8._.js:1052
[ 7331120ms] [ERROR] ./components/landing/LeaderboardSection.tsx:181:14
Error: Expected '</', got 'jsx text'
  179 |           View Full Leaderboard →
  180 |         </p>
> 181 |       </Card>
      |              ^^^^^^^^^^^^^^^^^^^^^^^^^^^^^^^^^^^^^^^^^^^^^^^^^^^^^^^^^^^^^^^^^^^^^^^^^^^^^^^^^^^^
> 182 |     </section>
      | ^^^^
  183 |   );
  184 | }
  185 |

Parsing ecmascript source code failed

Import trace:
  Server Component:
    ./components/landing/LeaderboardSection.tsx
    ./app/page.tsx @ http://localhost:3000/_next/static/chunks/node_modules_next_dist_1e8vcs8._.js:1052
[ 7331185ms] [ERROR] ./components/landing/LeaderboardSection.tsx:181:14
Error: Expected '</', got 'jsx text'
  179 |           View Full Leaderboard →
  180 |         </p>
> 181 |       </Card>
      |              ^^^^^^^^^^^^^^^^^^^^^^^^^^^^^^^^^^^^^^^^^^^^^^^^^^^^^^^^^^^^^^^^^^^^^^^^^^^^^^^^^^^^
> 182 |     </section>
      | ^^^^
  183 |   );
  184 | }
  185 |

Parsing ecmascript source code failed

Import trace:
  Server Component:
    ./components/landing/LeaderboardSection.tsx
    ./app/page.tsx @ http://localhost:3000/_next/static/chunks/node_modules_next_dist_1e8vcs8._.js:1052
[ 7331249ms] [ERROR] ./components/landing/LeaderboardSection.tsx:181:14
Error: Expected '</', got 'jsx text'
  179 |           View Full Leaderboard →
  180 |         </p>
> 181 |       </Card>
      |              ^^^^^^^^^^^^^^^^^^^^^^^^^^^^^^^^^^^^^^^^^^^^^^^^^^^^^^^^^^^^^^^^^^^^^^^^^^^^^^^^^^^^
> 182 |     </section>
      | ^^^^
  183 |   );
  184 | }
  185 |

Parsing ecmascript source code failed

Import trace:
  Server Component:
    ./components/landing/LeaderboardSection.tsx
    ./app/page.tsx @ http://localhost:3000/_next/static/chunks/node_modules_next_dist_1e8vcs8._.js:1052
[ 7331316ms] [ERROR] ./components/landing/LeaderboardSection.tsx:181:14
Error: Expected '</', got 'jsx text'
  179 |           View Full Leaderboard →
  180 |         </p>
> 181 |       </Card>
      |              ^^^^^^^^^^^^^^^^^^^^^^^^^^^^^^^^^^^^^^^^^^^^^^^^^^^^^^^^^^^^^^^^^^^^^^^^^^^^^^^^^^^^
> 182 |     </section>
      | ^^^^
  183 |   );
  184 | }
  185 |

Parsing ecmascript source code failed

Import trace:
  Server Component:
    ./components/landing/LeaderboardSection.tsx
    ./app/page.tsx @ http://localhost:3000/_next/static/chunks/node_modules_next_dist_1e8vcs8._.js:1052
[ 7331373ms] [ERROR] ./components/landing/LeaderboardSection.tsx:181:14
Error: Expected '</', got 'jsx text'
  179 |           View Full Leaderboard →
  180 |         </p>
> 181 |       </Card>
      |              ^^^^^^^^^^^^^^^^^^^^^^^^^^^^^^^^^^^^^^^^^^^^^^^^^^^^^^^^^^^^^^^^^^^^^^^^^^^^^^^^^^^^
> 182 |     </section>
      | ^^^^
  183 |   );
  184 | }
  185 |

Parsing ecmascript source code failed

Import trace:
  Server Component:
    ./components/landing/LeaderboardSection.tsx
    ./app/page.tsx @ http://localhost:3000/_next/static/chunks/node_modules_next_dist_1e8vcs8._.js:1052
[ 7331438ms] [ERROR] ./components/landing/LeaderboardSection.tsx:181:14
Error: Expected '</', got 'jsx text'
  179 |           View Full Leaderboard →
  180 |         </p>
> 181 |       </Card>
      |              ^^^^^^^^^^^^^^^^^^^^^^^^^^^^^^^^^^^^^^^^^^^^^^^^^^^^^^^^^^^^^^^^^^^^^^^^^^^^^^^^^^^^
> 182 |     </section>
      | ^^^^
  183 |   );
  184 | }
  185 |

Parsing ecmascript source code failed

Import trace:
  Server Component:
    ./components/landing/LeaderboardSection.tsx
    ./app/page.tsx @ http://localhost:3000/_next/static/chunks/node_modules_next_dist_1e8vcs8._.js:1052
[ 7331500ms] [ERROR] ./components/landing/LeaderboardSection.tsx:181:14
Error: Expected '</', got 'jsx text'
  179 |           View Full Leaderboard →
  180 |         </p>
> 181 |       </Card>
      |              ^^^^^^^^^^^^^^^^^^^^^^^^^^^^^^^^^^^^^^^^^^^^^^^^^^^^^^^^^^^^^^^^^^^^^^^^^^^^^^^^^^^^
> 182 |     </section>
      | ^^^^
  183 |   );
  184 | }
  185 |

Parsing ecmascript source code failed

Import trace:
  Server Component:
    ./components/landing/LeaderboardSection.tsx
    ./app/page.tsx @ http://localhost:3000/_next/static/chunks/node_modules_next_dist_1e8vcs8._.js:1052
[ 7331566ms] [ERROR] ./components/landing/LeaderboardSection.tsx:181:14
Error: Expected '</', got 'jsx text'
  179 |           View Full Leaderboard →
  180 |         </p>
> 181 |       </Card>
      |              ^^^^^^^^^^^^^^^^^^^^^^^^^^^^^^^^^^^^^^^^^^^^^^^^^^^^^^^^^^^^^^^^^^^^^^^^^^^^^^^^^^^^
> 182 |     </section>
      | ^^^^
  183 |   );
  184 | }
  185 |

Parsing ecmascript source code failed

Import trace:
  Server Component:
    ./components/landing/LeaderboardSection.tsx
    ./app/page.tsx @ http://localhost:3000/_next/static/chunks/node_modules_next_dist_1e8vcs8._.js:1052
[ 7331632ms] [ERROR] ./components/landing/LeaderboardSection.tsx:181:14
Error: Expected '</', got 'jsx text'
  179 |           View Full Leaderboard →
  180 |         </p>
> 181 |       </Card>
      |              ^^^^^^^^^^^^^^^^^^^^^^^^^^^^^^^^^^^^^^^^^^^^^^^^^^^^^^^^^^^^^^^^^^^^^^^^^^^^^^^^^^^^
> 182 |     </section>
      | ^^^^
  183 |   );
  184 | }
  185 |

Parsing ecmascript source code failed

Import trace:
  Server Component:
    ./components/landing/LeaderboardSection.tsx
    ./app/page.tsx @ http://localhost:3000/_next/static/chunks/node_modules_next_dist_1e8vcs8._.js:1052
[ 7331690ms] [ERROR] ./components/landing/LeaderboardSection.tsx:181:14
Error: Expected '</', got 'jsx text'
  179 |           View Full Leaderboard →
  180 |         </p>
> 181 |       </Card>
      |              ^^^^^^^^^^^^^^^^^^^^^^^^^^^^^^^^^^^^^^^^^^^^^^^^^^^^^^^^^^^^^^^^^^^^^^^^^^^^^^^^^^^^
> 182 |     </section>
      | ^^^^
  183 |   );
  184 | }
  185 |

Parsing ecmascript source code failed

Import trace:
  Server Component:
    ./components/landing/LeaderboardSection.tsx
    ./app/page.tsx @ http://localhost:3000/_next/static/chunks/node_modules_next_dist_1e8vcs8._.js:1052
[ 7331754ms] [ERROR] ./components/landing/LeaderboardSection.tsx:181:14
Error: Expected '</', got 'jsx text'
  179 |           View Full Leaderboard →
  180 |         </p>
> 181 |       </Card>
      |              ^^^^^^^^^^^^^^^^^^^^^^^^^^^^^^^^^^^^^^^^^^^^^^^^^^^^^^^^^^^^^^^^^^^^^^^^^^^^^^^^^^^^
> 182 |     </section>
      | ^^^^
  183 |   );
  184 | }
  185 |

Parsing ecmascript source code failed

Import trace:
  Server Component:
    ./components/landing/LeaderboardSection.tsx
    ./app/page.tsx @ http://localhost:3000/_next/static/chunks/node_modules_next_dist_1e8vcs8._.js:1052
[ 7331818ms] [ERROR] ./components/landing/LeaderboardSection.tsx:181:14
Error: Expected '</', got 'jsx text'
  179 |           View Full Leaderboard →
  180 |         </p>
> 181 |       </Card>
      |              ^^^^^^^^^^^^^^^^^^^^^^^^^^^^^^^^^^^^^^^^^^^^^^^^^^^^^^^^^^^^^^^^^^^^^^^^^^^^^^^^^^^^
> 182 |     </section>
      | ^^^^
  183 |   );
  184 | }
  185 |

Parsing ecmascript source code failed

Import trace:
  Server Component:
    ./components/landing/LeaderboardSection.tsx
    ./app/page.tsx @ http://localhost:3000/_next/static/chunks/node_modules_next_dist_1e8vcs8._.js:1052
[ 7331882ms] [ERROR] ./components/landing/LeaderboardSection.tsx:181:14
Error: Expected '</', got 'jsx text'
  179 |           View Full Leaderboard →
  180 |         </p>
> 181 |       </Card>
      |              ^^^^^^^^^^^^^^^^^^^^^^^^^^^^^^^^^^^^^^^^^^^^^^^^^^^^^^^^^^^^^^^^^^^^^^^^^^^^^^^^^^^^
> 182 |     </section>
      | ^^^^
  183 |   );
  184 | }
  185 |

Parsing ecmascript source code failed

Import trace:
  Server Component:
    ./components/landing/LeaderboardSection.tsx
    ./app/page.tsx @ http://localhost:3000/_next/static/chunks/node_modules_next_dist_1e8vcs8._.js:1052
[ 7331949ms] [ERROR] ./components/landing/LeaderboardSection.tsx:181:14
Error: Expected '</', got 'jsx text'
  179 |           View Full Leaderboard →
  180 |         </p>
> 181 |       </Card>
      |              ^^^^^^^^^^^^^^^^^^^^^^^^^^^^^^^^^^^^^^^^^^^^^^^^^^^^^^^^^^^^^^^^^^^^^^^^^^^^^^^^^^^^
> 182 |     </section>
      | ^^^^
  183 |   );
  184 | }
  185 |

Parsing ecmascript source code failed

Import trace:
  Server Component:
    ./components/landing/LeaderboardSection.tsx
    ./app/page.tsx @ http://localhost:3000/_next/static/chunks/node_modules_next_dist_1e8vcs8._.js:1052
[ 7332007ms] [ERROR] ./components/landing/LeaderboardSection.tsx:181:14
Error: Expected '</', got 'jsx text'
  179 |           View Full Leaderboard →
  180 |         </p>
> 181 |       </Card>
      |              ^^^^^^^^^^^^^^^^^^^^^^^^^^^^^^^^^^^^^^^^^^^^^^^^^^^^^^^^^^^^^^^^^^^^^^^^^^^^^^^^^^^^
> 182 |     </section>
      | ^^^^
  183 |   );
  184 | }
  185 |

Parsing ecmascript source code failed

Import trace:
  Server Component:
    ./components/landing/LeaderboardSection.tsx
    ./app/page.tsx @ http://localhost:3000/_next/static/chunks/node_modules_next_dist_1e8vcs8._.js:1052
[ 7332070ms] [ERROR] ./components/landing/LeaderboardSection.tsx:181:14
Error: Expected '</', got 'jsx text'
  179 |           View Full Leaderboard →
  180 |         </p>
> 181 |       </Card>
      |              ^^^^^^^^^^^^^^^^^^^^^^^^^^^^^^^^^^^^^^^^^^^^^^^^^^^^^^^^^^^^^^^^^^^^^^^^^^^^^^^^^^^^
> 182 |     </section>
      | ^^^^
  183 |   );
  184 | }
  185 |

Parsing ecmascript source code failed

Import trace:
  Server Component:
    ./components/landing/LeaderboardSection.tsx
    ./app/page.tsx @ http://localhost:3000/_next/static/chunks/node_modules_next_dist_1e8vcs8._.js:1052
[ 7332134ms] [ERROR] ./components/landing/LeaderboardSection.tsx:181:14
Error: Expected '</', got 'jsx text'
  179 |           View Full Leaderboard →
  180 |         </p>
> 181 |       </Card>
      |              ^^^^^^^^^^^^^^^^^^^^^^^^^^^^^^^^^^^^^^^^^^^^^^^^^^^^^^^^^^^^^^^^^^^^^^^^^^^^^^^^^^^^
> 182 |     </section>
      | ^^^^
  183 |   );
  184 | }
  185 |

Parsing ecmascript source code failed

Import trace:
  Server Component:
    ./components/landing/LeaderboardSection.tsx
    ./app/page.tsx @ http://localhost:3000/_next/static/chunks/node_modules_next_dist_1e8vcs8._.js:1052
[ 7332199ms] [ERROR] ./components/landing/LeaderboardSection.tsx:181:14
Error: Expected '</', got 'jsx text'
  179 |           View Full Leaderboard →
  180 |         </p>
> 181 |       </Card>
      |              ^^^^^^^^^^^^^^^^^^^^^^^^^^^^^^^^^^^^^^^^^^^^^^^^^^^^^^^^^^^^^^^^^^^^^^^^^^^^^^^^^^^^
> 182 |     </section>
      | ^^^^
  183 |   );
  184 | }
  185 |

Parsing ecmascript source code failed

Import trace:
  Server Component:
    ./components/landing/LeaderboardSection.tsx
    ./app/page.tsx @ http://localhost:3000/_next/static/chunks/node_modules_next_dist_1e8vcs8._.js:1052
[ 7332265ms] [ERROR] ./components/landing/LeaderboardSection.tsx:181:14
Error: Expected '</', got 'jsx text'
  179 |           View Full Leaderboard →
  180 |         </p>
> 181 |       </Card>
      |              ^^^^^^^^^^^^^^^^^^^^^^^^^^^^^^^^^^^^^^^^^^^^^^^^^^^^^^^^^^^^^^^^^^^^^^^^^^^^^^^^^^^^
> 182 |     </section>
      | ^^^^
  183 |   );
  184 | }
  185 |

Parsing ecmascript source code failed

Import trace:
  Server Component:
    ./components/landing/LeaderboardSection.tsx
    ./app/page.tsx @ http://localhost:3000/_next/static/chunks/node_modules_next_dist_1e8vcs8._.js:1052
[ 7332332ms] [ERROR] ./components/landing/LeaderboardSection.tsx:181:14
Error: Expected '</', got 'jsx text'
  179 |           View Full Leaderboard →
  180 |         </p>
> 181 |       </Card>
      |              ^^^^^^^^^^^^^^^^^^^^^^^^^^^^^^^^^^^^^^^^^^^^^^^^^^^^^^^^^^^^^^^^^^^^^^^^^^^^^^^^^^^^
> 182 |     </section>
      | ^^^^
  183 |   );
  184 | }
  185 |

Parsing ecmascript source code failed

Import trace:
  Server Component:
    ./components/landing/LeaderboardSection.tsx
    ./app/page.tsx @ http://localhost:3000/_next/static/chunks/node_modules_next_dist_1e8vcs8._.js:1052
[ 7332384ms] [ERROR] ./components/landing/LeaderboardSection.tsx:181:14
Error: Expected '</', got 'jsx text'
  179 |           View Full Leaderboard →
  180 |         </p>
> 181 |       </Card>
      |              ^^^^^^^^^^^^^^^^^^^^^^^^^^^^^^^^^^^^^^^^^^^^^^^^^^^^^^^^^^^^^^^^^^^^^^^^^^^^^^^^^^^^
> 182 |     </section>
      | ^^^^
  183 |   );
  184 | }
  185 |

Parsing ecmascript source code failed

Import trace:
  Server Component:
    ./components/landing/LeaderboardSection.tsx
    ./app/page.tsx @ http://localhost:3000/_next/static/chunks/node_modules_next_dist_1e8vcs8._.js:1052
[ 7332436ms] [ERROR] ./components/landing/LeaderboardSection.tsx:181:14
Error: Expected '</', got 'jsx text'
  179 |           View Full Leaderboard →
  180 |         </p>
> 181 |       </Card>
      |              ^^^^^^^^^^^^^^^^^^^^^^^^^^^^^^^^^^^^^^^^^^^^^^^^^^^^^^^^^^^^^^^^^^^^^^^^^^^^^^^^^^^^
> 182 |     </section>
      | ^^^^
  183 |   );
  184 | }
  185 |

Parsing ecmascript source code failed

Import trace:
  Server Component:
    ./components/landing/LeaderboardSection.tsx
    ./app/page.tsx @ http://localhost:3000/_next/static/chunks/node_modules_next_dist_1e8vcs8._.js:1052
[ 7332500ms] [ERROR] ./components/landing/LeaderboardSection.tsx:181:14
Error: Expected '</', got 'jsx text'
  179 |           View Full Leaderboard →
  180 |         </p>
> 181 |       </Card>
      |              ^^^^^^^^^^^^^^^^^^^^^^^^^^^^^^^^^^^^^^^^^^^^^^^^^^^^^^^^^^^^^^^^^^^^^^^^^^^^^^^^^^^^
> 182 |     </section>
      | ^^^^
  183 |   );
  184 | }
  185 |

Parsing ecmascript source code failed

Import trace:
  Server Component:
    ./components/landing/LeaderboardSection.tsx
    ./app/page.tsx @ http://localhost:3000/_next/static/chunks/node_modules_next_dist_1e8vcs8._.js:1052
[ 7332566ms] [ERROR] ./components/landing/LeaderboardSection.tsx:181:14
Error: Expected '</', got 'jsx text'
  179 |           View Full Leaderboard →
  180 |         </p>
> 181 |       </Card>
      |              ^^^^^^^^^^^^^^^^^^^^^^^^^^^^^^^^^^^^^^^^^^^^^^^^^^^^^^^^^^^^^^^^^^^^^^^^^^^^^^^^^^^^
> 182 |     </section>
      | ^^^^
  183 |   );
  184 | }
  185 |

Parsing ecmascript source code failed

Import trace:
  Server Component:
    ./components/landing/LeaderboardSection.tsx
    ./app/page.tsx @ http://localhost:3000/_next/static/chunks/node_modules_next_dist_1e8vcs8._.js:1052
[ 7332631ms] [ERROR] ./components/landing/LeaderboardSection.tsx:181:14
Error: Expected '</', got 'jsx text'
  179 |           View Full Leaderboard →
  180 |         </p>
> 181 |       </Card>
      |              ^^^^^^^^^^^^^^^^^^^^^^^^^^^^^^^^^^^^^^^^^^^^^^^^^^^^^^^^^^^^^^^^^^^^^^^^^^^^^^^^^^^^
> 182 |     </section>
      | ^^^^
  183 |   );
  184 | }
  185 |

Parsing ecmascript source code failed

Import trace:
  Server Component:
    ./components/landing/LeaderboardSection.tsx
    ./app/page.tsx @ http://localhost:3000/_next/static/chunks/node_modules_next_dist_1e8vcs8._.js:1052
[ 7332697ms] [ERROR] ./components/landing/LeaderboardSection.tsx:181:14
Error: Expected '</', got 'jsx text'
  179 |           View Full Leaderboard →
  180 |         </p>
> 181 |       </Card>
      |              ^^^^^^^^^^^^^^^^^^^^^^^^^^^^^^^^^^^^^^^^^^^^^^^^^^^^^^^^^^^^^^^^^^^^^^^^^^^^^^^^^^^^
> 182 |     </section>
      | ^^^^
  183 |   );
  184 | }
  185 |

Parsing ecmascript source code failed

Import trace:
  Server Component:
    ./components/landing/LeaderboardSection.tsx
    ./app/page.tsx @ http://localhost:3000/_next/static/chunks/node_modules_next_dist_1e8vcs8._.js:1052
[ 7332756ms] [ERROR] ./components/landing/LeaderboardSection.tsx:181:14
Error: Expected '</', got 'jsx text'
  179 |           View Full Leaderboard →
  180 |         </p>
> 181 |       </Card>
      |              ^^^^^^^^^^^^^^^^^^^^^^^^^^^^^^^^^^^^^^^^^^^^^^^^^^^^^^^^^^^^^^^^^^^^^^^^^^^^^^^^^^^^
> 182 |     </section>
      | ^^^^
  183 |   );
  184 | }
  185 |

Parsing ecmascript source code failed

Import trace:
  Server Component:
    ./components/landing/LeaderboardSection.tsx
    ./app/page.tsx @ http://localhost:3000/_next/static/chunks/node_modules_next_dist_1e8vcs8._.js:1052
[ 7332839ms] [ERROR] ./components/landing/LeaderboardSection.tsx:181:14
Error: Expected '</', got 'jsx text'
  179 |           View Full Leaderboard →
  180 |         </p>
> 181 |       </Card>
      |              ^^^^^^^^^^^^^^^^^^^^^^^^^^^^^^^^^^^^^^^^^^^^^^^^^^^^^^^^^^^^^^^^^^^^^^^^^^^^^^^^^^^^
> 182 |     </section>
      | ^^^^
  183 |   );
  184 | }
  185 |

Parsing ecmascript source code failed

Import trace:
  Server Component:
    ./components/landing/LeaderboardSection.tsx
    ./app/page.tsx @ http://localhost:3000/_next/static/chunks/node_modules_next_dist_1e8vcs8._.js:1052
[ 7332899ms] [ERROR] ./components/landing/LeaderboardSection.tsx:181:14
Error: Expected '</', got 'jsx text'
  179 |           View Full Leaderboard →
  180 |         </p>
> 181 |       </Card>
      |              ^^^^^^^^^^^^^^^^^^^^^^^^^^^^^^^^^^^^^^^^^^^^^^^^^^^^^^^^^^^^^^^^^^^^^^^^^^^^^^^^^^^^
> 182 |     </section>
      | ^^^^
  183 |   );
  184 | }
  185 |

Parsing ecmascript source code failed

Import trace:
  Server Component:
    ./components/landing/LeaderboardSection.tsx
    ./app/page.tsx @ http://localhost:3000/_next/static/chunks/node_modules_next_dist_1e8vcs8._.js:1052
[ 7332967ms] [ERROR] ./components/landing/LeaderboardSection.tsx:181:14
Error: Expected '</', got 'jsx text'
  179 |           View Full Leaderboard →
  180 |         </p>
> 181 |       </Card>
      |              ^^^^^^^^^^^^^^^^^^^^^^^^^^^^^^^^^^^^^^^^^^^^^^^^^^^^^^^^^^^^^^^^^^^^^^^^^^^^^^^^^^^^
> 182 |     </section>
      | ^^^^
  183 |   );
  184 | }
  185 |

Parsing ecmascript source code failed

Import trace:
  Server Component:
    ./components/landing/LeaderboardSection.tsx
    ./app/page.tsx @ http://localhost:3000/_next/static/chunks/node_modules_next_dist_1e8vcs8._.js:1052
[ 7333023ms] [ERROR] ./components/landing/LeaderboardSection.tsx:181:14
Error: Expected '</', got 'jsx text'
  179 |           View Full Leaderboard →
  180 |         </p>
> 181 |       </Card>
      |              ^^^^^^^^^^^^^^^^^^^^^^^^^^^^^^^^^^^^^^^^^^^^^^^^^^^^^^^^^^^^^^^^^^^^^^^^^^^^^^^^^^^^
> 182 |     </section>
      | ^^^^
  183 |   );
  184 | }
  185 |

Parsing ecmascript source code failed

Import trace:
  Server Component:
    ./components/landing/LeaderboardSection.tsx
    ./app/page.tsx @ http://localhost:3000/_next/static/chunks/node_modules_next_dist_1e8vcs8._.js:1052
[ 7333086ms] [ERROR] ./components/landing/LeaderboardSection.tsx:181:14
Error: Expected '</', got 'jsx text'
  179 |           View Full Leaderboard →
  180 |         </p>
> 181 |       </Card>
      |              ^^^^^^^^^^^^^^^^^^^^^^^^^^^^^^^^^^^^^^^^^^^^^^^^^^^^^^^^^^^^^^^^^^^^^^^^^^^^^^^^^^^^
> 182 |     </section>
      | ^^^^
  183 |   );
  184 | }
  185 |

Parsing ecmascript source code failed

Import trace:
  Server Component:
    ./components/landing/LeaderboardSection.tsx
    ./app/page.tsx @ http://localhost:3000/_next/static/chunks/node_modules_next_dist_1e8vcs8._.js:1052
[ 7333150ms] [ERROR] ./components/landing/LeaderboardSection.tsx:181:14
Error: Expected '</', got 'jsx text'
  179 |           View Full Leaderboard →
  180 |         </p>
> 181 |       </Card>
      |              ^^^^^^^^^^^^^^^^^^^^^^^^^^^^^^^^^^^^^^^^^^^^^^^^^^^^^^^^^^^^^^^^^^^^^^^^^^^^^^^^^^^^
> 182 |     </section>
      | ^^^^
  183 |   );
  184 | }
  185 |

Parsing ecmascript source code failed

Import trace:
  Server Component:
    ./components/landing/LeaderboardSection.tsx
    ./app/page.tsx @ http://localhost:3000/_next/static/chunks/node_modules_next_dist_1e8vcs8._.js:1052
[ 7333216ms] [ERROR] ./components/landing/LeaderboardSection.tsx:181:14
Error: Expected '</', got 'jsx text'
  179 |           View Full Leaderboard →
  180 |         </p>
> 181 |       </Card>
      |              ^^^^^^^^^^^^^^^^^^^^^^^^^^^^^^^^^^^^^^^^^^^^^^^^^^^^^^^^^^^^^^^^^^^^^^^^^^^^^^^^^^^^
> 182 |     </section>
      | ^^^^
  183 |   );
  184 | }
  185 |

Parsing ecmascript source code failed

Import trace:
  Server Component:
    ./components/landing/LeaderboardSection.tsx
    ./app/page.tsx @ http://localhost:3000/_next/static/chunks/node_modules_next_dist_1e8vcs8._.js:1052
[ 7333282ms] [ERROR] ./components/landing/LeaderboardSection.tsx:181:14
Error: Expected '</', got 'jsx text'
  179 |           View Full Leaderboard →
  180 |         </p>
> 181 |       </Card>
      |              ^^^^^^^^^^^^^^^^^^^^^^^^^^^^^^^^^^^^^^^^^^^^^^^^^^^^^^^^^^^^^^^^^^^^^^^^^^^^^^^^^^^^
> 182 |     </section>
      | ^^^^
  183 |   );
  184 | }
  185 |

Parsing ecmascript source code failed

Import trace:
  Server Component:
    ./components/landing/LeaderboardSection.tsx
    ./app/page.tsx @ http://localhost:3000/_next/static/chunks/node_modules_next_dist_1e8vcs8._.js:1052
[ 7333345ms] [ERROR] ./components/landing/LeaderboardSection.tsx:181:14
Error: Expected '</', got 'jsx text'
  179 |           View Full Leaderboard →
  180 |         </p>
> 181 |       </Card>
      |              ^^^^^^^^^^^^^^^^^^^^^^^^^^^^^^^^^^^^^^^^^^^^^^^^^^^^^^^^^^^^^^^^^^^^^^^^^^^^^^^^^^^^
> 182 |     </section>
      | ^^^^
  183 |   );
  184 | }
  185 |

Parsing ecmascript source code failed

Import trace:
  Server Component:
    ./components/landing/LeaderboardSection.tsx
    ./app/page.tsx @ http://localhost:3000/_next/static/chunks/node_modules_next_dist_1e8vcs8._.js:1052
[ 7333404ms] [ERROR] ./components/landing/LeaderboardSection.tsx:181:14
Error: Expected '</', got 'jsx text'
  179 |           View Full Leaderboard →
  180 |         </p>
> 181 |       </Card>
      |              ^^^^^^^^^^^^^^^^^^^^^^^^^^^^^^^^^^^^^^^^^^^^^^^^^^^^^^^^^^^^^^^^^^^^^^^^^^^^^^^^^^^^
> 182 |     </section>
      | ^^^^
  183 |   );
  184 | }
  185 |

Parsing ecmascript source code failed

Import trace:
  Server Component:
    ./components/landing/LeaderboardSection.tsx
    ./app/page.tsx @ http://localhost:3000/_next/static/chunks/node_modules_next_dist_1e8vcs8._.js:1052
[ 7333468ms] [ERROR] ./components/landing/LeaderboardSection.tsx:181:14
Error: Expected '</', got 'jsx text'
  179 |           View Full Leaderboard →
  180 |         </p>
> 181 |       </Card>
      |              ^^^^^^^^^^^^^^^^^^^^^^^^^^^^^^^^^^^^^^^^^^^^^^^^^^^^^^^^^^^^^^^^^^^^^^^^^^^^^^^^^^^^
> 182 |     </section>
      | ^^^^
  183 |   );
  184 | }
  185 |

Parsing ecmascript source code failed

Import trace:
  Server Component:
    ./components/landing/LeaderboardSection.tsx
    ./app/page.tsx @ http://localhost:3000/_next/static/chunks/node_modules_next_dist_1e8vcs8._.js:1052
[ 7333532ms] [ERROR] ./components/landing/LeaderboardSection.tsx:181:14
Error: Expected '</', got 'jsx text'
  179 |           View Full Leaderboard →
  180 |         </p>
> 181 |       </Card>
      |              ^^^^^^^^^^^^^^^^^^^^^^^^^^^^^^^^^^^^^^^^^^^^^^^^^^^^^^^^^^^^^^^^^^^^^^^^^^^^^^^^^^^^
> 182 |     </section>
      | ^^^^
  183 |   );
  184 | }
  185 |

Parsing ecmascript source code failed

Import trace:
  Server Component:
    ./components/landing/LeaderboardSection.tsx
    ./app/page.tsx @ http://localhost:3000/_next/static/chunks/node_modules_next_dist_1e8vcs8._.js:1052
[ 7333599ms] [ERROR] ./components/landing/LeaderboardSection.tsx:181:14
Error: Expected '</', got 'jsx text'
  179 |           View Full Leaderboard →
  180 |         </p>
> 181 |       </Card>
      |              ^^^^^^^^^^^^^^^^^^^^^^^^^^^^^^^^^^^^^^^^^^^^^^^^^^^^^^^^^^^^^^^^^^^^^^^^^^^^^^^^^^^^
> 182 |     </section>
      | ^^^^
  183 |   );
  184 | }
  185 |

Parsing ecmascript source code failed

Import trace:
  Server Component:
    ./components/landing/LeaderboardSection.tsx
    ./app/page.tsx @ http://localhost:3000/_next/static/chunks/node_modules_next_dist_1e8vcs8._.js:1052
[ 7333665ms] [ERROR] ./components/landing/LeaderboardSection.tsx:181:14
Error: Expected '</', got 'jsx text'
  179 |           View Full Leaderboard →
  180 |         </p>
> 181 |       </Card>
      |              ^^^^^^^^^^^^^^^^^^^^^^^^^^^^^^^^^^^^^^^^^^^^^^^^^^^^^^^^^^^^^^^^^^^^^^^^^^^^^^^^^^^^
> 182 |     </section>
      | ^^^^
  183 |   );
  184 | }
  185 |

Parsing ecmascript source code failed

Import trace:
  Server Component:
    ./components/landing/LeaderboardSection.tsx
    ./app/page.tsx @ http://localhost:3000/_next/static/chunks/node_modules_next_dist_1e8vcs8._.js:1052
[ 7333723ms] [ERROR] ./components/landing/LeaderboardSection.tsx:181:14
Error: Expected '</', got 'jsx text'
  179 |           View Full Leaderboard →
  180 |         </p>
> 181 |       </Card>
      |              ^^^^^^^^^^^^^^^^^^^^^^^^^^^^^^^^^^^^^^^^^^^^^^^^^^^^^^^^^^^^^^^^^^^^^^^^^^^^^^^^^^^^
> 182 |     </section>
      | ^^^^
  183 |   );
  184 | }
  185 |

Parsing ecmascript source code failed

Import trace:
  Server Component:
    ./components/landing/LeaderboardSection.tsx
    ./app/page.tsx @ http://localhost:3000/_next/static/chunks/node_modules_next_dist_1e8vcs8._.js:1052
[ 7333788ms] [ERROR] ./components/landing/LeaderboardSection.tsx:181:14
Error: Expected '</', got 'jsx text'
  179 |           View Full Leaderboard →
  180 |         </p>
> 181 |       </Card>
      |              ^^^^^^^^^^^^^^^^^^^^^^^^^^^^^^^^^^^^^^^^^^^^^^^^^^^^^^^^^^^^^^^^^^^^^^^^^^^^^^^^^^^^
> 182 |     </section>
      | ^^^^
  183 |   );
  184 | }
  185 |

Parsing ecmascript source code failed

Import trace:
  Server Component:
    ./components/landing/LeaderboardSection.tsx
    ./app/page.tsx @ http://localhost:3000/_next/static/chunks/node_modules_next_dist_1e8vcs8._.js:1052
[ 7333851ms] [ERROR] ./components/landing/LeaderboardSection.tsx:181:14
Error: Expected '</', got 'jsx text'
  179 |           View Full Leaderboard →
  180 |         </p>
> 181 |       </Card>
      |              ^^^^^^^^^^^^^^^^^^^^^^^^^^^^^^^^^^^^^^^^^^^^^^^^^^^^^^^^^^^^^^^^^^^^^^^^^^^^^^^^^^^^
> 182 |     </section>
      | ^^^^
  183 |   );
  184 | }
  185 |

Parsing ecmascript source code failed

Import trace:
  Server Component:
    ./components/landing/LeaderboardSection.tsx
    ./app/page.tsx @ http://localhost:3000/_next/static/chunks/node_modules_next_dist_1e8vcs8._.js:1052
[ 7333916ms] [ERROR] ./components/landing/LeaderboardSection.tsx:181:14
Error: Expected '</', got 'jsx text'
  179 |           View Full Leaderboard →
  180 |         </p>
> 181 |       </Card>
      |              ^^^^^^^^^^^^^^^^^^^^^^^^^^^^^^^^^^^^^^^^^^^^^^^^^^^^^^^^^^^^^^^^^^^^^^^^^^^^^^^^^^^^
> 182 |     </section>
      | ^^^^
  183 |   );
  184 | }
  185 |

Parsing ecmascript source code failed

Import trace:
  Server Component:
    ./components/landing/LeaderboardSection.tsx
    ./app/page.tsx @ http://localhost:3000/_next/static/chunks/node_modules_next_dist_1e8vcs8._.js:1052
[ 7333983ms] [ERROR] ./components/landing/LeaderboardSection.tsx:181:14
Error: Expected '</', got 'jsx text'
  179 |           View Full Leaderboard →
  180 |         </p>
> 181 |       </Card>
      |              ^^^^^^^^^^^^^^^^^^^^^^^^^^^^^^^^^^^^^^^^^^^^^^^^^^^^^^^^^^^^^^^^^^^^^^^^^^^^^^^^^^^^
> 182 |     </section>
      | ^^^^
  183 |   );
  184 | }
  185 |

Parsing ecmascript source code failed

Import trace:
  Server Component:
    ./components/landing/LeaderboardSection.tsx
    ./app/page.tsx @ http://localhost:3000/_next/static/chunks/node_modules_next_dist_1e8vcs8._.js:1052
[ 7334041ms] [ERROR] ./components/landing/LeaderboardSection.tsx:181:14
Error: Expected '</', got 'jsx text'
  179 |           View Full Leaderboard →
  180 |         </p>
> 181 |       </Card>
      |              ^^^^^^^^^^^^^^^^^^^^^^^^^^^^^^^^^^^^^^^^^^^^^^^^^^^^^^^^^^^^^^^^^^^^^^^^^^^^^^^^^^^^
> 182 |     </section>
      | ^^^^
  183 |   );
  184 | }
  185 |

Parsing ecmascript source code failed

Import trace:
  Server Component:
    ./components/landing/LeaderboardSection.tsx
    ./app/page.tsx @ http://localhost:3000/_next/static/chunks/node_modules_next_dist_1e8vcs8._.js:1052
[ 7334104ms] [ERROR] ./components/landing/LeaderboardSection.tsx:181:14
Error: Expected '</', got 'jsx text'
  179 |           View Full Leaderboard →
  180 |         </p>
> 181 |       </Card>
      |              ^^^^^^^^^^^^^^^^^^^^^^^^^^^^^^^^^^^^^^^^^^^^^^^^^^^^^^^^^^^^^^^^^^^^^^^^^^^^^^^^^^^^
> 182 |     </section>
      | ^^^^
  183 |   );
  184 | }
  185 |

Parsing ecmascript source code failed

Import trace:
  Server Component:
    ./components/landing/LeaderboardSection.tsx
    ./app/page.tsx @ http://localhost:3000/_next/static/chunks/node_modules_next_dist_1e8vcs8._.js:1052
[ 7334168ms] [ERROR] ./components/landing/LeaderboardSection.tsx:181:14
Error: Expected '</', got 'jsx text'
  179 |           View Full Leaderboard →
  180 |         </p>
> 181 |       </Card>
      |              ^^^^^^^^^^^^^^^^^^^^^^^^^^^^^^^^^^^^^^^^^^^^^^^^^^^^^^^^^^^^^^^^^^^^^^^^^^^^^^^^^^^^
> 182 |     </section>
      | ^^^^
  183 |   );
  184 | }
  185 |

Parsing ecmascript source code failed

Import trace:
  Server Component:
    ./components/landing/LeaderboardSection.tsx
    ./app/page.tsx @ http://localhost:3000/_next/static/chunks/node_modules_next_dist_1e8vcs8._.js:1052
[ 7334232ms] [ERROR] ./components/landing/LeaderboardSection.tsx:181:14
Error: Expected '</', got 'jsx text'
  179 |           View Full Leaderboard →
  180 |         </p>
> 181 |       </Card>
      |              ^^^^^^^^^^^^^^^^^^^^^^^^^^^^^^^^^^^^^^^^^^^^^^^^^^^^^^^^^^^^^^^^^^^^^^^^^^^^^^^^^^^^
> 182 |     </section>
      | ^^^^
  183 |   );
  184 | }
  185 |

Parsing ecmascript source code failed

Import trace:
  Server Component:
    ./components/landing/LeaderboardSection.tsx
    ./app/page.tsx @ http://localhost:3000/_next/static/chunks/node_modules_next_dist_1e8vcs8._.js:1052
[ 7334298ms] [ERROR] ./components/landing/LeaderboardSection.tsx:181:14
Error: Expected '</', got 'jsx text'
  179 |           View Full Leaderboard →
  180 |         </p>
> 181 |       </Card>
      |              ^^^^^^^^^^^^^^^^^^^^^^^^^^^^^^^^^^^^^^^^^^^^^^^^^^^^^^^^^^^^^^^^^^^^^^^^^^^^^^^^^^^^
> 182 |     </section>
      | ^^^^
  183 |   );
  184 | }
  185 |

Parsing ecmascript source code failed

Import trace:
  Server Component:
    ./components/landing/LeaderboardSection.tsx
    ./app/page.tsx @ http://localhost:3000/_next/static/chunks/node_modules_next_dist_1e8vcs8._.js:1052
[ 7334365ms] [ERROR] ./components/landing/LeaderboardSection.tsx:181:14
Error: Expected '</', got 'jsx text'
  179 |           View Full Leaderboard →
  180 |         </p>
> 181 |       </Card>
      |              ^^^^^^^^^^^^^^^^^^^^^^^^^^^^^^^^^^^^^^^^^^^^^^^^^^^^^^^^^^^^^^^^^^^^^^^^^^^^^^^^^^^^
> 182 |     </section>
      | ^^^^
  183 |   );
  184 | }
  185 |

Parsing ecmascript source code failed

Import trace:
  Server Component:
    ./components/landing/LeaderboardSection.tsx
    ./app/page.tsx @ http://localhost:3000/_next/static/chunks/node_modules_next_dist_1e8vcs8._.js:1052
[ 7334423ms] [ERROR] ./components/landing/LeaderboardSection.tsx:181:14
Error: Expected '</', got 'jsx text'
  179 |           View Full Leaderboard →
  180 |         </p>
> 181 |       </Card>
      |              ^^^^^^^^^^^^^^^^^^^^^^^^^^^^^^^^^^^^^^^^^^^^^^^^^^^^^^^^^^^^^^^^^^^^^^^^^^^^^^^^^^^^
> 182 |     </section>
      | ^^^^
  183 |   );
  184 | }
  185 |

Parsing ecmascript source code failed

Import trace:
  Server Component:
    ./components/landing/LeaderboardSection.tsx
    ./app/page.tsx @ http://localhost:3000/_next/static/chunks/node_modules_next_dist_1e8vcs8._.js:1052
[ 7334487ms] [ERROR] ./components/landing/LeaderboardSection.tsx:181:14
Error: Expected '</', got 'jsx text'
  179 |           View Full Leaderboard →
  180 |         </p>
> 181 |       </Card>
      |              ^^^^^^^^^^^^^^^^^^^^^^^^^^^^^^^^^^^^^^^^^^^^^^^^^^^^^^^^^^^^^^^^^^^^^^^^^^^^^^^^^^^^
> 182 |     </section>
      | ^^^^
  183 |   );
  184 | }
  185 |

Parsing ecmascript source code failed

Import trace:
  Server Component:
    ./components/landing/LeaderboardSection.tsx
    ./app/page.tsx @ http://localhost:3000/_next/static/chunks/node_modules_next_dist_1e8vcs8._.js:1052
[ 7334550ms] [ERROR] ./components/landing/LeaderboardSection.tsx:181:14
Error: Expected '</', got 'jsx text'
  179 |           View Full Leaderboard →
  180 |         </p>
> 181 |       </Card>
      |              ^^^^^^^^^^^^^^^^^^^^^^^^^^^^^^^^^^^^^^^^^^^^^^^^^^^^^^^^^^^^^^^^^^^^^^^^^^^^^^^^^^^^
> 182 |     </section>
      | ^^^^
  183 |   );
  184 | }
  185 |

Parsing ecmascript source code failed

Import trace:
  Server Component:
    ./components/landing/LeaderboardSection.tsx
    ./app/page.tsx @ http://localhost:3000/_next/static/chunks/node_modules_next_dist_1e8vcs8._.js:1052
[ 7334615ms] [ERROR] ./components/landing/LeaderboardSection.tsx:181:14
Error: Expected '</', got 'jsx text'
  179 |           View Full Leaderboard →
  180 |         </p>
> 181 |       </Card>
      |              ^^^^^^^^^^^^^^^^^^^^^^^^^^^^^^^^^^^^^^^^^^^^^^^^^^^^^^^^^^^^^^^^^^^^^^^^^^^^^^^^^^^^
> 182 |     </section>
      | ^^^^
  183 |   );
  184 | }
  185 |

Parsing ecmascript source code failed

Import trace:
  Server Component:
    ./components/landing/LeaderboardSection.tsx
    ./app/page.tsx @ http://localhost:3000/_next/static/chunks/node_modules_next_dist_1e8vcs8._.js:1052
[ 7334683ms] [ERROR] ./components/landing/LeaderboardSection.tsx:181:14
Error: Expected '</', got 'jsx text'
  179 |           View Full Leaderboard →
  180 |         </p>
> 181 |       </Card>
      |              ^^^^^^^^^^^^^^^^^^^^^^^^^^^^^^^^^^^^^^^^^^^^^^^^^^^^^^^^^^^^^^^^^^^^^^^^^^^^^^^^^^^^
> 182 |     </section>
      | ^^^^
  183 |   );
  184 | }
  185 |

Parsing ecmascript source code failed

Import trace:
  Server Component:
    ./components/landing/LeaderboardSection.tsx
    ./app/page.tsx @ http://localhost:3000/_next/static/chunks/node_modules_next_dist_1e8vcs8._.js:1052
[ 7334748ms] [ERROR] ./components/landing/LeaderboardSection.tsx:181:14
Error: Expected '</', got 'jsx text'
  179 |           View Full Leaderboard →
  180 |         </p>
> 181 |       </Card>
      |              ^^^^^^^^^^^^^^^^^^^^^^^^^^^^^^^^^^^^^^^^^^^^^^^^^^^^^^^^^^^^^^^^^^^^^^^^^^^^^^^^^^^^
> 182 |     </section>
      | ^^^^
  183 |   );
  184 | }
  185 |

Parsing ecmascript source code failed

Import trace:
  Server Component:
    ./components/landing/LeaderboardSection.tsx
    ./app/page.tsx @ http://localhost:3000/_next/static/chunks/node_modules_next_dist_1e8vcs8._.js:1052
[ 7334805ms] [ERROR] ./components/landing/LeaderboardSection.tsx:181:14
Error: Expected '</', got 'jsx text'
  179 |           View Full Leaderboard →
  180 |         </p>
> 181 |       </Card>
      |              ^^^^^^^^^^^^^^^^^^^^^^^^^^^^^^^^^^^^^^^^^^^^^^^^^^^^^^^^^^^^^^^^^^^^^^^^^^^^^^^^^^^^
> 182 |     </section>
      | ^^^^
  183 |   );
  184 | }
  185 |

Parsing ecmascript source code failed

Import trace:
  Server Component:
    ./components/landing/LeaderboardSection.tsx
    ./app/page.tsx @ http://localhost:3000/_next/static/chunks/node_modules_next_dist_1e8vcs8._.js:1052
[ 7334869ms] [ERROR] ./components/landing/LeaderboardSection.tsx:181:14
Error: Expected '</', got 'jsx text'
  179 |           View Full Leaderboard →
  180 |         </p>
> 181 |       </Card>
      |              ^^^^^^^^^^^^^^^^^^^^^^^^^^^^^^^^^^^^^^^^^^^^^^^^^^^^^^^^^^^^^^^^^^^^^^^^^^^^^^^^^^^^
> 182 |     </section>
      | ^^^^
  183 |   );
  184 | }
  185 |

Parsing ecmascript source code failed

Import trace:
  Server Component:
    ./components/landing/LeaderboardSection.tsx
    ./app/page.tsx @ http://localhost:3000/_next/static/chunks/node_modules_next_dist_1e8vcs8._.js:1052
[ 7334934ms] [ERROR] ./components/landing/LeaderboardSection.tsx:181:14
Error: Expected '</', got 'jsx text'
  179 |           View Full Leaderboard →
  180 |         </p>
> 181 |       </Card>
      |              ^^^^^^^^^^^^^^^^^^^^^^^^^^^^^^^^^^^^^^^^^^^^^^^^^^^^^^^^^^^^^^^^^^^^^^^^^^^^^^^^^^^^
> 182 |     </section>
      | ^^^^
  183 |   );
  184 | }
  185 |

Parsing ecmascript source code failed

Import trace:
  Server Component:
    ./components/landing/LeaderboardSection.tsx
    ./app/page.tsx @ http://localhost:3000/_next/static/chunks/node_modules_next_dist_1e8vcs8._.js:1052
[ 7335000ms] [ERROR] ./components/landing/LeaderboardSection.tsx:181:14
Error: Expected '</', got 'jsx text'
  179 |           View Full Leaderboard →
  180 |         </p>
> 181 |       </Card>
      |              ^^^^^^^^^^^^^^^^^^^^^^^^^^^^^^^^^^^^^^^^^^^^^^^^^^^^^^^^^^^^^^^^^^^^^^^^^^^^^^^^^^^^
> 182 |     </section>
      | ^^^^
  183 |   );
  184 | }
  185 |

Parsing ecmascript source code failed

Import trace:
  Server Component:
    ./components/landing/LeaderboardSection.tsx
    ./app/page.tsx @ http://localhost:3000/_next/static/chunks/node_modules_next_dist_1e8vcs8._.js:1052
[ 7335066ms] [ERROR] ./components/landing/LeaderboardSection.tsx:181:14
Error: Expected '</', got 'jsx text'
  179 |           View Full Leaderboard →
  180 |         </p>
> 181 |       </Card>
      |              ^^^^^^^^^^^^^^^^^^^^^^^^^^^^^^^^^^^^^^^^^^^^^^^^^^^^^^^^^^^^^^^^^^^^^^^^^^^^^^^^^^^^
> 182 |     </section>
      | ^^^^
  183 |   );
  184 | }
  185 |

Parsing ecmascript source code failed

Import trace:
  Server Component:
    ./components/landing/LeaderboardSection.tsx
    ./app/page.tsx @ http://localhost:3000/_next/static/chunks/node_modules_next_dist_1e8vcs8._.js:1052
[ 7335125ms] [ERROR] ./components/landing/LeaderboardSection.tsx:181:14
Error: Expected '</', got 'jsx text'
  179 |           View Full Leaderboard →
  180 |         </p>
> 181 |       </Card>
      |              ^^^^^^^^^^^^^^^^^^^^^^^^^^^^^^^^^^^^^^^^^^^^^^^^^^^^^^^^^^^^^^^^^^^^^^^^^^^^^^^^^^^^
> 182 |     </section>
      | ^^^^
  183 |   );
  184 | }
  185 |

Parsing ecmascript source code failed

Import trace:
  Server Component:
    ./components/landing/LeaderboardSection.tsx
    ./app/page.tsx @ http://localhost:3000/_next/static/chunks/node_modules_next_dist_1e8vcs8._.js:1052
[ 7335188ms] [ERROR] ./components/landing/LeaderboardSection.tsx:181:14
Error: Expected '</', got 'jsx text'
  179 |           View Full Leaderboard →
  180 |         </p>
> 181 |       </Card>
      |              ^^^^^^^^^^^^^^^^^^^^^^^^^^^^^^^^^^^^^^^^^^^^^^^^^^^^^^^^^^^^^^^^^^^^^^^^^^^^^^^^^^^^
> 182 |     </section>
      | ^^^^
  183 |   );
  184 | }
  185 |

Parsing ecmascript source code failed

Import trace:
  Server Component:
    ./components/landing/LeaderboardSection.tsx
    ./app/page.tsx @ http://localhost:3000/_next/static/chunks/node_modules_next_dist_1e8vcs8._.js:1052
[ 7335251ms] [ERROR] ./components/landing/LeaderboardSection.tsx:181:14
Error: Expected '</', got 'jsx text'
  179 |           View Full Leaderboard →
  180 |         </p>
> 181 |       </Card>
      |              ^^^^^^^^^^^^^^^^^^^^^^^^^^^^^^^^^^^^^^^^^^^^^^^^^^^^^^^^^^^^^^^^^^^^^^^^^^^^^^^^^^^^
> 182 |     </section>
      | ^^^^
  183 |   );
  184 | }
  185 |

Parsing ecmascript source code failed

Import trace:
  Server Component:
    ./components/landing/LeaderboardSection.tsx
    ./app/page.tsx @ http://localhost:3000/_next/static/chunks/node_modules_next_dist_1e8vcs8._.js:1052
[ 7335316ms] [ERROR] ./components/landing/LeaderboardSection.tsx:181:14
Error: Expected '</', got 'jsx text'
  179 |           View Full Leaderboard →
  180 |         </p>
> 181 |       </Card>
      |              ^^^^^^^^^^^^^^^^^^^^^^^^^^^^^^^^^^^^^^^^^^^^^^^^^^^^^^^^^^^^^^^^^^^^^^^^^^^^^^^^^^^^
> 182 |     </section>
      | ^^^^
  183 |   );
  184 | }
  185 |

Parsing ecmascript source code failed

Import trace:
  Server Component:
    ./components/landing/LeaderboardSection.tsx
    ./app/page.tsx @ http://localhost:3000/_next/static/chunks/node_modules_next_dist_1e8vcs8._.js:1052
[ 7335382ms] [ERROR] ./components/landing/LeaderboardSection.tsx:181:14
Error: Expected '</', got 'jsx text'
  179 |           View Full Leaderboard →
  180 |         </p>
> 181 |       </Card>
      |              ^^^^^^^^^^^^^^^^^^^^^^^^^^^^^^^^^^^^^^^^^^^^^^^^^^^^^^^^^^^^^^^^^^^^^^^^^^^^^^^^^^^^
> 182 |     </section>
      | ^^^^
  183 |   );
  184 | }
  185 |

Parsing ecmascript source code failed

Import trace:
  Server Component:
    ./components/landing/LeaderboardSection.tsx
    ./app/page.tsx @ http://localhost:3000/_next/static/chunks/node_modules_next_dist_1e8vcs8._.js:1052
[ 7335452ms] [ERROR] ./components/landing/LeaderboardSection.tsx:181:14
Error: Expected '</', got 'jsx text'
  179 |           View Full Leaderboard →
  180 |         </p>
> 181 |       </Card>
      |              ^^^^^^^^^^^^^^^^^^^^^^^^^^^^^^^^^^^^^^^^^^^^^^^^^^^^^^^^^^^^^^^^^^^^^^^^^^^^^^^^^^^^
> 182 |     </section>
      | ^^^^
  183 |   );
  184 | }
  185 |

Parsing ecmascript source code failed

Import trace:
  Server Component:
    ./components/landing/LeaderboardSection.tsx
    ./app/page.tsx @ http://localhost:3000/_next/static/chunks/node_modules_next_dist_1e8vcs8._.js:1052
[ 7335503ms] [ERROR] ./components/landing/LeaderboardSection.tsx:181:14
Error: Expected '</', got 'jsx text'
  179 |           View Full Leaderboard →
  180 |         </p>
> 181 |       </Card>
      |              ^^^^^^^^^^^^^^^^^^^^^^^^^^^^^^^^^^^^^^^^^^^^^^^^^^^^^^^^^^^^^^^^^^^^^^^^^^^^^^^^^^^^
> 182 |     </section>
      | ^^^^
  183 |   );
  184 | }
  185 |

Parsing ecmascript source code failed

Import trace:
  Server Component:
    ./components/landing/LeaderboardSection.tsx
    ./app/page.tsx @ http://localhost:3000/_next/static/chunks/node_modules_next_dist_1e8vcs8._.js:1052
[ 7335569ms] [ERROR] ./components/landing/LeaderboardSection.tsx:181:14
Error: Expected '</', got 'jsx text'
  179 |           View Full Leaderboard →
  180 |         </p>
> 181 |       </Card>
      |              ^^^^^^^^^^^^^^^^^^^^^^^^^^^^^^^^^^^^^^^^^^^^^^^^^^^^^^^^^^^^^^^^^^^^^^^^^^^^^^^^^^^^
> 182 |     </section>
      | ^^^^
  183 |   );
  184 | }
  185 |

Parsing ecmascript source code failed

Import trace:
  Server Component:
    ./components/landing/LeaderboardSection.tsx
    ./app/page.tsx @ http://localhost:3000/_next/static/chunks/node_modules_next_dist_1e8vcs8._.js:1052
[ 7335633ms] [ERROR] ./components/landing/LeaderboardSection.tsx:181:14
Error: Expected '</', got 'jsx text'
  179 |           View Full Leaderboard →
  180 |         </p>
> 181 |       </Card>
      |              ^^^^^^^^^^^^^^^^^^^^^^^^^^^^^^^^^^^^^^^^^^^^^^^^^^^^^^^^^^^^^^^^^^^^^^^^^^^^^^^^^^^^
> 182 |     </section>
      | ^^^^
  183 |   );
  184 | }
  185 |

Parsing ecmascript source code failed

Import trace:
  Server Component:
    ./components/landing/LeaderboardSection.tsx
    ./app/page.tsx @ http://localhost:3000/_next/static/chunks/node_modules_next_dist_1e8vcs8._.js:1052
[ 7335701ms] [ERROR] ./components/landing/LeaderboardSection.tsx:181:14
Error: Expected '</', got 'jsx text'
  179 |           View Full Leaderboard →
  180 |         </p>
> 181 |       </Card>
      |              ^^^^^^^^^^^^^^^^^^^^^^^^^^^^^^^^^^^^^^^^^^^^^^^^^^^^^^^^^^^^^^^^^^^^^^^^^^^^^^^^^^^^
> 182 |     </section>
      | ^^^^
  183 |   );
  184 | }
  185 |

Parsing ecmascript source code failed

Import trace:
  Server Component:
    ./components/landing/LeaderboardSection.tsx
    ./app/page.tsx @ http://localhost:3000/_next/static/chunks/node_modules_next_dist_1e8vcs8._.js:1052
[ 7335778ms] [ERROR] ./components/landing/LeaderboardSection.tsx:181:14
Error: Expected '</', got 'jsx text'
  179 |           View Full Leaderboard →
  180 |         </p>
> 181 |       </Card>
      |              ^^^^^^^^^^^^^^^^^^^^^^^^^^^^^^^^^^^^^^^^^^^^^^^^^^^^^^^^^^^^^^^^^^^^^^^^^^^^^^^^^^^^
> 182 |     </section>
      | ^^^^
  183 |   );
  184 | }
  185 |

Parsing ecmascript source code failed

Import trace:
  Server Component:
    ./components/landing/LeaderboardSection.tsx
    ./app/page.tsx @ http://localhost:3000/_next/static/chunks/node_modules_next_dist_1e8vcs8._.js:1052
[ 7335841ms] [ERROR] ./components/landing/LeaderboardSection.tsx:181:14
Error: Expected '</', got 'jsx text'
  179 |           View Full Leaderboard →
  180 |         </p>
> 181 |       </Card>
      |              ^^^^^^^^^^^^^^^^^^^^^^^^^^^^^^^^^^^^^^^^^^^^^^^^^^^^^^^^^^^^^^^^^^^^^^^^^^^^^^^^^^^^
> 182 |     </section>
      | ^^^^
  183 |   );
  184 | }
  185 |

Parsing ecmascript source code failed

Import trace:
  Server Component:
    ./components/landing/LeaderboardSection.tsx
    ./app/page.tsx @ http://localhost:3000/_next/static/chunks/node_modules_next_dist_1e8vcs8._.js:1052
[ 7335901ms] [ERROR] ./components/landing/LeaderboardSection.tsx:181:14
Error: Expected '</', got 'jsx text'
  179 |           View Full Leaderboard →
  180 |         </p>
> 181 |       </Card>
      |              ^^^^^^^^^^^^^^^^^^^^^^^^^^^^^^^^^^^^^^^^^^^^^^^^^^^^^^^^^^^^^^^^^^^^^^^^^^^^^^^^^^^^
> 182 |     </section>
      | ^^^^
  183 |   );
  184 | }
  185 |

Parsing ecmascript source code failed

Import trace:
  Server Component:
    ./components/landing/LeaderboardSection.tsx
    ./app/page.tsx @ http://localhost:3000/_next/static/chunks/node_modules_next_dist_1e8vcs8._.js:1052
[ 7335958ms] [ERROR] ./components/landing/LeaderboardSection.tsx:181:14
Error: Expected '</', got 'jsx text'
  179 |           View Full Leaderboard →
  180 |         </p>
> 181 |       </Card>
      |              ^^^^^^^^^^^^^^^^^^^^^^^^^^^^^^^^^^^^^^^^^^^^^^^^^^^^^^^^^^^^^^^^^^^^^^^^^^^^^^^^^^^^
> 182 |     </section>
      | ^^^^
  183 |   );
  184 | }
  185 |

Parsing ecmascript source code failed

Import trace:
  Server Component:
    ./components/landing/LeaderboardSection.tsx
    ./app/page.tsx @ http://localhost:3000/_next/static/chunks/node_modules_next_dist_1e8vcs8._.js:1052
[ 7336033ms] [ERROR] ./components/landing/LeaderboardSection.tsx:181:14
Error: Expected '</', got 'jsx text'
  179 |           View Full Leaderboard →
  180 |         </p>
> 181 |       </Card>
      |              ^^^^^^^^^^^^^^^^^^^^^^^^^^^^^^^^^^^^^^^^^^^^^^^^^^^^^^^^^^^^^^^^^^^^^^^^^^^^^^^^^^^^
> 182 |     </section>
      | ^^^^
  183 |   );
  184 | }
  185 |

Parsing ecmascript source code failed

Import trace:
  Server Component:
    ./components/landing/LeaderboardSection.tsx
    ./app/page.tsx @ http://localhost:3000/_next/static/chunks/node_modules_next_dist_1e8vcs8._.js:1052
[ 7336099ms] [ERROR] ./components/landing/LeaderboardSection.tsx:181:14
Error: Expected '</', got 'jsx text'
  179 |           View Full Leaderboard →
  180 |         </p>
> 181 |       </Card>
      |              ^^^^^^^^^^^^^^^^^^^^^^^^^^^^^^^^^^^^^^^^^^^^^^^^^^^^^^^^^^^^^^^^^^^^^^^^^^^^^^^^^^^^
> 182 |     </section>
      | ^^^^
  183 |   );
  184 | }
  185 |

Parsing ecmascript source code failed

Import trace:
  Server Component:
    ./components/landing/LeaderboardSection.tsx
    ./app/page.tsx @ http://localhost:3000/_next/static/chunks/node_modules_next_dist_1e8vcs8._.js:1052
[ 7336166ms] [ERROR] ./components/landing/LeaderboardSection.tsx:181:14
Error: Expected '</', got 'jsx text'
  179 |           View Full Leaderboard →
  180 |         </p>
> 181 |       </Card>
      |              ^^^^^^^^^^^^^^^^^^^^^^^^^^^^^^^^^^^^^^^^^^^^^^^^^^^^^^^^^^^^^^^^^^^^^^^^^^^^^^^^^^^^
> 182 |     </section>
      | ^^^^
  183 |   );
  184 | }
  185 |

Parsing ecmascript source code failed

Import trace:
  Server Component:
    ./components/landing/LeaderboardSection.tsx
    ./app/page.tsx @ http://localhost:3000/_next/static/chunks/node_modules_next_dist_1e8vcs8._.js:1052
[ 7336224ms] [ERROR] ./components/landing/LeaderboardSection.tsx:181:14
Error: Expected '</', got 'jsx text'
  179 |           View Full Leaderboard →
  180 |         </p>
> 181 |       </Card>
      |              ^^^^^^^^^^^^^^^^^^^^^^^^^^^^^^^^^^^^^^^^^^^^^^^^^^^^^^^^^^^^^^^^^^^^^^^^^^^^^^^^^^^^
> 182 |     </section>
      | ^^^^
  183 |   );
  184 | }
  185 |

Parsing ecmascript source code failed

Import trace:
  Server Component:
    ./components/landing/LeaderboardSection.tsx
    ./app/page.tsx @ http://localhost:3000/_next/static/chunks/node_modules_next_dist_1e8vcs8._.js:1052
[ 7336287ms] [ERROR] ./components/landing/LeaderboardSection.tsx:181:14
Error: Expected '</', got 'jsx text'
  179 |           View Full Leaderboard →
  180 |         </p>
> 181 |       </Card>
      |              ^^^^^^^^^^^^^^^^^^^^^^^^^^^^^^^^^^^^^^^^^^^^^^^^^^^^^^^^^^^^^^^^^^^^^^^^^^^^^^^^^^^^
> 182 |     </section>
      | ^^^^
  183 |   );
  184 | }
  185 |

Parsing ecmascript source code failed

Import trace:
  Server Component:
    ./components/landing/LeaderboardSection.tsx
    ./app/page.tsx @ http://localhost:3000/_next/static/chunks/node_modules_next_dist_1e8vcs8._.js:1052
[ 7336351ms] [ERROR] ./components/landing/LeaderboardSection.tsx:181:14
Error: Expected '</', got 'jsx text'
  179 |           View Full Leaderboard →
  180 |         </p>
> 181 |       </Card>
      |              ^^^^^^^^^^^^^^^^^^^^^^^^^^^^^^^^^^^^^^^^^^^^^^^^^^^^^^^^^^^^^^^^^^^^^^^^^^^^^^^^^^^^
> 182 |     </section>
      | ^^^^
  183 |   );
  184 | }
  185 |

Parsing ecmascript source code failed

Import trace:
  Server Component:
    ./components/landing/LeaderboardSection.tsx
    ./app/page.tsx @ http://localhost:3000/_next/static/chunks/node_modules_next_dist_1e8vcs8._.js:1052
[ 7336415ms] [ERROR] ./components/landing/LeaderboardSection.tsx:181:14
Error: Expected '</', got 'jsx text'
  179 |           View Full Leaderboard →
  180 |         </p>
> 181 |       </Card>
      |              ^^^^^^^^^^^^^^^^^^^^^^^^^^^^^^^^^^^^^^^^^^^^^^^^^^^^^^^^^^^^^^^^^^^^^^^^^^^^^^^^^^^^
> 182 |     </section>
      | ^^^^
  183 |   );
  184 | }
  185 |

Parsing ecmascript source code failed

Import trace:
  Server Component:
    ./components/landing/LeaderboardSection.tsx
    ./app/page.tsx @ http://localhost:3000/_next/static/chunks/node_modules_next_dist_1e8vcs8._.js:1052
[ 7336483ms] [ERROR] ./components/landing/LeaderboardSection.tsx:181:14
Error: Expected '</', got 'jsx text'
  179 |           View Full Leaderboard →
  180 |         </p>
> 181 |       </Card>
      |              ^^^^^^^^^^^^^^^^^^^^^^^^^^^^^^^^^^^^^^^^^^^^^^^^^^^^^^^^^^^^^^^^^^^^^^^^^^^^^^^^^^^^
> 182 |     </section>
      | ^^^^
  183 |   );
  184 | }
  185 |

Parsing ecmascript source code failed

Import trace:
  Server Component:
    ./components/landing/LeaderboardSection.tsx
    ./app/page.tsx @ http://localhost:3000/_next/static/chunks/node_modules_next_dist_1e8vcs8._.js:1052
[ 7336548ms] [ERROR] ./components/landing/LeaderboardSection.tsx:181:14
Error: Expected '</', got 'jsx text'
  179 |           View Full Leaderboard →
  180 |         </p>
> 181 |       </Card>
      |              ^^^^^^^^^^^^^^^^^^^^^^^^^^^^^^^^^^^^^^^^^^^^^^^^^^^^^^^^^^^^^^^^^^^^^^^^^^^^^^^^^^^^
> 182 |     </section>
      | ^^^^
  183 |   );
  184 | }
  185 |

Parsing ecmascript source code failed

Import trace:
  Server Component:
    ./components/landing/LeaderboardSection.tsx
    ./app/page.tsx @ http://localhost:3000/_next/static/chunks/node_modules_next_dist_1e8vcs8._.js:1052
[ 7336615ms] [ERROR] ./components/landing/LeaderboardSection.tsx:181:14
Error: Expected '</', got 'jsx text'
  179 |           View Full Leaderboard →
  180 |         </p>
> 181 |       </Card>
      |              ^^^^^^^^^^^^^^^^^^^^^^^^^^^^^^^^^^^^^^^^^^^^^^^^^^^^^^^^^^^^^^^^^^^^^^^^^^^^^^^^^^^^
> 182 |     </section>
      | ^^^^
  183 |   );
  184 | }
  185 |

Parsing ecmascript source code failed

Import trace:
  Server Component:
    ./components/landing/LeaderboardSection.tsx
    ./app/page.tsx @ http://localhost:3000/_next/static/chunks/node_modules_next_dist_1e8vcs8._.js:1052
[ 7336685ms] [ERROR] ./components/landing/LeaderboardSection.tsx:181:14
Error: Expected '</', got 'jsx text'
  179 |           View Full Leaderboard →
  180 |         </p>
> 181 |       </Card>
      |              ^^^^^^^^^^^^^^^^^^^^^^^^^^^^^^^^^^^^^^^^^^^^^^^^^^^^^^^^^^^^^^^^^^^^^^^^^^^^^^^^^^^^
> 182 |     </section>
      | ^^^^
  183 |   );
  184 | }
  185 |

Parsing ecmascript source code failed

Import trace:
  Server Component:
    ./components/landing/LeaderboardSection.tsx
    ./app/page.tsx @ http://localhost:3000/_next/static/chunks/node_modules_next_dist_1e8vcs8._.js:1052
[ 7336749ms] [ERROR] ./components/landing/LeaderboardSection.tsx:181:14
Error: Expected '</', got 'jsx text'
  179 |           View Full Leaderboard →
  180 |         </p>
> 181 |       </Card>
      |              ^^^^^^^^^^^^^^^^^^^^^^^^^^^^^^^^^^^^^^^^^^^^^^^^^^^^^^^^^^^^^^^^^^^^^^^^^^^^^^^^^^^^
> 182 |     </section>
      | ^^^^
  183 |   );
  184 | }
  185 |

Parsing ecmascript source code failed

Import trace:
  Server Component:
    ./components/landing/LeaderboardSection.tsx
    ./app/page.tsx @ http://localhost:3000/_next/static/chunks/node_modules_next_dist_1e8vcs8._.js:1052
[ 7336805ms] [ERROR] ./components/landing/LeaderboardSection.tsx:181:14
Error: Expected '</', got 'jsx text'
  179 |           View Full Leaderboard →
  180 |         </p>
> 181 |       </Card>
      |              ^^^^^^^^^^^^^^^^^^^^^^^^^^^^^^^^^^^^^^^^^^^^^^^^^^^^^^^^^^^^^^^^^^^^^^^^^^^^^^^^^^^^
> 182 |     </section>
      | ^^^^
  183 |   );
  184 | }
  185 |

Parsing ecmascript source code failed

Import trace:
  Server Component:
    ./components/landing/LeaderboardSection.tsx
    ./app/page.tsx @ http://localhost:3000/_next/static/chunks/node_modules_next_dist_1e8vcs8._.js:1052
[ 7336869ms] [ERROR] ./components/landing/LeaderboardSection.tsx:181:14
Error: Expected '</', got 'jsx text'
  179 |           View Full Leaderboard →
  180 |         </p>
> 181 |       </Card>
      |              ^^^^^^^^^^^^^^^^^^^^^^^^^^^^^^^^^^^^^^^^^^^^^^^^^^^^^^^^^^^^^^^^^^^^^^^^^^^^^^^^^^^^
> 182 |     </section>
      | ^^^^
  183 |   );
  184 | }
  185 |

Parsing ecmascript source code failed

Import trace:
  Server Component:
    ./components/landing/LeaderboardSection.tsx
    ./app/page.tsx @ http://localhost:3000/_next/static/chunks/node_modules_next_dist_1e8vcs8._.js:1052
[ 7336934ms] [ERROR] ./components/landing/LeaderboardSection.tsx:181:14
Error: Expected '</', got 'jsx text'
  179 |           View Full Leaderboard →
  180 |         </p>
> 181 |       </Card>
      |              ^^^^^^^^^^^^^^^^^^^^^^^^^^^^^^^^^^^^^^^^^^^^^^^^^^^^^^^^^^^^^^^^^^^^^^^^^^^^^^^^^^^^
> 182 |     </section>
      | ^^^^
  183 |   );
  184 | }
  185 |

Parsing ecmascript source code failed

Import trace:
  Server Component:
    ./components/landing/LeaderboardSection.tsx
    ./app/page.tsx @ http://localhost:3000/_next/static/chunks/node_modules_next_dist_1e8vcs8._.js:1052
[ 7337000ms] [ERROR] ./components/landing/LeaderboardSection.tsx:181:14
Error: Expected '</', got 'jsx text'
  179 |           View Full Leaderboard →
  180 |         </p>
> 181 |       </Card>
      |              ^^^^^^^^^^^^^^^^^^^^^^^^^^^^^^^^^^^^^^^^^^^^^^^^^^^^^^^^^^^^^^^^^^^^^^^^^^^^^^^^^^^^
> 182 |     </section>
      | ^^^^
  183 |   );
  184 | }
  185 |

Parsing ecmascript source code failed

Import trace:
  Server Component:
    ./components/landing/LeaderboardSection.tsx
    ./app/page.tsx @ http://localhost:3000/_next/static/chunks/node_modules_next_dist_1e8vcs8._.js:1052
[ 7337066ms] [ERROR] ./components/landing/LeaderboardSection.tsx:181:14
Error: Expected '</', got 'jsx text'
  179 |           View Full Leaderboard →
  180 |         </p>
> 181 |       </Card>
      |              ^^^^^^^^^^^^^^^^^^^^^^^^^^^^^^^^^^^^^^^^^^^^^^^^^^^^^^^^^^^^^^^^^^^^^^^^^^^^^^^^^^^^
> 182 |     </section>
      | ^^^^
  183 |   );
  184 | }
  185 |

Parsing ecmascript source code failed

Import trace:
  Server Component:
    ./components/landing/LeaderboardSection.tsx
    ./app/page.tsx @ http://localhost:3000/_next/static/chunks/node_modules_next_dist_1e8vcs8._.js:1052
[ 7337125ms] [ERROR] ./components/landing/LeaderboardSection.tsx:181:14
Error: Expected '</', got 'jsx text'
  179 |           View Full Leaderboard →
  180 |         </p>
> 181 |       </Card>
      |              ^^^^^^^^^^^^^^^^^^^^^^^^^^^^^^^^^^^^^^^^^^^^^^^^^^^^^^^^^^^^^^^^^^^^^^^^^^^^^^^^^^^^
> 182 |     </section>
      | ^^^^
  183 |   );
  184 | }
  185 |

Parsing ecmascript source code failed

Import trace:
  Server Component:
    ./components/landing/LeaderboardSection.tsx
    ./app/page.tsx @ http://localhost:3000/_next/static/chunks/node_modules_next_dist_1e8vcs8._.js:1052
[ 7337198ms] [ERROR] ./components/landing/LeaderboardSection.tsx:181:14
Error: Expected '</', got 'jsx text'
  179 |           View Full Leaderboard →
  180 |         </p>
> 181 |       </Card>
      |              ^^^^^^^^^^^^^^^^^^^^^^^^^^^^^^^^^^^^^^^^^^^^^^^^^^^^^^^^^^^^^^^^^^^^^^^^^^^^^^^^^^^^
> 182 |     </section>
      | ^^^^
  183 |   );
  184 | }
  185 |

Parsing ecmascript source code failed

Import trace:
  Server Component:
    ./components/landing/LeaderboardSection.tsx
    ./app/page.tsx @ http://localhost:3000/_next/static/chunks/node_modules_next_dist_1e8vcs8._.js:1052
[ 7337265ms] [ERROR] ./components/landing/LeaderboardSection.tsx:181:14
Error: Expected '</', got 'jsx text'
  179 |           View Full Leaderboard →
  180 |         </p>
> 181 |       </Card>
      |              ^^^^^^^^^^^^^^^^^^^^^^^^^^^^^^^^^^^^^^^^^^^^^^^^^^^^^^^^^^^^^^^^^^^^^^^^^^^^^^^^^^^^
> 182 |     </section>
      | ^^^^
  183 |   );
  184 | }
  185 |

Parsing ecmascript source code failed

Import trace:
  Server Component:
    ./components/landing/LeaderboardSection.tsx
    ./app/page.tsx @ http://localhost:3000/_next/static/chunks/node_modules_next_dist_1e8vcs8._.js:1052
[ 7337325ms] [ERROR] ./components/landing/LeaderboardSection.tsx:181:14
Error: Expected '</', got 'jsx text'
  179 |           View Full Leaderboard →
  180 |         </p>
> 181 |       </Card>
      |              ^^^^^^^^^^^^^^^^^^^^^^^^^^^^^^^^^^^^^^^^^^^^^^^^^^^^^^^^^^^^^^^^^^^^^^^^^^^^^^^^^^^^
> 182 |     </section>
      | ^^^^
  183 |   );
  184 | }
  185 |

Parsing ecmascript source code failed

Import trace:
  Server Component:
    ./components/landing/LeaderboardSection.tsx
    ./app/page.tsx @ http://localhost:3000/_next/static/chunks/node_modules_next_dist_1e8vcs8._.js:1052
[ 7337388ms] [ERROR] ./components/landing/LeaderboardSection.tsx:181:14
Error: Expected '</', got 'jsx text'
  179 |           View Full Leaderboard →
  180 |         </p>
> 181 |       </Card>
      |              ^^^^^^^^^^^^^^^^^^^^^^^^^^^^^^^^^^^^^^^^^^^^^^^^^^^^^^^^^^^^^^^^^^^^^^^^^^^^^^^^^^^^
> 182 |     </section>
      | ^^^^
  183 |   );
  184 | }
  185 |

Parsing ecmascript source code failed

Import trace:
  Server Component:
    ./components/landing/LeaderboardSection.tsx
    ./app/page.tsx @ http://localhost:3000/_next/static/chunks/node_modules_next_dist_1e8vcs8._.js:1052
[ 7337452ms] [ERROR] ./components/landing/LeaderboardSection.tsx:181:14
Error: Expected '</', got 'jsx text'
  179 |           View Full Leaderboard →
  180 |         </p>
> 181 |       </Card>
      |              ^^^^^^^^^^^^^^^^^^^^^^^^^^^^^^^^^^^^^^^^^^^^^^^^^^^^^^^^^^^^^^^^^^^^^^^^^^^^^^^^^^^^
> 182 |     </section>
      | ^^^^
  183 |   );
  184 | }
  185 |

Parsing ecmascript source code failed

Import trace:
  Server Component:
    ./components/landing/LeaderboardSection.tsx
    ./app/page.tsx @ http://localhost:3000/_next/static/chunks/node_modules_next_dist_1e8vcs8._.js:1052
[ 7337522ms] [ERROR] ./components/landing/LeaderboardSection.tsx:181:14
Error: Expected '</', got 'jsx text'
  179 |           View Full Leaderboard →
  180 |         </p>
> 181 |       </Card>
      |              ^^^^^^^^^^^^^^^^^^^^^^^^^^^^^^^^^^^^^^^^^^^^^^^^^^^^^^^^^^^^^^^^^^^^^^^^^^^^^^^^^^^^
> 182 |     </section>
      | ^^^^
  183 |   );
  184 | }
  185 |

Parsing ecmascript source code failed

Import trace:
  Server Component:
    ./components/landing/LeaderboardSection.tsx
    ./app/page.tsx @ http://localhost:3000/_next/static/chunks/node_modules_next_dist_1e8vcs8._.js:1052
[ 7337581ms] [ERROR] ./components/landing/LeaderboardSection.tsx:181:14
Error: Expected '</', got 'jsx text'
  179 |           View Full Leaderboard →
  180 |         </p>
> 181 |       </Card>
      |              ^^^^^^^^^^^^^^^^^^^^^^^^^^^^^^^^^^^^^^^^^^^^^^^^^^^^^^^^^^^^^^^^^^^^^^^^^^^^^^^^^^^^
> 182 |     </section>
      | ^^^^
  183 |   );
  184 | }
  185 |

Parsing ecmascript source code failed

Import trace:
  Server Component:
    ./components/landing/LeaderboardSection.tsx
    ./app/page.tsx @ http://localhost:3000/_next/static/chunks/node_modules_next_dist_1e8vcs8._.js:1052
[ 7337650ms] [ERROR] ./components/landing/LeaderboardSection.tsx:181:14
Error: Expected '</', got 'jsx text'
  179 |           View Full Leaderboard →
  180 |         </p>
> 181 |       </Card>
      |              ^^^^^^^^^^^^^^^^^^^^^^^^^^^^^^^^^^^^^^^^^^^^^^^^^^^^^^^^^^^^^^^^^^^^^^^^^^^^^^^^^^^^
> 182 |     </section>
      | ^^^^
  183 |   );
  184 | }
  185 |

Parsing ecmascript source code failed

Import trace:
  Server Component:
    ./components/landing/LeaderboardSection.tsx
    ./app/page.tsx @ http://localhost:3000/_next/static/chunks/node_modules_next_dist_1e8vcs8._.js:1052
[ 7337707ms] [ERROR] ./components/landing/LeaderboardSection.tsx:181:14
Error: Expected '</', got 'jsx text'
  179 |           View Full Leaderboard →
  180 |         </p>
> 181 |       </Card>
      |              ^^^^^^^^^^^^^^^^^^^^^^^^^^^^^^^^^^^^^^^^^^^^^^^^^^^^^^^^^^^^^^^^^^^^^^^^^^^^^^^^^^^^
> 182 |     </section>
      | ^^^^
  183 |   );
  184 | }
  185 |

Parsing ecmascript source code failed

Import trace:
  Server Component:
    ./components/landing/LeaderboardSection.tsx
    ./app/page.tsx @ http://localhost:3000/_next/static/chunks/node_modules_next_dist_1e8vcs8._.js:1052
[ 7337770ms] [ERROR] ./components/landing/LeaderboardSection.tsx:181:14
Error: Expected '</', got 'jsx text'
  179 |           View Full Leaderboard →
  180 |         </p>
> 181 |       </Card>
      |              ^^^^^^^^^^^^^^^^^^^^^^^^^^^^^^^^^^^^^^^^^^^^^^^^^^^^^^^^^^^^^^^^^^^^^^^^^^^^^^^^^^^^
> 182 |     </section>
      | ^^^^
  183 |   );
  184 | }
  185 |

Parsing ecmascript source code failed

Import trace:
  Server Component:
    ./components/landing/LeaderboardSection.tsx
    ./app/page.tsx @ http://localhost:3000/_next/static/chunks/node_modules_next_dist_1e8vcs8._.js:1052
[ 7337834ms] [ERROR] ./components/landing/LeaderboardSection.tsx:181:14
Error: Expected '</', got 'jsx text'
  179 |           View Full Leaderboard →
  180 |         </p>
> 181 |       </Card>
      |              ^^^^^^^^^^^^^^^^^^^^^^^^^^^^^^^^^^^^^^^^^^^^^^^^^^^^^^^^^^^^^^^^^^^^^^^^^^^^^^^^^^^^
> 182 |     </section>
      | ^^^^
  183 |   );
  184 | }
  185 |

Parsing ecmascript source code failed

Import trace:
  Server Component:
    ./components/landing/LeaderboardSection.tsx
    ./app/page.tsx @ http://localhost:3000/_next/static/chunks/node_modules_next_dist_1e8vcs8._.js:1052
[ 7337898ms] [ERROR] ./components/landing/LeaderboardSection.tsx:181:14
Error: Expected '</', got 'jsx text'
  179 |           View Full Leaderboard →
  180 |         </p>
> 181 |       </Card>
      |              ^^^^^^^^^^^^^^^^^^^^^^^^^^^^^^^^^^^^^^^^^^^^^^^^^^^^^^^^^^^^^^^^^^^^^^^^^^^^^^^^^^^^
> 182 |     </section>
      | ^^^^
  183 |   );
  184 | }
  185 |

Parsing ecmascript source code failed

Import trace:
  Server Component:
    ./components/landing/LeaderboardSection.tsx
    ./app/page.tsx @ http://localhost:3000/_next/static/chunks/node_modules_next_dist_1e8vcs8._.js:1052
[ 7337966ms] [ERROR] ./components/landing/LeaderboardSection.tsx:181:14
Error: Expected '</', got 'jsx text'
  179 |           View Full Leaderboard →
  180 |         </p>
> 181 |       </Card>
      |              ^^^^^^^^^^^^^^^^^^^^^^^^^^^^^^^^^^^^^^^^^^^^^^^^^^^^^^^^^^^^^^^^^^^^^^^^^^^^^^^^^^^^
> 182 |     </section>
      | ^^^^
  183 |   );
  184 | }
  185 |

Parsing ecmascript source code failed

Import trace:
  Server Component:
    ./components/landing/LeaderboardSection.tsx
    ./app/page.tsx @ http://localhost:3000/_next/static/chunks/node_modules_next_dist_1e8vcs8._.js:1052
[ 7338032ms] [ERROR] ./components/landing/LeaderboardSection.tsx:181:14
Error: Expected '</', got 'jsx text'
  179 |           View Full Leaderboard →
  180 |         </p>
> 181 |       </Card>
      |              ^^^^^^^^^^^^^^^^^^^^^^^^^^^^^^^^^^^^^^^^^^^^^^^^^^^^^^^^^^^^^^^^^^^^^^^^^^^^^^^^^^^^
> 182 |     </section>
      | ^^^^
  183 |   );
  184 | }
  185 |

Parsing ecmascript source code failed

Import trace:
  Server Component:
    ./components/landing/LeaderboardSection.tsx
    ./app/page.tsx @ http://localhost:3000/_next/static/chunks/node_modules_next_dist_1e8vcs8._.js:1052
[ 7338083ms] [ERROR] ./components/landing/LeaderboardSection.tsx:181:14
Error: Expected '</', got 'jsx text'
  179 |           View Full Leaderboard →
  180 |         </p>
> 181 |       </Card>
      |              ^^^^^^^^^^^^^^^^^^^^^^^^^^^^^^^^^^^^^^^^^^^^^^^^^^^^^^^^^^^^^^^^^^^^^^^^^^^^^^^^^^^^
> 182 |     </section>
      | ^^^^
  183 |   );
  184 | }
  185 |

Parsing ecmascript source code failed

Import trace:
  Server Component:
    ./components/landing/LeaderboardSection.tsx
    ./app/page.tsx @ http://localhost:3000/_next/static/chunks/node_modules_next_dist_1e8vcs8._.js:1052
[ 7338149ms] [ERROR] ./components/landing/LeaderboardSection.tsx:181:14
Error: Expected '</', got 'jsx text'
  179 |           View Full Leaderboard →
  180 |         </p>
> 181 |       </Card>
      |              ^^^^^^^^^^^^^^^^^^^^^^^^^^^^^^^^^^^^^^^^^^^^^^^^^^^^^^^^^^^^^^^^^^^^^^^^^^^^^^^^^^^^
> 182 |     </section>
      | ^^^^
  183 |   );
  184 | }
  185 |

Parsing ecmascript source code failed

Import trace:
  Server Component:
    ./components/landing/LeaderboardSection.tsx
    ./app/page.tsx @ http://localhost:3000/_next/static/chunks/node_modules_next_dist_1e8vcs8._.js:1052
[ 7338214ms] [ERROR] ./components/landing/LeaderboardSection.tsx:181:14
Error: Expected '</', got 'jsx text'
  179 |           View Full Leaderboard →
  180 |         </p>
> 181 |       </Card>
      |              ^^^^^^^^^^^^^^^^^^^^^^^^^^^^^^^^^^^^^^^^^^^^^^^^^^^^^^^^^^^^^^^^^^^^^^^^^^^^^^^^^^^^
> 182 |     </section>
      | ^^^^
  183 |   );
  184 | }
  185 |

Parsing ecmascript source code failed

Import trace:
  Server Component:
    ./components/landing/LeaderboardSection.tsx
    ./app/page.tsx @ http://localhost:3000/_next/static/chunks/node_modules_next_dist_1e8vcs8._.js:1052
[ 7338273ms] [ERROR] ./components/landing/LeaderboardSection.tsx:181:14
Error: Expected '</', got 'jsx text'
  179 |           View Full Leaderboard →
  180 |         </p>
> 181 |       </Card>
      |              ^^^^^^^^^^^^^^^^^^^^^^^^^^^^^^^^^^^^^^^^^^^^^^^^^^^^^^^^^^^^^^^^^^^^^^^^^^^^^^^^^^^^
> 182 |     </section>
      | ^^^^
  183 |   );
  184 | }
  185 |

Parsing ecmascript source code failed

Import trace:
  Server Component:
    ./components/landing/LeaderboardSection.tsx
    ./app/page.tsx @ http://localhost:3000/_next/static/chunks/node_modules_next_dist_1e8vcs8._.js:1052
[ 7338336ms] [ERROR] ./components/landing/LeaderboardSection.tsx:181:14
Error: Expected '</', got 'jsx text'
  179 |           View Full Leaderboard →
  180 |         </p>
> 181 |       </Card>
      |              ^^^^^^^^^^^^^^^^^^^^^^^^^^^^^^^^^^^^^^^^^^^^^^^^^^^^^^^^^^^^^^^^^^^^^^^^^^^^^^^^^^^^
> 182 |     </section>
      | ^^^^
  183 |   );
  184 | }
  185 |

Parsing ecmascript source code failed

Import trace:
  Server Component:
    ./components/landing/LeaderboardSection.tsx
    ./app/page.tsx @ http://localhost:3000/_next/static/chunks/node_modules_next_dist_1e8vcs8._.js:1052
[ 7338400ms] [ERROR] ./components/landing/LeaderboardSection.tsx:181:14
Error: Expected '</', got 'jsx text'
  179 |           View Full Leaderboard →
  180 |         </p>
> 181 |       </Card>
      |              ^^^^^^^^^^^^^^^^^^^^^^^^^^^^^^^^^^^^^^^^^^^^^^^^^^^^^^^^^^^^^^^^^^^^^^^^^^^^^^^^^^^^
> 182 |     </section>
      | ^^^^
  183 |   );
  184 | }
  185 |

Parsing ecmascript source code failed

Import trace:
  Server Component:
    ./components/landing/LeaderboardSection.tsx
    ./app/page.tsx @ http://localhost:3000/_next/static/chunks/node_modules_next_dist_1e8vcs8._.js:1052
[ 7338465ms] [ERROR] ./components/landing/LeaderboardSection.tsx:181:14
Error: Expected '</', got 'jsx text'
  179 |           View Full Leaderboard →
  180 |         </p>
> 181 |       </Card>
      |              ^^^^^^^^^^^^^^^^^^^^^^^^^^^^^^^^^^^^^^^^^^^^^^^^^^^^^^^^^^^^^^^^^^^^^^^^^^^^^^^^^^^^
> 182 |     </section>
      | ^^^^
  183 |   );
  184 | }
  185 |

Parsing ecmascript source code failed

Import trace:
  Server Component:
    ./components/landing/LeaderboardSection.tsx
    ./app/page.tsx @ http://localhost:3000/_next/static/chunks/node_modules_next_dist_1e8vcs8._.js:1052
[ 7338533ms] [ERROR] ./components/landing/LeaderboardSection.tsx:181:14
Error: Expected '</', got 'jsx text'
  179 |           View Full Leaderboard →
  180 |         </p>
> 181 |       </Card>
      |              ^^^^^^^^^^^^^^^^^^^^^^^^^^^^^^^^^^^^^^^^^^^^^^^^^^^^^^^^^^^^^^^^^^^^^^^^^^^^^^^^^^^^
> 182 |     </section>
      | ^^^^
  183 |   );
  184 | }
  185 |

Parsing ecmascript source code failed

Import trace:
  Server Component:
    ./components/landing/LeaderboardSection.tsx
    ./app/page.tsx @ http://localhost:3000/_next/static/chunks/node_modules_next_dist_1e8vcs8._.js:1052
[ 7338589ms] [ERROR] ./components/landing/LeaderboardSection.tsx:181:14
Error: Expected '</', got 'jsx text'
  179 |           View Full Leaderboard →
  180 |         </p>
> 181 |       </Card>
      |              ^^^^^^^^^^^^^^^^^^^^^^^^^^^^^^^^^^^^^^^^^^^^^^^^^^^^^^^^^^^^^^^^^^^^^^^^^^^^^^^^^^^^
> 182 |     </section>
      | ^^^^
  183 |   );
  184 | }
  185 |

Parsing ecmascript source code failed

Import trace:
  Server Component:
    ./components/landing/LeaderboardSection.tsx
    ./app/page.tsx @ http://localhost:3000/_next/static/chunks/node_modules_next_dist_1e8vcs8._.js:1052
[ 7338652ms] [ERROR] ./components/landing/LeaderboardSection.tsx:181:14
Error: Expected '</', got 'jsx text'
  179 |           View Full Leaderboard →
  180 |         </p>
> 181 |       </Card>
      |              ^^^^^^^^^^^^^^^^^^^^^^^^^^^^^^^^^^^^^^^^^^^^^^^^^^^^^^^^^^^^^^^^^^^^^^^^^^^^^^^^^^^^
> 182 |     </section>
      | ^^^^
  183 |   );
  184 | }
  185 |

Parsing ecmascript source code failed

Import trace:
  Server Component:
    ./components/landing/LeaderboardSection.tsx
    ./app/page.tsx @ http://localhost:3000/_next/static/chunks/node_modules_next_dist_1e8vcs8._.js:1052
[ 7338717ms] [ERROR] ./components/landing/LeaderboardSection.tsx:181:14
Error: Expected '</', got 'jsx text'
  179 |           View Full Leaderboard →
  180 |         </p>
> 181 |       </Card>
      |              ^^^^^^^^^^^^^^^^^^^^^^^^^^^^^^^^^^^^^^^^^^^^^^^^^^^^^^^^^^^^^^^^^^^^^^^^^^^^^^^^^^^^
> 182 |     </section>
      | ^^^^
  183 |   );
  184 | }
  185 |

Parsing ecmascript source code failed

Import trace:
  Server Component:
    ./components/landing/LeaderboardSection.tsx
    ./app/page.tsx @ http://localhost:3000/_next/static/chunks/node_modules_next_dist_1e8vcs8._.js:1052
[ 7338784ms] [ERROR] ./components/landing/LeaderboardSection.tsx:181:14
Error: Expected '</', got 'jsx text'
  179 |           View Full Leaderboard →
  180 |         </p>
> 181 |       </Card>
      |              ^^^^^^^^^^^^^^^^^^^^^^^^^^^^^^^^^^^^^^^^^^^^^^^^^^^^^^^^^^^^^^^^^^^^^^^^^^^^^^^^^^^^
> 182 |     </section>
      | ^^^^
  183 |   );
  184 | }
  185 |

Parsing ecmascript source code failed

Import trace:
  Server Component:
    ./components/landing/LeaderboardSection.tsx
    ./app/page.tsx @ http://localhost:3000/_next/static/chunks/node_modules_next_dist_1e8vcs8._.js:1052
[ 7338849ms] [ERROR] ./components/landing/LeaderboardSection.tsx:181:14
Error: Expected '</', got 'jsx text'
  179 |           View Full Leaderboard →
  180 |         </p>
> 181 |       </Card>
      |              ^^^^^^^^^^^^^^^^^^^^^^^^^^^^^^^^^^^^^^^^^^^^^^^^^^^^^^^^^^^^^^^^^^^^^^^^^^^^^^^^^^^^
> 182 |     </section>
      | ^^^^
  183 |   );
  184 | }
  185 |

Parsing ecmascript source code failed

Import trace:
  Server Component:
    ./components/landing/LeaderboardSection.tsx
    ./app/page.tsx @ http://localhost:3000/_next/static/chunks/node_modules_next_dist_1e8vcs8._.js:1052
[ 7338908ms] [ERROR] ./components/landing/LeaderboardSection.tsx:181:14
Error: Expected '</', got 'jsx text'
  179 |           View Full Leaderboard →
  180 |         </p>
> 181 |       </Card>
      |              ^^^^^^^^^^^^^^^^^^^^^^^^^^^^^^^^^^^^^^^^^^^^^^^^^^^^^^^^^^^^^^^^^^^^^^^^^^^^^^^^^^^^
> 182 |     </section>
      | ^^^^
  183 |   );
  184 | }
  185 |

Parsing ecmascript source code failed

Import trace:
  Server Component:
    ./components/landing/LeaderboardSection.tsx
    ./app/page.tsx @ http://localhost:3000/_next/static/chunks/node_modules_next_dist_1e8vcs8._.js:1052
[ 7338983ms] [ERROR] ./components/landing/LeaderboardSection.tsx:181:14
Error: Expected '</', got 'jsx text'
  179 |           View Full Leaderboard →
  180 |         </p>
> 181 |       </Card>
      |              ^^^^^^^^^^^^^^^^^^^^^^^^^^^^^^^^^^^^^^^^^^^^^^^^^^^^^^^^^^^^^^^^^^^^^^^^^^^^^^^^^^^^
> 182 |     </section>
      | ^^^^
  183 |   );
  184 | }
  185 |

Parsing ecmascript source code failed

Import trace:
  Server Component:
    ./components/landing/LeaderboardSection.tsx
    ./app/page.tsx @ http://localhost:3000/_next/static/chunks/node_modules_next_dist_1e8vcs8._.js:1052
[ 7339049ms] [ERROR] ./components/landing/LeaderboardSection.tsx:181:14
Error: Expected '</', got 'jsx text'
  179 |           View Full Leaderboard →
  180 |         </p>
> 181 |       </Card>
      |              ^^^^^^^^^^^^^^^^^^^^^^^^^^^^^^^^^^^^^^^^^^^^^^^^^^^^^^^^^^^^^^^^^^^^^^^^^^^^^^^^^^^^
> 182 |     </section>
      | ^^^^
  183 |   );
  184 | }
  185 |

Parsing ecmascript source code failed

Import trace:
  Server Component:
    ./components/landing/LeaderboardSection.tsx
    ./app/page.tsx @ http://localhost:3000/_next/static/chunks/node_modules_next_dist_1e8vcs8._.js:1052
[ 7339109ms] [ERROR] ./components/landing/LeaderboardSection.tsx:181:14
Error: Expected '</', got 'jsx text'
  179 |           View Full Leaderboard →
  180 |         </p>
> 181 |       </Card>
      |              ^^^^^^^^^^^^^^^^^^^^^^^^^^^^^^^^^^^^^^^^^^^^^^^^^^^^^^^^^^^^^^^^^^^^^^^^^^^^^^^^^^^^
> 182 |     </section>
      | ^^^^
  183 |   );
  184 | }
  185 |

Parsing ecmascript source code failed

Import trace:
  Server Component:
    ./components/landing/LeaderboardSection.tsx
    ./app/page.tsx @ http://localhost:3000/_next/static/chunks/node_modules_next_dist_1e8vcs8._.js:1052
[ 7339187ms] [ERROR] ./components/landing/LeaderboardSection.tsx:181:14
Error: Expected '</', got 'jsx text'
  179 |           View Full Leaderboard →
  180 |         </p>
> 181 |       </Card>
      |              ^^^^^^^^^^^^^^^^^^^^^^^^^^^^^^^^^^^^^^^^^^^^^^^^^^^^^^^^^^^^^^^^^^^^^^^^^^^^^^^^^^^^
> 182 |     </section>
      | ^^^^
  183 |   );
  184 | }
  185 |

Parsing ecmascript source code failed

Import trace:
  Server Component:
    ./components/landing/LeaderboardSection.tsx
    ./app/page.tsx @ http://localhost:3000/_next/static/chunks/node_modules_next_dist_1e8vcs8._.js:1052
[ 7339255ms] [ERROR] ./components/landing/LeaderboardSection.tsx:181:14
Error: Expected '</', got 'jsx text'
  179 |           View Full Leaderboard →
  180 |         </p>
> 181 |       </Card>
      |              ^^^^^^^^^^^^^^^^^^^^^^^^^^^^^^^^^^^^^^^^^^^^^^^^^^^^^^^^^^^^^^^^^^^^^^^^^^^^^^^^^^^^
> 182 |     </section>
      | ^^^^
  183 |   );
  184 | }
  185 |

Parsing ecmascript source code failed

Import trace:
  Server Component:
    ./components/landing/LeaderboardSection.tsx
    ./app/page.tsx @ http://localhost:3000/_next/static/chunks/node_modules_next_dist_1e8vcs8._.js:1052
[ 7339318ms] [ERROR] ./components/landing/LeaderboardSection.tsx:181:14
Error: Expected '</', got 'jsx text'
  179 |           View Full Leaderboard →
  180 |         </p>
> 181 |       </Card>
      |              ^^^^^^^^^^^^^^^^^^^^^^^^^^^^^^^^^^^^^^^^^^^^^^^^^^^^^^^^^^^^^^^^^^^^^^^^^^^^^^^^^^^^
> 182 |     </section>
      | ^^^^
  183 |   );
  184 | }
  185 |

Parsing ecmascript source code failed

Import trace:
  Server Component:
    ./components/landing/LeaderboardSection.tsx
    ./app/page.tsx @ http://localhost:3000/_next/static/chunks/node_modules_next_dist_1e8vcs8._.js:1052
[ 7339383ms] [ERROR] ./components/landing/LeaderboardSection.tsx:181:14
Error: Expected '</', got 'jsx text'
  179 |           View Full Leaderboard →
  180 |         </p>
> 181 |       </Card>
      |              ^^^^^^^^^^^^^^^^^^^^^^^^^^^^^^^^^^^^^^^^^^^^^^^^^^^^^^^^^^^^^^^^^^^^^^^^^^^^^^^^^^^^
> 182 |     </section>
      | ^^^^
  183 |   );
  184 | }
  185 |

Parsing ecmascript source code failed

Import trace:
  Server Component:
    ./components/landing/LeaderboardSection.tsx
    ./app/page.tsx @ http://localhost:3000/_next/static/chunks/node_modules_next_dist_1e8vcs8._.js:1052
[ 7339450ms] [ERROR] ./components/landing/LeaderboardSection.tsx:181:14
Error: Expected '</', got 'jsx text'
  179 |           View Full Leaderboard →
  180 |         </p>
> 181 |       </Card>
      |              ^^^^^^^^^^^^^^^^^^^^^^^^^^^^^^^^^^^^^^^^^^^^^^^^^^^^^^^^^^^^^^^^^^^^^^^^^^^^^^^^^^^^
> 182 |     </section>
      | ^^^^
  183 |   );
  184 | }
  185 |

Parsing ecmascript source code failed

Import trace:
  Server Component:
    ./components/landing/LeaderboardSection.tsx
    ./app/page.tsx @ http://localhost:3000/_next/static/chunks/node_modules_next_dist_1e8vcs8._.js:1052
[ 7339509ms] [ERROR] ./components/landing/LeaderboardSection.tsx:181:14
Error: Expected '</', got 'jsx text'
  179 |           View Full Leaderboard →
  180 |         </p>
> 181 |       </Card>
      |              ^^^^^^^^^^^^^^^^^^^^^^^^^^^^^^^^^^^^^^^^^^^^^^^^^^^^^^^^^^^^^^^^^^^^^^^^^^^^^^^^^^^^
> 182 |     </section>
      | ^^^^
  183 |   );
  184 | }
  185 |

Parsing ecmascript source code failed

Import trace:
  Server Component:
    ./components/landing/LeaderboardSection.tsx
    ./app/page.tsx @ http://localhost:3000/_next/static/chunks/node_modules_next_dist_1e8vcs8._.js:1052
[ 7339572ms] [ERROR] ./components/landing/LeaderboardSection.tsx:181:14
Error: Expected '</', got 'jsx text'
  179 |           View Full Leaderboard →
  180 |         </p>
> 181 |       </Card>
      |              ^^^^^^^^^^^^^^^^^^^^^^^^^^^^^^^^^^^^^^^^^^^^^^^^^^^^^^^^^^^^^^^^^^^^^^^^^^^^^^^^^^^^
> 182 |     </section>
      | ^^^^
  183 |   );
  184 | }
  185 |

Parsing ecmascript source code failed

Import trace:
  Server Component:
    ./components/landing/LeaderboardSection.tsx
    ./app/page.tsx @ http://localhost:3000/_next/static/chunks/node_modules_next_dist_1e8vcs8._.js:1052
[ 7339635ms] [ERROR] ./components/landing/LeaderboardSection.tsx:181:14
Error: Expected '</', got 'jsx text'
  179 |           View Full Leaderboard →
  180 |         </p>
> 181 |       </Card>
      |              ^^^^^^^^^^^^^^^^^^^^^^^^^^^^^^^^^^^^^^^^^^^^^^^^^^^^^^^^^^^^^^^^^^^^^^^^^^^^^^^^^^^^
> 182 |     </section>
      | ^^^^
  183 |   );
  184 | }
  185 |

Parsing ecmascript source code failed

Import trace:
  Server Component:
    ./components/landing/LeaderboardSection.tsx
    ./app/page.tsx @ http://localhost:3000/_next/static/chunks/node_modules_next_dist_1e8vcs8._.js:1052
[ 7339706ms] [ERROR] ./components/landing/LeaderboardSection.tsx:181:14
Error: Expected '</', got 'jsx text'
  179 |           View Full Leaderboard →
  180 |         </p>
> 181 |       </Card>
      |              ^^^^^^^^^^^^^^^^^^^^^^^^^^^^^^^^^^^^^^^^^^^^^^^^^^^^^^^^^^^^^^^^^^^^^^^^^^^^^^^^^^^^
> 182 |     </section>
      | ^^^^
  183 |   );
  184 | }
  185 |

Parsing ecmascript source code failed

Import trace:
  Server Component:
    ./components/landing/LeaderboardSection.tsx
    ./app/page.tsx @ http://localhost:3000/_next/static/chunks/node_modules_next_dist_1e8vcs8._.js:1052
[ 7339784ms] [ERROR] ./components/landing/LeaderboardSection.tsx:181:14
Error: Expected '</', got 'jsx text'
  179 |           View Full Leaderboard →
  180 |         </p>
> 181 |       </Card>
      |              ^^^^^^^^^^^^^^^^^^^^^^^^^^^^^^^^^^^^^^^^^^^^^^^^^^^^^^^^^^^^^^^^^^^^^^^^^^^^^^^^^^^^
> 182 |     </section>
      | ^^^^
  183 |   );
  184 | }
  185 |

Parsing ecmascript source code failed

Import trace:
  Server Component:
    ./components/landing/LeaderboardSection.tsx
    ./app/page.tsx @ http://localhost:3000/_next/static/chunks/node_modules_next_dist_1e8vcs8._.js:1052
[ 7339853ms] [ERROR] ./components/landing/LeaderboardSection.tsx:181:14
Error: Expected '</', got 'jsx text'
  179 |           View Full Leaderboard →
  180 |         </p>
> 181 |       </Card>
      |              ^^^^^^^^^^^^^^^^^^^^^^^^^^^^^^^^^^^^^^^^^^^^^^^^^^^^^^^^^^^^^^^^^^^^^^^^^^^^^^^^^^^^
> 182 |     </section>
      | ^^^^
  183 |   );
  184 | }
  185 |

Parsing ecmascript source code failed

Import trace:
  Server Component:
    ./components/landing/LeaderboardSection.tsx
    ./app/page.tsx @ http://localhost:3000/_next/static/chunks/node_modules_next_dist_1e8vcs8._.js:1052
[ 7339922ms] [ERROR] ./components/landing/LeaderboardSection.tsx:181:14
Error: Expected '</', got 'jsx text'
  179 |           View Full Leaderboard →
  180 |         </p>
> 181 |       </Card>
      |              ^^^^^^^^^^^^^^^^^^^^^^^^^^^^^^^^^^^^^^^^^^^^^^^^^^^^^^^^^^^^^^^^^^^^^^^^^^^^^^^^^^^^
> 182 |     </section>
      | ^^^^
  183 |   );
  184 | }
  185 |

Parsing ecmascript source code failed

Import trace:
  Server Component:
    ./components/landing/LeaderboardSection.tsx
    ./app/page.tsx @ http://localhost:3000/_next/static/chunks/node_modules_next_dist_1e8vcs8._.js:1052
[ 7339986ms] [ERROR] ./components/landing/LeaderboardSection.tsx:181:14
Error: Expected '</', got 'jsx text'
  179 |           View Full Leaderboard →
  180 |         </p>
> 181 |       </Card>
      |              ^^^^^^^^^^^^^^^^^^^^^^^^^^^^^^^^^^^^^^^^^^^^^^^^^^^^^^^^^^^^^^^^^^^^^^^^^^^^^^^^^^^^
> 182 |     </section>
      | ^^^^
  183 |   );
  184 | }
  185 |

Parsing ecmascript source code failed

Import trace:
  Server Component:
    ./components/landing/LeaderboardSection.tsx
    ./app/page.tsx @ http://localhost:3000/_next/static/chunks/node_modules_next_dist_1e8vcs8._.js:1052
[ 7340050ms] [ERROR] ./components/landing/LeaderboardSection.tsx:181:14
Error: Expected '</', got 'jsx text'
  179 |           View Full Leaderboard →
  180 |         </p>
> 181 |       </Card>
      |              ^^^^^^^^^^^^^^^^^^^^^^^^^^^^^^^^^^^^^^^^^^^^^^^^^^^^^^^^^^^^^^^^^^^^^^^^^^^^^^^^^^^^
> 182 |     </section>
      | ^^^^
  183 |   );
  184 | }
  185 |

Parsing ecmascript source code failed

Import trace:
  Server Component:
    ./components/landing/LeaderboardSection.tsx
    ./app/page.tsx @ http://localhost:3000/_next/static/chunks/node_modules_next_dist_1e8vcs8._.js:1052
[ 7340115ms] [ERROR] ./components/landing/LeaderboardSection.tsx:181:14
Error: Expected '</', got 'jsx text'
  179 |           View Full Leaderboard →
  180 |         </p>
> 181 |       </Card>
      |              ^^^^^^^^^^^^^^^^^^^^^^^^^^^^^^^^^^^^^^^^^^^^^^^^^^^^^^^^^^^^^^^^^^^^^^^^^^^^^^^^^^^^
> 182 |     </section>
      | ^^^^
  183 |   );
  184 | }
  185 |

Parsing ecmascript source code failed

Import trace:
  Server Component:
    ./components/landing/LeaderboardSection.tsx
    ./app/page.tsx @ http://localhost:3000/_next/static/chunks/node_modules_next_dist_1e8vcs8._.js:1052
[ 7340183ms] [ERROR] ./components/landing/LeaderboardSection.tsx:181:14
Error: Expected '</', got 'jsx text'
  179 |           View Full Leaderboard →
  180 |         </p>
> 181 |       </Card>
      |              ^^^^^^^^^^^^^^^^^^^^^^^^^^^^^^^^^^^^^^^^^^^^^^^^^^^^^^^^^^^^^^^^^^^^^^^^^^^^^^^^^^^^
> 182 |     </section>
      | ^^^^
  183 |   );
  184 | }
  185 |

Parsing ecmascript source code failed

Import trace:
  Server Component:
    ./components/landing/LeaderboardSection.tsx
    ./app/page.tsx @ http://localhost:3000/_next/static/chunks/node_modules_next_dist_1e8vcs8._.js:1052
[ 7340241ms] [ERROR] ./components/landing/LeaderboardSection.tsx:181:14
Error: Expected '</', got 'jsx text'
  179 |           View Full Leaderboard →
  180 |         </p>
> 181 |       </Card>
      |              ^^^^^^^^^^^^^^^^^^^^^^^^^^^^^^^^^^^^^^^^^^^^^^^^^^^^^^^^^^^^^^^^^^^^^^^^^^^^^^^^^^^^
> 182 |     </section>
      | ^^^^
  183 |   );
  184 | }
  185 |

Parsing ecmascript source code failed

Import trace:
  Server Component:
    ./components/landing/LeaderboardSection.tsx
    ./app/page.tsx @ http://localhost:3000/_next/static/chunks/node_modules_next_dist_1e8vcs8._.js:1052
[ 7340303ms] [ERROR] ./components/landing/LeaderboardSection.tsx:181:14
Error: Expected '</', got 'jsx text'
  179 |           View Full Leaderboard →
  180 |         </p>
> 181 |       </Card>
      |              ^^^^^^^^^^^^^^^^^^^^^^^^^^^^^^^^^^^^^^^^^^^^^^^^^^^^^^^^^^^^^^^^^^^^^^^^^^^^^^^^^^^^
> 182 |     </section>
      | ^^^^
  183 |   );
  184 | }
  185 |

Parsing ecmascript source code failed

Import trace:
  Server Component:
    ./components/landing/LeaderboardSection.tsx
    ./app/page.tsx @ http://localhost:3000/_next/static/chunks/node_modules_next_dist_1e8vcs8._.js:1052
[ 7340367ms] [ERROR] ./components/landing/LeaderboardSection.tsx:181:14
Error: Expected '</', got 'jsx text'
  179 |           View Full Leaderboard →
  180 |         </p>
> 181 |       </Card>
      |              ^^^^^^^^^^^^^^^^^^^^^^^^^^^^^^^^^^^^^^^^^^^^^^^^^^^^^^^^^^^^^^^^^^^^^^^^^^^^^^^^^^^^
> 182 |     </section>
      | ^^^^
  183 |   );
  184 | }
  185 |

Parsing ecmascript source code failed

Import trace:
  Server Component:
    ./components/landing/LeaderboardSection.tsx
    ./app/page.tsx @ http://localhost:3000/_next/static/chunks/node_modules_next_dist_1e8vcs8._.js:1052
[ 7340431ms] [ERROR] ./components/landing/LeaderboardSection.tsx:181:14
Error: Expected '</', got 'jsx text'
  179 |           View Full Leaderboard →
  180 |         </p>
> 181 |       </Card>
      |              ^^^^^^^^^^^^^^^^^^^^^^^^^^^^^^^^^^^^^^^^^^^^^^^^^^^^^^^^^^^^^^^^^^^^^^^^^^^^^^^^^^^^
> 182 |     </section>
      | ^^^^
  183 |   );
  184 | }
  185 |

Parsing ecmascript source code failed

Import trace:
  Server Component:
    ./components/landing/LeaderboardSection.tsx
    ./app/page.tsx @ http://localhost:3000/_next/static/chunks/node_modules_next_dist_1e8vcs8._.js:1052
[ 7340499ms] [ERROR] ./components/landing/LeaderboardSection.tsx:181:14
Error: Expected '</', got 'jsx text'
  179 |           View Full Leaderboard →
  180 |         </p>
> 181 |       </Card>
      |              ^^^^^^^^^^^^^^^^^^^^^^^^^^^^^^^^^^^^^^^^^^^^^^^^^^^^^^^^^^^^^^^^^^^^^^^^^^^^^^^^^^^^
> 182 |     </section>
      | ^^^^
  183 |   );
  184 | }
  185 |

Parsing ecmascript source code failed

Import trace:
  Server Component:
    ./components/landing/LeaderboardSection.tsx
    ./app/page.tsx @ http://localhost:3000/_next/static/chunks/node_modules_next_dist_1e8vcs8._.js:1052
[ 7340559ms] [ERROR] ./components/landing/LeaderboardSection.tsx:181:14
Error: Expected '</', got 'jsx text'
  179 |           View Full Leaderboard →
  180 |         </p>
> 181 |       </Card>
      |              ^^^^^^^^^^^^^^^^^^^^^^^^^^^^^^^^^^^^^^^^^^^^^^^^^^^^^^^^^^^^^^^^^^^^^^^^^^^^^^^^^^^^
> 182 |     </section>
      | ^^^^
  183 |   );
  184 | }
  185 |

Parsing ecmascript source code failed

Import trace:
  Server Component:
    ./components/landing/LeaderboardSection.tsx
    ./app/page.tsx @ http://localhost:3000/_next/static/chunks/node_modules_next_dist_1e8vcs8._.js:1052
[ 7340622ms] [ERROR] ./components/landing/LeaderboardSection.tsx:181:14
Error: Expected '</', got 'jsx text'
  179 |           View Full Leaderboard →
  180 |         </p>
> 181 |       </Card>
      |              ^^^^^^^^^^^^^^^^^^^^^^^^^^^^^^^^^^^^^^^^^^^^^^^^^^^^^^^^^^^^^^^^^^^^^^^^^^^^^^^^^^^^
> 182 |     </section>
      | ^^^^
  183 |   );
  184 | }
  185 |

Parsing ecmascript source code failed

Import trace:
  Server Component:
    ./components/landing/LeaderboardSection.tsx
    ./app/page.tsx @ http://localhost:3000/_next/static/chunks/node_modules_next_dist_1e8vcs8._.js:1052
[ 7340685ms] [ERROR] ./components/landing/LeaderboardSection.tsx:181:14
Error: Expected '</', got 'jsx text'
  179 |           View Full Leaderboard →
  180 |         </p>
> 181 |       </Card>
      |              ^^^^^^^^^^^^^^^^^^^^^^^^^^^^^^^^^^^^^^^^^^^^^^^^^^^^^^^^^^^^^^^^^^^^^^^^^^^^^^^^^^^^
> 182 |     </section>
      | ^^^^
  183 |   );
  184 | }
  185 |

Parsing ecmascript source code failed

Import trace:
  Server Component:
    ./components/landing/LeaderboardSection.tsx
    ./app/page.tsx @ http://localhost:3000/_next/static/chunks/node_modules_next_dist_1e8vcs8._.js:1052
[ 7340750ms] [ERROR] ./components/landing/LeaderboardSection.tsx:181:14
Error: Expected '</', got 'jsx text'
  179 |           View Full Leaderboard →
  180 |         </p>
> 181 |       </Card>
      |              ^^^^^^^^^^^^^^^^^^^^^^^^^^^^^^^^^^^^^^^^^^^^^^^^^^^^^^^^^^^^^^^^^^^^^^^^^^^^^^^^^^^^
> 182 |     </section>
      | ^^^^
  183 |   );
  184 | }
  185 |

Parsing ecmascript source code failed

Import trace:
  Server Component:
    ./components/landing/LeaderboardSection.tsx
    ./app/page.tsx @ http://localhost:3000/_next/static/chunks/node_modules_next_dist_1e8vcs8._.js:1052
[ 7340816ms] [ERROR] ./components/landing/LeaderboardSection.tsx:181:14
Error: Expected '</', got 'jsx text'
  179 |           View Full Leaderboard →
  180 |         </p>
> 181 |       </Card>
      |              ^^^^^^^^^^^^^^^^^^^^^^^^^^^^^^^^^^^^^^^^^^^^^^^^^^^^^^^^^^^^^^^^^^^^^^^^^^^^^^^^^^^^
> 182 |     </section>
      | ^^^^
  183 |   );
  184 | }
  185 |

Parsing ecmascript source code failed

Import trace:
  Server Component:
    ./components/landing/LeaderboardSection.tsx
    ./app/page.tsx @ http://localhost:3000/_next/static/chunks/node_modules_next_dist_1e8vcs8._.js:1052
[ 7340875ms] [ERROR] ./components/landing/LeaderboardSection.tsx:181:14
Error: Expected '</', got 'jsx text'
  179 |           View Full Leaderboard →
  180 |         </p>
> 181 |       </Card>
      |              ^^^^^^^^^^^^^^^^^^^^^^^^^^^^^^^^^^^^^^^^^^^^^^^^^^^^^^^^^^^^^^^^^^^^^^^^^^^^^^^^^^^^
> 182 |     </section>
      | ^^^^
  183 |   );
  184 | }
  185 |

Parsing ecmascript source code failed

Import trace:
  Server Component:
    ./components/landing/LeaderboardSection.tsx
    ./app/page.tsx @ http://localhost:3000/_next/static/chunks/node_modules_next_dist_1e8vcs8._.js:1052
[ 7340938ms] [ERROR] ./components/landing/LeaderboardSection.tsx:181:14
Error: Expected '</', got 'jsx text'
  179 |           View Full Leaderboard →
  180 |         </p>
> 181 |       </Card>
      |              ^^^^^^^^^^^^^^^^^^^^^^^^^^^^^^^^^^^^^^^^^^^^^^^^^^^^^^^^^^^^^^^^^^^^^^^^^^^^^^^^^^^^
> 182 |     </section>
      | ^^^^
  183 |   );
  184 | }
  185 |

Parsing ecmascript source code failed

Import trace:
  Server Component:
    ./components/landing/LeaderboardSection.tsx
    ./app/page.tsx @ http://localhost:3000/_next/static/chunks/node_modules_next_dist_1e8vcs8._.js:1052
[ 7341002ms] [ERROR] ./components/landing/LeaderboardSection.tsx:181:14
Error: Expected '</', got 'jsx text'
  179 |           View Full Leaderboard →
  180 |         </p>
> 181 |       </Card>
      |              ^^^^^^^^^^^^^^^^^^^^^^^^^^^^^^^^^^^^^^^^^^^^^^^^^^^^^^^^^^^^^^^^^^^^^^^^^^^^^^^^^^^^
> 182 |     </section>
      | ^^^^
  183 |   );
  184 | }
  185 |

Parsing ecmascript source code failed

Import trace:
  Server Component:
    ./components/landing/LeaderboardSection.tsx
    ./app/page.tsx @ http://localhost:3000/_next/static/chunks/node_modules_next_dist_1e8vcs8._.js:1052
[ 7341066ms] [ERROR] ./components/landing/LeaderboardSection.tsx:181:14
Error: Expected '</', got 'jsx text'
  179 |           View Full Leaderboard →
  180 |         </p>
> 181 |       </Card>
      |              ^^^^^^^^^^^^^^^^^^^^^^^^^^^^^^^^^^^^^^^^^^^^^^^^^^^^^^^^^^^^^^^^^^^^^^^^^^^^^^^^^^^^
> 182 |     </section>
      | ^^^^
  183 |   );
  184 | }
  185 |

Parsing ecmascript source code failed

Import trace:
  Server Component:
    ./components/landing/LeaderboardSection.tsx
    ./app/page.tsx @ http://localhost:3000/_next/static/chunks/node_modules_next_dist_1e8vcs8._.js:1052
[ 7341133ms] [ERROR] ./components/landing/LeaderboardSection.tsx:181:14
Error: Expected '</', got 'jsx text'
  179 |           View Full Leaderboard →
  180 |         </p>
> 181 |       </Card>
      |              ^^^^^^^^^^^^^^^^^^^^^^^^^^^^^^^^^^^^^^^^^^^^^^^^^^^^^^^^^^^^^^^^^^^^^^^^^^^^^^^^^^^^
> 182 |     </section>
      | ^^^^
  183 |   );
  184 | }
  185 |

Parsing ecmascript source code failed

Import trace:
  Server Component:
    ./components/landing/LeaderboardSection.tsx
    ./app/page.tsx @ http://localhost:3000/_next/static/chunks/node_modules_next_dist_1e8vcs8._.js:1052
[ 7341200ms] [ERROR] ./components/landing/LeaderboardSection.tsx:181:14
Error: Expected '</', got 'jsx text'
  179 |           View Full Leaderboard →
  180 |         </p>
> 181 |       </Card>
      |              ^^^^^^^^^^^^^^^^^^^^^^^^^^^^^^^^^^^^^^^^^^^^^^^^^^^^^^^^^^^^^^^^^^^^^^^^^^^^^^^^^^^^
> 182 |     </section>
      | ^^^^
  183 |   );
  184 | }
  185 |

Parsing ecmascript source code failed

Import trace:
  Server Component:
    ./components/landing/LeaderboardSection.tsx
    ./app/page.tsx @ http://localhost:3000/_next/static/chunks/node_modules_next_dist_1e8vcs8._.js:1052
[ 7341256ms] [ERROR] ./components/landing/LeaderboardSection.tsx:181:14
Error: Expected '</', got 'jsx text'
  179 |           View Full Leaderboard →
  180 |         </p>
> 181 |       </Card>
      |              ^^^^^^^^^^^^^^^^^^^^^^^^^^^^^^^^^^^^^^^^^^^^^^^^^^^^^^^^^^^^^^^^^^^^^^^^^^^^^^^^^^^^
> 182 |     </section>
      | ^^^^
  183 |   );
  184 | }
  185 |

Parsing ecmascript source code failed

Import trace:
  Server Component:
    ./components/landing/LeaderboardSection.tsx
    ./app/page.tsx @ http://localhost:3000/_next/static/chunks/node_modules_next_dist_1e8vcs8._.js:1052
[ 7341333ms] [ERROR] ./components/landing/LeaderboardSection.tsx:181:14
Error: Expected '</', got 'jsx text'
  179 |           View Full Leaderboard →
  180 |         </p>
> 181 |       </Card>
      |              ^^^^^^^^^^^^^^^^^^^^^^^^^^^^^^^^^^^^^^^^^^^^^^^^^^^^^^^^^^^^^^^^^^^^^^^^^^^^^^^^^^^^
> 182 |     </section>
      | ^^^^
  183 |   );
  184 | }
  185 |

Parsing ecmascript source code failed

Import trace:
  Server Component:
    ./components/landing/LeaderboardSection.tsx
    ./app/page.tsx @ http://localhost:3000/_next/static/chunks/node_modules_next_dist_1e8vcs8._.js:1052
[ 7341402ms] [ERROR] ./components/landing/LeaderboardSection.tsx:181:14
Error: Expected '</', got 'jsx text'
  179 |           View Full Leaderboard →
  180 |         </p>
> 181 |       </Card>
      |              ^^^^^^^^^^^^^^^^^^^^^^^^^^^^^^^^^^^^^^^^^^^^^^^^^^^^^^^^^^^^^^^^^^^^^^^^^^^^^^^^^^^^
> 182 |     </section>
      | ^^^^
  183 |   );
  184 | }
  185 |

Parsing ecmascript source code failed

Import trace:
  Server Component:
    ./components/landing/LeaderboardSection.tsx
    ./app/page.tsx @ http://localhost:3000/_next/static/chunks/node_modules_next_dist_1e8vcs8._.js:1052
[ 7341455ms] [ERROR] ./components/landing/LeaderboardSection.tsx:181:14
Error: Expected '</', got 'jsx text'
  179 |           View Full Leaderboard →
  180 |         </p>
> 181 |       </Card>
      |              ^^^^^^^^^^^^^^^^^^^^^^^^^^^^^^^^^^^^^^^^^^^^^^^^^^^^^^^^^^^^^^^^^^^^^^^^^^^^^^^^^^^^
> 182 |     </section>
      | ^^^^
  183 |   );
  184 | }
  185 |

Parsing ecmascript source code failed

Import trace:
  Server Component:
    ./components/landing/LeaderboardSection.tsx
    ./app/page.tsx @ http://localhost:3000/_next/static/chunks/node_modules_next_dist_1e8vcs8._.js:1052
[ 7341519ms] [ERROR] ./components/landing/LeaderboardSection.tsx:181:14
Error: Expected '</', got 'jsx text'
  179 |           View Full Leaderboard →
  180 |         </p>
> 181 |       </Card>
      |              ^^^^^^^^^^^^^^^^^^^^^^^^^^^^^^^^^^^^^^^^^^^^^^^^^^^^^^^^^^^^^^^^^^^^^^^^^^^^^^^^^^^^
> 182 |     </section>
      | ^^^^
  183 |   );
  184 | }
  185 |

Parsing ecmascript source code failed

Import trace:
  Server Component:
    ./components/landing/LeaderboardSection.tsx
    ./app/page.tsx @ http://localhost:3000/_next/static/chunks/node_modules_next_dist_1e8vcs8._.js:1052
[ 7341582ms] [ERROR] ./components/landing/LeaderboardSection.tsx:181:14
Error: Expected '</', got 'jsx text'
  179 |           View Full Leaderboard →
  180 |         </p>
> 181 |       </Card>
      |              ^^^^^^^^^^^^^^^^^^^^^^^^^^^^^^^^^^^^^^^^^^^^^^^^^^^^^^^^^^^^^^^^^^^^^^^^^^^^^^^^^^^^
> 182 |     </section>
      | ^^^^
  183 |   );
  184 | }
  185 |

Parsing ecmascript source code failed

Import trace:
  Server Component:
    ./components/landing/LeaderboardSection.tsx
    ./app/page.tsx @ http://localhost:3000/_next/static/chunks/node_modules_next_dist_1e8vcs8._.js:1052
[ 7341650ms] [ERROR] ./components/landing/LeaderboardSection.tsx:181:14
Error: Expected '</', got 'jsx text'
  179 |           View Full Leaderboard →
  180 |         </p>
> 181 |       </Card>
      |              ^^^^^^^^^^^^^^^^^^^^^^^^^^^^^^^^^^^^^^^^^^^^^^^^^^^^^^^^^^^^^^^^^^^^^^^^^^^^^^^^^^^^
> 182 |     </section>
      | ^^^^
  183 |   );
  184 | }
  185 |

Parsing ecmascript source code failed

Import trace:
  Server Component:
    ./components/landing/LeaderboardSection.tsx
    ./app/page.tsx @ http://localhost:3000/_next/static/chunks/node_modules_next_dist_1e8vcs8._.js:1052
[ 7341717ms] [ERROR] ./components/landing/LeaderboardSection.tsx:181:14
Error: Expected '</', got 'jsx text'
  179 |           View Full Leaderboard →
  180 |         </p>
> 181 |       </Card>
      |              ^^^^^^^^^^^^^^^^^^^^^^^^^^^^^^^^^^^^^^^^^^^^^^^^^^^^^^^^^^^^^^^^^^^^^^^^^^^^^^^^^^^^
> 182 |     </section>
      | ^^^^
  183 |   );
  184 | }
  185 |

Parsing ecmascript source code failed

Import trace:
  Server Component:
    ./components/landing/LeaderboardSection.tsx
    ./app/page.tsx @ http://localhost:3000/_next/static/chunks/node_modules_next_dist_1e8vcs8._.js:1052
[ 7341772ms] [ERROR] ./components/landing/LeaderboardSection.tsx:181:14
Error: Expected '</', got 'jsx text'
  179 |           View Full Leaderboard →
  180 |         </p>
> 181 |       </Card>
      |              ^^^^^^^^^^^^^^^^^^^^^^^^^^^^^^^^^^^^^^^^^^^^^^^^^^^^^^^^^^^^^^^^^^^^^^^^^^^^^^^^^^^^
> 182 |     </section>
      | ^^^^
  183 |   );
  184 | }
  185 |

Parsing ecmascript source code failed

Import trace:
  Server Component:
    ./components/landing/LeaderboardSection.tsx
    ./app/page.tsx @ http://localhost:3000/_next/static/chunks/node_modules_next_dist_1e8vcs8._.js:1052
[ 7341834ms] [ERROR] ./components/landing/LeaderboardSection.tsx:181:14
Error: Expected '</', got 'jsx text'
  179 |           View Full Leaderboard →
  180 |         </p>
> 181 |       </Card>
      |              ^^^^^^^^^^^^^^^^^^^^^^^^^^^^^^^^^^^^^^^^^^^^^^^^^^^^^^^^^^^^^^^^^^^^^^^^^^^^^^^^^^^^
> 182 |     </section>
      | ^^^^
  183 |   );
  184 | }
  185 |

Parsing ecmascript source code failed

Import trace:
  Server Component:
    ./components/landing/LeaderboardSection.tsx
    ./app/page.tsx @ http://localhost:3000/_next/static/chunks/node_modules_next_dist_1e8vcs8._.js:1052
[ 7341900ms] [ERROR] ./components/landing/LeaderboardSection.tsx:181:14
Error: Expected '</', got 'jsx text'
  179 |           View Full Leaderboard →
  180 |         </p>
> 181 |       </Card>
      |              ^^^^^^^^^^^^^^^^^^^^^^^^^^^^^^^^^^^^^^^^^^^^^^^^^^^^^^^^^^^^^^^^^^^^^^^^^^^^^^^^^^^^
> 182 |     </section>
      | ^^^^
  183 |   );
  184 | }
  185 |

Parsing ecmascript source code failed

Import trace:
  Server Component:
    ./components/landing/LeaderboardSection.tsx
    ./app/page.tsx @ http://localhost:3000/_next/static/chunks/node_modules_next_dist_1e8vcs8._.js:1052
[ 7341969ms] [ERROR] ./components/landing/LeaderboardSection.tsx:181:14
Error: Expected '</', got 'jsx text'
  179 |           View Full Leaderboard →
  180 |         </p>
> 181 |       </Card>
      |              ^^^^^^^^^^^^^^^^^^^^^^^^^^^^^^^^^^^^^^^^^^^^^^^^^^^^^^^^^^^^^^^^^^^^^^^^^^^^^^^^^^^^
> 182 |     </section>
      | ^^^^
  183 |   );
  184 | }
  185 |

Parsing ecmascript source code failed

Import trace:
  Server Component:
    ./components/landing/LeaderboardSection.tsx
    ./app/page.tsx @ http://localhost:3000/_next/static/chunks/node_modules_next_dist_1e8vcs8._.js:1052
[ 7342031ms] [ERROR] ./components/landing/LeaderboardSection.tsx:181:14
Error: Expected '</', got 'jsx text'
  179 |           View Full Leaderboard →
  180 |         </p>
> 181 |       </Card>
      |              ^^^^^^^^^^^^^^^^^^^^^^^^^^^^^^^^^^^^^^^^^^^^^^^^^^^^^^^^^^^^^^^^^^^^^^^^^^^^^^^^^^^^
> 182 |     </section>
      | ^^^^
  183 |   );
  184 | }
  185 |

Parsing ecmascript source code failed

Import trace:
  Server Component:
    ./components/landing/LeaderboardSection.tsx
    ./app/page.tsx @ http://localhost:3000/_next/static/chunks/node_modules_next_dist_1e8vcs8._.js:1052
[ 7342088ms] [ERROR] ./components/landing/LeaderboardSection.tsx:181:14
Error: Expected '</', got 'jsx text'
  179 |           View Full Leaderboard →
  180 |         </p>
> 181 |       </Card>
      |              ^^^^^^^^^^^^^^^^^^^^^^^^^^^^^^^^^^^^^^^^^^^^^^^^^^^^^^^^^^^^^^^^^^^^^^^^^^^^^^^^^^^^
> 182 |     </section>
      | ^^^^
  183 |   );
  184 | }
  185 |

Parsing ecmascript source code failed

Import trace:
  Server Component:
    ./components/landing/LeaderboardSection.tsx
    ./app/page.tsx @ http://localhost:3000/_next/static/chunks/node_modules_next_dist_1e8vcs8._.js:1052
[ 7342140ms] [ERROR] ./components/landing/LeaderboardSection.tsx:181:14
Error: Expected '</', got 'jsx text'
  179 |           View Full Leaderboard →
  180 |         </p>
> 181 |       </Card>
      |              ^^^^^^^^^^^^^^^^^^^^^^^^^^^^^^^^^^^^^^^^^^^^^^^^^^^^^^^^^^^^^^^^^^^^^^^^^^^^^^^^^^^^
> 182 |     </section>
      | ^^^^
  183 |   );
  184 | }
  185 |

Parsing ecmascript source code failed

Import trace:
  Server Component:
    ./components/landing/LeaderboardSection.tsx
    ./app/page.tsx @ http://localhost:3000/_next/static/chunks/node_modules_next_dist_1e8vcs8._.js:1052
[ 7342191ms] [ERROR] ./components/landing/LeaderboardSection.tsx:181:14
Error: Expected '</', got 'jsx text'
  179 |           View Full Leaderboard →
  180 |         </p>
> 181 |       </Card>
      |              ^^^^^^^^^^^^^^^^^^^^^^^^^^^^^^^^^^^^^^^^^^^^^^^^^^^^^^^^^^^^^^^^^^^^^^^^^^^^^^^^^^^^
> 182 |     </section>
      | ^^^^
  183 |   );
  184 | }
  185 |

Parsing ecmascript source code failed

Import trace:
  Server Component:
    ./components/landing/LeaderboardSection.tsx
    ./app/page.tsx @ http://localhost:3000/_next/static/chunks/node_modules_next_dist_1e8vcs8._.js:1052
[ 7342265ms] [ERROR] ./components/landing/LeaderboardSection.tsx:181:14
Error: Expected '</', got 'jsx text'
  179 |           View Full Leaderboard →
  180 |         </p>
> 181 |       </Card>
      |              ^^^^^^^^^^^^^^^^^^^^^^^^^^^^^^^^^^^^^^^^^^^^^^^^^^^^^^^^^^^^^^^^^^^^^^^^^^^^^^^^^^^^
> 182 |     </section>
      | ^^^^
  183 |   );
  184 | }
  185 |

Parsing ecmascript source code failed

Import trace:
  Server Component:
    ./components/landing/LeaderboardSection.tsx
    ./app/page.tsx @ http://localhost:3000/_next/static/chunks/node_modules_next_dist_1e8vcs8._.js:1052
[ 7342325ms] [ERROR] ./components/landing/LeaderboardSection.tsx:181:14
Error: Expected '</', got 'jsx text'
  179 |           View Full Leaderboard →
  180 |         </p>
> 181 |       </Card>
      |              ^^^^^^^^^^^^^^^^^^^^^^^^^^^^^^^^^^^^^^^^^^^^^^^^^^^^^^^^^^^^^^^^^^^^^^^^^^^^^^^^^^^^
> 182 |     </section>
      | ^^^^
  183 |   );
  184 | }
  185 |

Parsing ecmascript source code failed

Import trace:
  Server Component:
    ./components/landing/LeaderboardSection.tsx
    ./app/page.tsx @ http://localhost:3000/_next/static/chunks/node_modules_next_dist_1e8vcs8._.js:1052
[ 7342375ms] [ERROR] ./components/landing/LeaderboardSection.tsx:181:14
Error: Expected '</', got 'jsx text'
  179 |           View Full Leaderboard →
  180 |         </p>
> 181 |       </Card>
      |              ^^^^^^^^^^^^^^^^^^^^^^^^^^^^^^^^^^^^^^^^^^^^^^^^^^^^^^^^^^^^^^^^^^^^^^^^^^^^^^^^^^^^
> 182 |     </section>
      | ^^^^
  183 |   );
  184 | }
  185 |

Parsing ecmascript source code failed

Import trace:
  Server Component:
    ./components/landing/LeaderboardSection.tsx
    ./app/page.tsx @ http://localhost:3000/_next/static/chunks/node_modules_next_dist_1e8vcs8._.js:1052
[ 7342450ms] [ERROR] ./components/landing/LeaderboardSection.tsx:181:14
Error: Expected '</', got 'jsx text'
  179 |           View Full Leaderboard →
  180 |         </p>
> 181 |       </Card>
      |              ^^^^^^^^^^^^^^^^^^^^^^^^^^^^^^^^^^^^^^^^^^^^^^^^^^^^^^^^^^^^^^^^^^^^^^^^^^^^^^^^^^^^
> 182 |     </section>
      | ^^^^
  183 |   );
  184 | }
  185 |

Parsing ecmascript source code failed

Import trace:
  Server Component:
    ./components/landing/LeaderboardSection.tsx
    ./app/page.tsx @ http://localhost:3000/_next/static/chunks/node_modules_next_dist_1e8vcs8._.js:1052
[ 7342499ms] [ERROR] ./components/landing/LeaderboardSection.tsx:181:14
Error: Expected '</', got 'jsx text'
  179 |           View Full Leaderboard →
  180 |         </p>
> 181 |       </Card>
      |              ^^^^^^^^^^^^^^^^^^^^^^^^^^^^^^^^^^^^^^^^^^^^^^^^^^^^^^^^^^^^^^^^^^^^^^^^^^^^^^^^^^^^
> 182 |     </section>
      | ^^^^
  183 |   );
  184 | }
  185 |

Parsing ecmascript source code failed

Import trace:
  Server Component:
    ./components/landing/LeaderboardSection.tsx
    ./app/page.tsx @ http://localhost:3000/_next/static/chunks/node_modules_next_dist_1e8vcs8._.js:1052
[ 7342556ms] [ERROR] ./components/landing/LeaderboardSection.tsx:181:14
Error: Expected '</', got 'jsx text'
  179 |           View Full Leaderboard →
  180 |         </p>
> 181 |       </Card>
      |              ^^^^^^^^^^^^^^^^^^^^^^^^^^^^^^^^^^^^^^^^^^^^^^^^^^^^^^^^^^^^^^^^^^^^^^^^^^^^^^^^^^^^
> 182 |     </section>
      | ^^^^
  183 |   );
  184 | }
  185 |

Parsing ecmascript source code failed

Import trace:
  Server Component:
    ./components/landing/LeaderboardSection.tsx
    ./app/page.tsx @ http://localhost:3000/_next/static/chunks/node_modules_next_dist_1e8vcs8._.js:1052
[ 7342608ms] [ERROR] ./components/landing/LeaderboardSection.tsx:181:14
Error: Expected '</', got 'jsx text'
  179 |           View Full Leaderboard →
  180 |         </p>
> 181 |       </Card>
      |              ^^^^^^^^^^^^^^^^^^^^^^^^^^^^^^^^^^^^^^^^^^^^^^^^^^^^^^^^^^^^^^^^^^^^^^^^^^^^^^^^^^^^
> 182 |     </section>
      | ^^^^
  183 |   );
  184 | }
  185 |

Parsing ecmascript source code failed

Import trace:
  Server Component:
    ./components/landing/LeaderboardSection.tsx
    ./app/page.tsx @ http://localhost:3000/_next/static/chunks/node_modules_next_dist_1e8vcs8._.js:1052
[ 7342682ms] [ERROR] ./components/landing/LeaderboardSection.tsx:181:14
Error: Expected '</', got 'jsx text'
  179 |           View Full Leaderboard →
  180 |         </p>
> 181 |       </Card>
      |              ^^^^^^^^^^^^^^^^^^^^^^^^^^^^^^^^^^^^^^^^^^^^^^^^^^^^^^^^^^^^^^^^^^^^^^^^^^^^^^^^^^^^
> 182 |     </section>
      | ^^^^
  183 |   );
  184 | }
  185 |

Parsing ecmascript source code failed

Import trace:
  Server Component:
    ./components/landing/LeaderboardSection.tsx
    ./app/page.tsx @ http://localhost:3000/_next/static/chunks/node_modules_next_dist_1e8vcs8._.js:1052
[ 7342739ms] [ERROR] ./components/landing/LeaderboardSection.tsx:181:14
Error: Expected '</', got 'jsx text'
  179 |           View Full Leaderboard →
  180 |         </p>
> 181 |       </Card>
      |              ^^^^^^^^^^^^^^^^^^^^^^^^^^^^^^^^^^^^^^^^^^^^^^^^^^^^^^^^^^^^^^^^^^^^^^^^^^^^^^^^^^^^
> 182 |     </section>
      | ^^^^
  183 |   );
  184 | }
  185 |

Parsing ecmascript source code failed

Import trace:
  Server Component:
    ./components/landing/LeaderboardSection.tsx
    ./app/page.tsx @ http://localhost:3000/_next/static/chunks/node_modules_next_dist_1e8vcs8._.js:1052
[ 7342808ms] [ERROR] ./components/landing/LeaderboardSection.tsx:181:14
Error: Expected '</', got 'jsx text'
  179 |           View Full Leaderboard →
  180 |         </p>
> 181 |       </Card>
      |              ^^^^^^^^^^^^^^^^^^^^^^^^^^^^^^^^^^^^^^^^^^^^^^^^^^^^^^^^^^^^^^^^^^^^^^^^^^^^^^^^^^^^
> 182 |     </section>
      | ^^^^
  183 |   );
  184 | }
  185 |

Parsing ecmascript source code failed

Import trace:
  Server Component:
    ./components/landing/LeaderboardSection.tsx
    ./app/page.tsx @ http://localhost:3000/_next/static/chunks/node_modules_next_dist_1e8vcs8._.js:1052
[ 7342882ms] [ERROR] ./components/landing/LeaderboardSection.tsx:181:14
Error: Expected '</', got 'jsx text'
  179 |           View Full Leaderboard →
  180 |         </p>
> 181 |       </Card>
      |              ^^^^^^^^^^^^^^^^^^^^^^^^^^^^^^^^^^^^^^^^^^^^^^^^^^^^^^^^^^^^^^^^^^^^^^^^^^^^^^^^^^^^
> 182 |     </section>
      | ^^^^
  183 |   );
  184 | }
  185 |

Parsing ecmascript source code failed

Import trace:
  Server Component:
    ./components/landing/LeaderboardSection.tsx
    ./app/page.tsx @ http://localhost:3000/_next/static/chunks/node_modules_next_dist_1e8vcs8._.js:1052
[ 7342948ms] [ERROR] ./components/landing/LeaderboardSection.tsx:181:14
Error: Expected '</', got 'jsx text'
  179 |           View Full Leaderboard →
  180 |         </p>
> 181 |       </Card>
      |              ^^^^^^^^^^^^^^^^^^^^^^^^^^^^^^^^^^^^^^^^^^^^^^^^^^^^^^^^^^^^^^^^^^^^^^^^^^^^^^^^^^^^
> 182 |     </section>
      | ^^^^
  183 |   );
  184 | }
  185 |

Parsing ecmascript source code failed

Import trace:
  Server Component:
    ./components/landing/LeaderboardSection.tsx
    ./app/page.tsx @ http://localhost:3000/_next/static/chunks/node_modules_next_dist_1e8vcs8._.js:1052
[ 7343007ms] [ERROR] ./components/landing/LeaderboardSection.tsx:181:14
Error: Expected '</', got 'jsx text'
  179 |           View Full Leaderboard →
  180 |         </p>
> 181 |       </Card>
      |              ^^^^^^^^^^^^^^^^^^^^^^^^^^^^^^^^^^^^^^^^^^^^^^^^^^^^^^^^^^^^^^^^^^^^^^^^^^^^^^^^^^^^
> 182 |     </section>
      | ^^^^
  183 |   );
  184 | }
  185 |

Parsing ecmascript source code failed

Import trace:
  Server Component:
    ./components/landing/LeaderboardSection.tsx
    ./app/page.tsx @ http://localhost:3000/_next/static/chunks/node_modules_next_dist_1e8vcs8._.js:1052
[ 7343074ms] [ERROR] ./components/landing/LeaderboardSection.tsx:181:14
Error: Expected '</', got 'jsx text'
  179 |           View Full Leaderboard →
  180 |         </p>
> 181 |       </Card>
      |              ^^^^^^^^^^^^^^^^^^^^^^^^^^^^^^^^^^^^^^^^^^^^^^^^^^^^^^^^^^^^^^^^^^^^^^^^^^^^^^^^^^^^
> 182 |     </section>
      | ^^^^
  183 |   );
  184 | }
  185 |

Parsing ecmascript source code failed

Import trace:
  Server Component:
    ./components/landing/LeaderboardSection.tsx
    ./app/page.tsx @ http://localhost:3000/_next/static/chunks/node_modules_next_dist_1e8vcs8._.js:1052
[ 7343148ms] [ERROR] ./components/landing/LeaderboardSection.tsx:181:14
Error: Expected '</', got 'jsx text'
  179 |           View Full Leaderboard →
  180 |         </p>
> 181 |       </Card>
      |              ^^^^^^^^^^^^^^^^^^^^^^^^^^^^^^^^^^^^^^^^^^^^^^^^^^^^^^^^^^^^^^^^^^^^^^^^^^^^^^^^^^^^
> 182 |     </section>
      | ^^^^
  183 |   );
  184 | }
  185 |

Parsing ecmascript source code failed

Import trace:
  Server Component:
    ./components/landing/LeaderboardSection.tsx
    ./app/page.tsx @ http://localhost:3000/_next/static/chunks/node_modules_next_dist_1e8vcs8._.js:1052
[ 7343225ms] [ERROR] ./components/landing/LeaderboardSection.tsx:181:14
Error: Expected '</', got 'jsx text'
  179 |           View Full Leaderboard →
  180 |         </p>
> 181 |       </Card>
      |              ^^^^^^^^^^^^^^^^^^^^^^^^^^^^^^^^^^^^^^^^^^^^^^^^^^^^^^^^^^^^^^^^^^^^^^^^^^^^^^^^^^^^
> 182 |     </section>
      | ^^^^
  183 |   );
  184 | }
  185 |

Parsing ecmascript source code failed

Import trace:
  Server Component:
    ./components/landing/LeaderboardSection.tsx
    ./app/page.tsx @ http://localhost:3000/_next/static/chunks/node_modules_next_dist_1e8vcs8._.js:1052
[ 7343283ms] [ERROR] ./components/landing/LeaderboardSection.tsx:181:14
Error: Expected '</', got 'jsx text'
  179 |           View Full Leaderboard →
  180 |         </p>
> 181 |       </Card>
      |              ^^^^^^^^^^^^^^^^^^^^^^^^^^^^^^^^^^^^^^^^^^^^^^^^^^^^^^^^^^^^^^^^^^^^^^^^^^^^^^^^^^^^
> 182 |     </section>
      | ^^^^
  183 |   );
  184 | }
  185 |

Parsing ecmascript source code failed

Import trace:
  Server Component:
    ./components/landing/LeaderboardSection.tsx
    ./app/page.tsx @ http://localhost:3000/_next/static/chunks/node_modules_next_dist_1e8vcs8._.js:1052
[ 7343348ms] [ERROR] ./components/landing/LeaderboardSection.tsx:181:14
Error: Expected '</', got 'jsx text'
  179 |           View Full Leaderboard →
  180 |         </p>
> 181 |       </Card>
      |              ^^^^^^^^^^^^^^^^^^^^^^^^^^^^^^^^^^^^^^^^^^^^^^^^^^^^^^^^^^^^^^^^^^^^^^^^^^^^^^^^^^^^
> 182 |     </section>
      | ^^^^
  183 |   );
  184 | }
  185 |

Parsing ecmascript source code failed

Import trace:
  Server Component:
    ./components/landing/LeaderboardSection.tsx
    ./app/page.tsx @ http://localhost:3000/_next/static/chunks/node_modules_next_dist_1e8vcs8._.js:1052
[ 7343416ms] [ERROR] ./components/landing/LeaderboardSection.tsx:181:14
Error: Expected '</', got 'jsx text'
  179 |           View Full Leaderboard →
  180 |         </p>
> 181 |       </Card>
      |              ^^^^^^^^^^^^^^^^^^^^^^^^^^^^^^^^^^^^^^^^^^^^^^^^^^^^^^^^^^^^^^^^^^^^^^^^^^^^^^^^^^^^
> 182 |     </section>
      | ^^^^
  183 |   );
  184 | }
  185 |

Parsing ecmascript source code failed

Import trace:
  Server Component:
    ./components/landing/LeaderboardSection.tsx
    ./app/page.tsx @ http://localhost:3000/_next/static/chunks/node_modules_next_dist_1e8vcs8._.js:1052
[ 7343482ms] [ERROR] ./components/landing/LeaderboardSection.tsx:181:14
Error: Expected '</', got 'jsx text'
  179 |           View Full Leaderboard →
  180 |         </p>
> 181 |       </Card>
      |              ^^^^^^^^^^^^^^^^^^^^^^^^^^^^^^^^^^^^^^^^^^^^^^^^^^^^^^^^^^^^^^^^^^^^^^^^^^^^^^^^^^^^
> 182 |     </section>
      | ^^^^
  183 |   );
  184 | }
  185 |

Parsing ecmascript source code failed

Import trace:
  Server Component:
    ./components/landing/LeaderboardSection.tsx
    ./app/page.tsx @ http://localhost:3000/_next/static/chunks/node_modules_next_dist_1e8vcs8._.js:1052
[ 7343540ms] [ERROR] ./components/landing/LeaderboardSection.tsx:181:14
Error: Expected '</', got 'jsx text'
  179 |           View Full Leaderboard →
  180 |         </p>
> 181 |       </Card>
      |              ^^^^^^^^^^^^^^^^^^^^^^^^^^^^^^^^^^^^^^^^^^^^^^^^^^^^^^^^^^^^^^^^^^^^^^^^^^^^^^^^^^^^
> 182 |     </section>
      | ^^^^
  183 |   );
  184 | }
  185 |

Parsing ecmascript source code failed

Import trace:
  Server Component:
    ./components/landing/LeaderboardSection.tsx
    ./app/page.tsx @ http://localhost:3000/_next/static/chunks/node_modules_next_dist_1e8vcs8._.js:1052
[ 7343615ms] [ERROR] ./components/landing/LeaderboardSection.tsx:181:14
Error: Expected '</', got 'jsx text'
  179 |           View Full Leaderboard →
  180 |         </p>
> 181 |       </Card>
      |              ^^^^^^^^^^^^^^^^^^^^^^^^^^^^^^^^^^^^^^^^^^^^^^^^^^^^^^^^^^^^^^^^^^^^^^^^^^^^^^^^^^^^
> 182 |     </section>
      | ^^^^
  183 |   );
  184 | }
  185 |

Parsing ecmascript source code failed

Import trace:
  Server Component:
    ./components/landing/LeaderboardSection.tsx
    ./app/page.tsx @ http://localhost:3000/_next/static/chunks/node_modules_next_dist_1e8vcs8._.js:1052
[ 7343665ms] [ERROR] ./components/landing/LeaderboardSection.tsx:181:14
Error: Expected '</', got 'jsx text'
  179 |           View Full Leaderboard →
  180 |         </p>
> 181 |       </Card>
      |              ^^^^^^^^^^^^^^^^^^^^^^^^^^^^^^^^^^^^^^^^^^^^^^^^^^^^^^^^^^^^^^^^^^^^^^^^^^^^^^^^^^^^
> 182 |     </section>
      | ^^^^
  183 |   );
  184 | }
  185 |

Parsing ecmascript source code failed

Import trace:
  Server Component:
    ./components/landing/LeaderboardSection.tsx
    ./app/page.tsx @ http://localhost:3000/_next/static/chunks/node_modules_next_dist_1e8vcs8._.js:1052
[ 7343724ms] [ERROR] ./components/landing/LeaderboardSection.tsx:181:14
Error: Expected '</', got 'jsx text'
  179 |           View Full Leaderboard →
  180 |         </p>
> 181 |       </Card>
      |              ^^^^^^^^^^^^^^^^^^^^^^^^^^^^^^^^^^^^^^^^^^^^^^^^^^^^^^^^^^^^^^^^^^^^^^^^^^^^^^^^^^^^
> 182 |     </section>
      | ^^^^
  183 |   );
  184 | }
  185 |

Parsing ecmascript source code failed

Import trace:
  Server Component:
    ./components/landing/LeaderboardSection.tsx
    ./app/page.tsx @ http://localhost:3000/_next/static/chunks/node_modules_next_dist_1e8vcs8._.js:1052
[ 7343791ms] [ERROR] ./components/landing/LeaderboardSection.tsx:181:14
Error: Expected '</', got 'jsx text'
  179 |           View Full Leaderboard →
  180 |         </p>
> 181 |       </Card>
      |              ^^^^^^^^^^^^^^^^^^^^^^^^^^^^^^^^^^^^^^^^^^^^^^^^^^^^^^^^^^^^^^^^^^^^^^^^^^^^^^^^^^^^
> 182 |     </section>
      | ^^^^
  183 |   );
  184 | }
  185 |

Parsing ecmascript source code failed

Import trace:
  Server Component:
    ./components/landing/LeaderboardSection.tsx
    ./app/page.tsx @ http://localhost:3000/_next/static/chunks/node_modules_next_dist_1e8vcs8._.js:1052
[ 7343866ms] [ERROR] ./components/landing/LeaderboardSection.tsx:181:14
Error: Expected '</', got 'jsx text'
  179 |           View Full Leaderboard →
  180 |         </p>
> 181 |       </Card>
      |              ^^^^^^^^^^^^^^^^^^^^^^^^^^^^^^^^^^^^^^^^^^^^^^^^^^^^^^^^^^^^^^^^^^^^^^^^^^^^^^^^^^^^
> 182 |     </section>
      | ^^^^
  183 |   );
  184 | }
  185 |

Parsing ecmascript source code failed

Import trace:
  Server Component:
    ./components/landing/LeaderboardSection.tsx
    ./app/page.tsx @ http://localhost:3000/_next/static/chunks/node_modules_next_dist_1e8vcs8._.js:1052
[ 7343922ms] [ERROR] ./components/landing/LeaderboardSection.tsx:181:14
Error: Expected '</', got 'jsx text'
  179 |           View Full Leaderboard →
  180 |         </p>
> 181 |       </Card>
      |              ^^^^^^^^^^^^^^^^^^^^^^^^^^^^^^^^^^^^^^^^^^^^^^^^^^^^^^^^^^^^^^^^^^^^^^^^^^^^^^^^^^^^
> 182 |     </section>
      | ^^^^
  183 |   );
  184 | }
  185 |

Parsing ecmascript source code failed

Import trace:
  Server Component:
    ./components/landing/LeaderboardSection.tsx
    ./app/page.tsx @ http://localhost:3000/_next/static/chunks/node_modules_next_dist_1e8vcs8._.js:1052
[ 7343982ms] [ERROR] ./components/landing/LeaderboardSection.tsx:181:14
Error: Expected '</', got 'jsx text'
  179 |           View Full Leaderboard →
  180 |         </p>
> 181 |       </Card>
      |              ^^^^^^^^^^^^^^^^^^^^^^^^^^^^^^^^^^^^^^^^^^^^^^^^^^^^^^^^^^^^^^^^^^^^^^^^^^^^^^^^^^^^
> 182 |     </section>
      | ^^^^
  183 |   );
  184 | }
  185 |

Parsing ecmascript source code failed

Import trace:
  Server Component:
    ./components/landing/LeaderboardSection.tsx
    ./app/page.tsx @ http://localhost:3000/_next/static/chunks/node_modules_next_dist_1e8vcs8._.js:1052
[ 7344040ms] [ERROR] ./components/landing/LeaderboardSection.tsx:181:14
Error: Expected '</', got 'jsx text'
  179 |           View Full Leaderboard →
  180 |         </p>
> 181 |       </Card>
      |              ^^^^^^^^^^^^^^^^^^^^^^^^^^^^^^^^^^^^^^^^^^^^^^^^^^^^^^^^^^^^^^^^^^^^^^^^^^^^^^^^^^^^
> 182 |     </section>
      | ^^^^
  183 |   );
  184 | }
  185 |

Parsing ecmascript source code failed

Import trace:
  Server Component:
    ./components/landing/LeaderboardSection.tsx
    ./app/page.tsx @ http://localhost:3000/_next/static/chunks/node_modules_next_dist_1e8vcs8._.js:1052
[ 7344118ms] [ERROR] ./components/landing/LeaderboardSection.tsx:181:14
Error: Expected '</', got 'jsx text'
  179 |           View Full Leaderboard →
  180 |         </p>
> 181 |       </Card>
      |              ^^^^^^^^^^^^^^^^^^^^^^^^^^^^^^^^^^^^^^^^^^^^^^^^^^^^^^^^^^^^^^^^^^^^^^^^^^^^^^^^^^^^
> 182 |     </section>
      | ^^^^
  183 |   );
  184 | }
  185 |

Parsing ecmascript source code failed

Import trace:
  Server Component:
    ./components/landing/LeaderboardSection.tsx
    ./app/page.tsx @ http://localhost:3000/_next/static/chunks/node_modules_next_dist_1e8vcs8._.js:1052
[ 7344181ms] [ERROR] ./components/landing/LeaderboardSection.tsx:181:14
Error: Expected '</', got 'jsx text'
  179 |           View Full Leaderboard →
  180 |         </p>
> 181 |       </Card>
      |              ^^^^^^^^^^^^^^^^^^^^^^^^^^^^^^^^^^^^^^^^^^^^^^^^^^^^^^^^^^^^^^^^^^^^^^^^^^^^^^^^^^^^
> 182 |     </section>
      | ^^^^
  183 |   );
  184 | }
  185 |

Parsing ecmascript source code failed

Import trace:
  Server Component:
    ./components/landing/LeaderboardSection.tsx
    ./app/page.tsx @ http://localhost:3000/_next/static/chunks/node_modules_next_dist_1e8vcs8._.js:1052
[ 7344241ms] [ERROR] ./components/landing/LeaderboardSection.tsx:181:14
Error: Expected '</', got 'jsx text'
  179 |           View Full Leaderboard →
  180 |         </p>
> 181 |       </Card>
      |              ^^^^^^^^^^^^^^^^^^^^^^^^^^^^^^^^^^^^^^^^^^^^^^^^^^^^^^^^^^^^^^^^^^^^^^^^^^^^^^^^^^^^
> 182 |     </section>
      | ^^^^
  183 |   );
  184 | }
  185 |

Parsing ecmascript source code failed

Import trace:
  Server Component:
    ./components/landing/LeaderboardSection.tsx
    ./app/page.tsx @ http://localhost:3000/_next/static/chunks/node_modules_next_dist_1e8vcs8._.js:1052
[ 7344291ms] [ERROR] ./components/landing/LeaderboardSection.tsx:181:14
Error: Expected '</', got 'jsx text'
  179 |           View Full Leaderboard →
  180 |         </p>
> 181 |       </Card>
      |              ^^^^^^^^^^^^^^^^^^^^^^^^^^^^^^^^^^^^^^^^^^^^^^^^^^^^^^^^^^^^^^^^^^^^^^^^^^^^^^^^^^^^
> 182 |     </section>
      | ^^^^
  183 |   );
  184 | }
  185 |

Parsing ecmascript source code failed

Import trace:
  Server Component:
    ./components/landing/LeaderboardSection.tsx
    ./app/page.tsx @ http://localhost:3000/_next/static/chunks/node_modules_next_dist_1e8vcs8._.js:1052
[ 7344348ms] [ERROR] ./components/landing/LeaderboardSection.tsx:181:14
Error: Expected '</', got 'jsx text'
  179 |           View Full Leaderboard →
  180 |         </p>
> 181 |       </Card>
      |              ^^^^^^^^^^^^^^^^^^^^^^^^^^^^^^^^^^^^^^^^^^^^^^^^^^^^^^^^^^^^^^^^^^^^^^^^^^^^^^^^^^^^
> 182 |     </section>
      | ^^^^
  183 |   );
  184 | }
  185 |

Parsing ecmascript source code failed

Import trace:
  Server Component:
    ./components/landing/LeaderboardSection.tsx
    ./app/page.tsx @ http://localhost:3000/_next/static/chunks/node_modules_next_dist_1e8vcs8._.js:1052
[ 7344408ms] [ERROR] ./components/landing/LeaderboardSection.tsx:181:14
Error: Expected '</', got 'jsx text'
  179 |           View Full Leaderboard →
  180 |         </p>
> 181 |       </Card>
      |              ^^^^^^^^^^^^^^^^^^^^^^^^^^^^^^^^^^^^^^^^^^^^^^^^^^^^^^^^^^^^^^^^^^^^^^^^^^^^^^^^^^^^
> 182 |     </section>
      | ^^^^
  183 |   );
  184 | }
  185 |

Parsing ecmascript source code failed

Import trace:
  Server Component:
    ./components/landing/LeaderboardSection.tsx
    ./app/page.tsx @ http://localhost:3000/_next/static/chunks/node_modules_next_dist_1e8vcs8._.js:1052
[ 7344465ms] [ERROR] ./components/landing/LeaderboardSection.tsx:181:14
Error: Expected '</', got 'jsx text'
  179 |           View Full Leaderboard →
  180 |         </p>
> 181 |       </Card>
      |              ^^^^^^^^^^^^^^^^^^^^^^^^^^^^^^^^^^^^^^^^^^^^^^^^^^^^^^^^^^^^^^^^^^^^^^^^^^^^^^^^^^^^
> 182 |     </section>
      | ^^^^
  183 |   );
  184 | }
  185 |

Parsing ecmascript source code failed

Import trace:
  Server Component:
    ./components/landing/LeaderboardSection.tsx
    ./app/page.tsx @ http://localhost:3000/_next/static/chunks/node_modules_next_dist_1e8vcs8._.js:1052
[ 7344525ms] [ERROR] ./components/landing/LeaderboardSection.tsx:181:14
Error: Expected '</', got 'jsx text'
  179 |           View Full Leaderboard →
  180 |         </p>
> 181 |       </Card>
      |              ^^^^^^^^^^^^^^^^^^^^^^^^^^^^^^^^^^^^^^^^^^^^^^^^^^^^^^^^^^^^^^^^^^^^^^^^^^^^^^^^^^^^
> 182 |     </section>
      | ^^^^
  183 |   );
  184 | }
  185 |

Parsing ecmascript source code failed

Import trace:
  Server Component:
    ./components/landing/LeaderboardSection.tsx
    ./app/page.tsx @ http://localhost:3000/_next/static/chunks/node_modules_next_dist_1e8vcs8._.js:1052
[ 7344583ms] [ERROR] ./components/landing/LeaderboardSection.tsx:181:14
Error: Expected '</', got 'jsx text'
  179 |           View Full Leaderboard →
  180 |         </p>
> 181 |       </Card>
      |              ^^^^^^^^^^^^^^^^^^^^^^^^^^^^^^^^^^^^^^^^^^^^^^^^^^^^^^^^^^^^^^^^^^^^^^^^^^^^^^^^^^^^
> 182 |     </section>
      | ^^^^
  183 |   );
  184 | }
  185 |

Parsing ecmascript source code failed

Import trace:
  Server Component:
    ./components/landing/LeaderboardSection.tsx
    ./app/page.tsx @ http://localhost:3000/_next/static/chunks/node_modules_next_dist_1e8vcs8._.js:1052
[ 7344640ms] [ERROR] ./components/landing/LeaderboardSection.tsx:181:14
Error: Expected '</', got 'jsx text'
  179 |           View Full Leaderboard →
  180 |         </p>
> 181 |       </Card>
      |              ^^^^^^^^^^^^^^^^^^^^^^^^^^^^^^^^^^^^^^^^^^^^^^^^^^^^^^^^^^^^^^^^^^^^^^^^^^^^^^^^^^^^
> 182 |     </section>
      | ^^^^
  183 |   );
  184 | }
  185 |

Parsing ecmascript source code failed

Import trace:
  Server Component:
    ./components/landing/LeaderboardSection.tsx
    ./app/page.tsx @ http://localhost:3000/_next/static/chunks/node_modules_next_dist_1e8vcs8._.js:1052
[ 7344708ms] [ERROR] ./components/landing/LeaderboardSection.tsx:181:14
Error: Expected '</', got 'jsx text'
  179 |           View Full Leaderboard →
  180 |         </p>
> 181 |       </Card>
      |              ^^^^^^^^^^^^^^^^^^^^^^^^^^^^^^^^^^^^^^^^^^^^^^^^^^^^^^^^^^^^^^^^^^^^^^^^^^^^^^^^^^^^
> 182 |     </section>
      | ^^^^
  183 |   );
  184 | }
  185 |

Parsing ecmascript source code failed

Import trace:
  Server Component:
    ./components/landing/LeaderboardSection.tsx
    ./app/page.tsx @ http://localhost:3000/_next/static/chunks/node_modules_next_dist_1e8vcs8._.js:1052
[ 7344773ms] [ERROR] ./components/landing/LeaderboardSection.tsx:181:14
Error: Expected '</', got 'jsx text'
  179 |           View Full Leaderboard →
  180 |         </p>
> 181 |       </Card>
      |              ^^^^^^^^^^^^^^^^^^^^^^^^^^^^^^^^^^^^^^^^^^^^^^^^^^^^^^^^^^^^^^^^^^^^^^^^^^^^^^^^^^^^
> 182 |     </section>
      | ^^^^
  183 |   );
  184 | }
  185 |

Parsing ecmascript source code failed

Import trace:
  Server Component:
    ./components/landing/LeaderboardSection.tsx
    ./app/page.tsx @ http://localhost:3000/_next/static/chunks/node_modules_next_dist_1e8vcs8._.js:1052
[ 7344839ms] [ERROR] ./components/landing/LeaderboardSection.tsx:181:14
Error: Expected '</', got 'jsx text'
  179 |           View Full Leaderboard →
  180 |         </p>
> 181 |       </Card>
      |              ^^^^^^^^^^^^^^^^^^^^^^^^^^^^^^^^^^^^^^^^^^^^^^^^^^^^^^^^^^^^^^^^^^^^^^^^^^^^^^^^^^^^
> 182 |     </section>
      | ^^^^
  183 |   );
  184 | }
  185 |

Parsing ecmascript source code failed

Import trace:
  Server Component:
    ./components/landing/LeaderboardSection.tsx
    ./app/page.tsx @ http://localhost:3000/_next/static/chunks/node_modules_next_dist_1e8vcs8._.js:1052
[ 7344907ms] [ERROR] ./components/landing/LeaderboardSection.tsx:181:14
Error: Expected '</', got 'jsx text'
  179 |           View Full Leaderboard →
  180 |         </p>
> 181 |       </Card>
      |              ^^^^^^^^^^^^^^^^^^^^^^^^^^^^^^^^^^^^^^^^^^^^^^^^^^^^^^^^^^^^^^^^^^^^^^^^^^^^^^^^^^^^
> 182 |     </section>
      | ^^^^
  183 |   );
  184 | }
  185 |

Parsing ecmascript source code failed

Import trace:
  Server Component:
    ./components/landing/LeaderboardSection.tsx
    ./app/page.tsx @ http://localhost:3000/_next/static/chunks/node_modules_next_dist_1e8vcs8._.js:1052
[ 7344967ms] [ERROR] ./components/landing/LeaderboardSection.tsx:181:14
Error: Expected '</', got 'jsx text'
  179 |           View Full Leaderboard →
  180 |         </p>
> 181 |       </Card>
      |              ^^^^^^^^^^^^^^^^^^^^^^^^^^^^^^^^^^^^^^^^^^^^^^^^^^^^^^^^^^^^^^^^^^^^^^^^^^^^^^^^^^^^
> 182 |     </section>
      | ^^^^
  183 |   );
  184 | }
  185 |

Parsing ecmascript source code failed

Import trace:
  Server Component:
    ./components/landing/LeaderboardSection.tsx
    ./app/page.tsx @ http://localhost:3000/_next/static/chunks/node_modules_next_dist_1e8vcs8._.js:1052
[ 7345034ms] [ERROR] ./components/landing/LeaderboardSection.tsx:181:14
Error: Expected '</', got 'jsx text'
  179 |           View Full Leaderboard →
  180 |         </p>
> 181 |       </Card>
      |              ^^^^^^^^^^^^^^^^^^^^^^^^^^^^^^^^^^^^^^^^^^^^^^^^^^^^^^^^^^^^^^^^^^^^^^^^^^^^^^^^^^^^
> 182 |     </section>
      | ^^^^
  183 |   );
  184 | }
  185 |

Parsing ecmascript source code failed

Import trace:
  Server Component:
    ./components/landing/LeaderboardSection.tsx
    ./app/page.tsx @ http://localhost:3000/_next/static/chunks/node_modules_next_dist_1e8vcs8._.js:1052
[ 7345101ms] [ERROR] ./components/landing/LeaderboardSection.tsx:181:14
Error: Expected '</', got 'jsx text'
  179 |           View Full Leaderboard →
  180 |         </p>
> 181 |       </Card>
      |              ^^^^^^^^^^^^^^^^^^^^^^^^^^^^^^^^^^^^^^^^^^^^^^^^^^^^^^^^^^^^^^^^^^^^^^^^^^^^^^^^^^^^
> 182 |     </section>
      | ^^^^
  183 |   );
  184 | }
  185 |

Parsing ecmascript source code failed

Import trace:
  Server Component:
    ./components/landing/LeaderboardSection.tsx
    ./app/page.tsx @ http://localhost:3000/_next/static/chunks/node_modules_next_dist_1e8vcs8._.js:1052
[ 7345159ms] [ERROR] ./components/landing/LeaderboardSection.tsx:181:14
Error: Expected '</', got 'jsx text'
  179 |           View Full Leaderboard →
  180 |         </p>
> 181 |       </Card>
      |              ^^^^^^^^^^^^^^^^^^^^^^^^^^^^^^^^^^^^^^^^^^^^^^^^^^^^^^^^^^^^^^^^^^^^^^^^^^^^^^^^^^^^
> 182 |     </section>
      | ^^^^
  183 |   );
  184 | }
  185 |

Parsing ecmascript source code failed

Import trace:
  Server Component:
    ./components/landing/LeaderboardSection.tsx
    ./app/page.tsx @ http://localhost:3000/_next/static/chunks/node_modules_next_dist_1e8vcs8._.js:1052
[ 7345234ms] [ERROR] ./components/landing/LeaderboardSection.tsx:181:14
Error: Expected '</', got 'jsx text'
  179 |           View Full Leaderboard →
  180 |         </p>
> 181 |       </Card>
      |              ^^^^^^^^^^^^^^^^^^^^^^^^^^^^^^^^^^^^^^^^^^^^^^^^^^^^^^^^^^^^^^^^^^^^^^^^^^^^^^^^^^^^
> 182 |     </section>
      | ^^^^
  183 |   );
  184 | }
  185 |

Parsing ecmascript source code failed

Import trace:
  Server Component:
    ./components/landing/LeaderboardSection.tsx
    ./app/page.tsx @ http://localhost:3000/_next/static/chunks/node_modules_next_dist_1e8vcs8._.js:1052
[ 7345299ms] [ERROR] ./components/landing/LeaderboardSection.tsx:181:14
Error: Expected '</', got 'jsx text'
  179 |           View Full Leaderboard →
  180 |         </p>
> 181 |       </Card>
      |              ^^^^^^^^^^^^^^^^^^^^^^^^^^^^^^^^^^^^^^^^^^^^^^^^^^^^^^^^^^^^^^^^^^^^^^^^^^^^^^^^^^^^
> 182 |     </section>
      | ^^^^
  183 |   );
  184 | }
  185 |

Parsing ecmascript source code failed

Import trace:
  Server Component:
    ./components/landing/LeaderboardSection.tsx
    ./app/page.tsx @ http://localhost:3000/_next/static/chunks/node_modules_next_dist_1e8vcs8._.js:1052
[ 7345366ms] [ERROR] ./components/landing/LeaderboardSection.tsx:181:14
Error: Expected '</', got 'jsx text'
  179 |           View Full Leaderboard →
  180 |         </p>
> 181 |       </Card>
      |              ^^^^^^^^^^^^^^^^^^^^^^^^^^^^^^^^^^^^^^^^^^^^^^^^^^^^^^^^^^^^^^^^^^^^^^^^^^^^^^^^^^^^
> 182 |     </section>
      | ^^^^
  183 |   );
  184 | }
  185 |

Parsing ecmascript source code failed

Import trace:
  Server Component:
    ./components/landing/LeaderboardSection.tsx
    ./app/page.tsx @ http://localhost:3000/_next/static/chunks/node_modules_next_dist_1e8vcs8._.js:1052
[ 7345415ms] [ERROR] ./components/landing/LeaderboardSection.tsx:181:14
Error: Expected '</', got 'jsx text'
  179 |           View Full Leaderboard →
  180 |         </p>
> 181 |       </Card>
      |              ^^^^^^^^^^^^^^^^^^^^^^^^^^^^^^^^^^^^^^^^^^^^^^^^^^^^^^^^^^^^^^^^^^^^^^^^^^^^^^^^^^^^
> 182 |     </section>
      | ^^^^
  183 |   );
  184 | }
  185 |

Parsing ecmascript source code failed

Import trace:
  Server Component:
    ./components/landing/LeaderboardSection.tsx
    ./app/page.tsx @ http://localhost:3000/_next/static/chunks/node_modules_next_dist_1e8vcs8._.js:1052
[ 7345473ms] [ERROR] ./components/landing/LeaderboardSection.tsx:181:14
Error: Expected '</', got 'jsx text'
  179 |           View Full Leaderboard →
  180 |         </p>
> 181 |       </Card>
      |              ^^^^^^^^^^^^^^^^^^^^^^^^^^^^^^^^^^^^^^^^^^^^^^^^^^^^^^^^^^^^^^^^^^^^^^^^^^^^^^^^^^^^
> 182 |     </section>
      | ^^^^
  183 |   );
  184 | }
  185 |

Parsing ecmascript source code failed

Import trace:
  Server Component:
    ./components/landing/LeaderboardSection.tsx
    ./app/page.tsx @ http://localhost:3000/_next/static/chunks/node_modules_next_dist_1e8vcs8._.js:1052
[ 7345524ms] [ERROR] ./components/landing/LeaderboardSection.tsx:181:14
Error: Expected '</', got 'jsx text'
  179 |           View Full Leaderboard →
  180 |         </p>
> 181 |       </Card>
      |              ^^^^^^^^^^^^^^^^^^^^^^^^^^^^^^^^^^^^^^^^^^^^^^^^^^^^^^^^^^^^^^^^^^^^^^^^^^^^^^^^^^^^
> 182 |     </section>
      | ^^^^
  183 |   );
  184 | }
  185 |

Parsing ecmascript source code failed

Import trace:
  Server Component:
    ./components/landing/LeaderboardSection.tsx
    ./app/page.tsx @ http://localhost:3000/_next/static/chunks/node_modules_next_dist_1e8vcs8._.js:1052
[ 7345581ms] [ERROR] ./components/landing/LeaderboardSection.tsx:181:14
Error: Expected '</', got 'jsx text'
  179 |           View Full Leaderboard →
  180 |         </p>
> 181 |       </Card>
      |              ^^^^^^^^^^^^^^^^^^^^^^^^^^^^^^^^^^^^^^^^^^^^^^^^^^^^^^^^^^^^^^^^^^^^^^^^^^^^^^^^^^^^
> 182 |     </section>
      | ^^^^
  183 |   );
  184 | }
  185 |

Parsing ecmascript source code failed

Import trace:
  Server Component:
    ./components/landing/LeaderboardSection.tsx
    ./app/page.tsx @ http://localhost:3000/_next/static/chunks/node_modules_next_dist_1e8vcs8._.js:1052
[ 7345642ms] [ERROR] ./components/landing/LeaderboardSection.tsx:181:14
Error: Expected '</', got 'jsx text'
  179 |           View Full Leaderboard →
  180 |         </p>
> 181 |       </Card>
      |              ^^^^^^^^^^^^^^^^^^^^^^^^^^^^^^^^^^^^^^^^^^^^^^^^^^^^^^^^^^^^^^^^^^^^^^^^^^^^^^^^^^^^
> 182 |     </section>
      | ^^^^
  183 |   );
  184 | }
  185 |

Parsing ecmascript source code failed

Import trace:
  Server Component:
    ./components/landing/LeaderboardSection.tsx
    ./app/page.tsx @ http://localhost:3000/_next/static/chunks/node_modules_next_dist_1e8vcs8._.js:1052
[ 7345699ms] [ERROR] ./components/landing/LeaderboardSection.tsx:181:14
Error: Expected '</', got 'jsx text'
  179 |           View Full Leaderboard →
  180 |         </p>
> 181 |       </Card>
      |              ^^^^^^^^^^^^^^^^^^^^^^^^^^^^^^^^^^^^^^^^^^^^^^^^^^^^^^^^^^^^^^^^^^^^^^^^^^^^^^^^^^^^
> 182 |     </section>
      | ^^^^
  183 |   );
  184 | }
  185 |

Parsing ecmascript source code failed

Import trace:
  Server Component:
    ./components/landing/LeaderboardSection.tsx
    ./app/page.tsx @ http://localhost:3000/_next/static/chunks/node_modules_next_dist_1e8vcs8._.js:1052
[ 7345758ms] [ERROR] ./components/landing/LeaderboardSection.tsx:181:14
Error: Expected '</', got 'jsx text'
  179 |           View Full Leaderboard →
  180 |         </p>
> 181 |       </Card>
      |              ^^^^^^^^^^^^^^^^^^^^^^^^^^^^^^^^^^^^^^^^^^^^^^^^^^^^^^^^^^^^^^^^^^^^^^^^^^^^^^^^^^^^
> 182 |     </section>
      | ^^^^
  183 |   );
  184 | }
  185 |

Parsing ecmascript source code failed

Import trace:
  Server Component:
    ./components/landing/LeaderboardSection.tsx
    ./app/page.tsx @ http://localhost:3000/_next/static/chunks/node_modules_next_dist_1e8vcs8._.js:1052
[ 7345831ms] [ERROR] ./components/landing/LeaderboardSection.tsx:181:14
Error: Expected '</', got 'jsx text'
  179 |           View Full Leaderboard →
  180 |         </p>
> 181 |       </Card>
      |              ^^^^^^^^^^^^^^^^^^^^^^^^^^^^^^^^^^^^^^^^^^^^^^^^^^^^^^^^^^^^^^^^^^^^^^^^^^^^^^^^^^^^
> 182 |     </section>
      | ^^^^
  183 |   );
  184 | }
  185 |

Parsing ecmascript source code failed

Import trace:
  Server Component:
    ./components/landing/LeaderboardSection.tsx
    ./app/page.tsx @ http://localhost:3000/_next/static/chunks/node_modules_next_dist_1e8vcs8._.js:1052
[ 7345899ms] [ERROR] ./components/landing/LeaderboardSection.tsx:181:14
Error: Expected '</', got 'jsx text'
  179 |           View Full Leaderboard →
  180 |         </p>
> 181 |       </Card>
      |              ^^^^^^^^^^^^^^^^^^^^^^^^^^^^^^^^^^^^^^^^^^^^^^^^^^^^^^^^^^^^^^^^^^^^^^^^^^^^^^^^^^^^
> 182 |     </section>
      | ^^^^
  183 |   );
  184 | }
  185 |

Parsing ecmascript source code failed

Import trace:
  Server Component:
    ./components/landing/LeaderboardSection.tsx
    ./app/page.tsx @ http://localhost:3000/_next/static/chunks/node_modules_next_dist_1e8vcs8._.js:1052
[ 7345958ms] [ERROR] ./components/landing/LeaderboardSection.tsx:181:14
Error: Expected '</', got 'jsx text'
  179 |           View Full Leaderboard →
  180 |         </p>
> 181 |       </Card>
      |              ^^^^^^^^^^^^^^^^^^^^^^^^^^^^^^^^^^^^^^^^^^^^^^^^^^^^^^^^^^^^^^^^^^^^^^^^^^^^^^^^^^^^
> 182 |     </section>
      | ^^^^
  183 |   );
  184 | }
  185 |

Parsing ecmascript source code failed

Import trace:
  Server Component:
    ./components/landing/LeaderboardSection.tsx
    ./app/page.tsx @ http://localhost:3000/_next/static/chunks/node_modules_next_dist_1e8vcs8._.js:1052
[ 7346015ms] [ERROR] ./components/landing/LeaderboardSection.tsx:181:14
Error: Expected '</', got 'jsx text'
  179 |           View Full Leaderboard →
  180 |         </p>
> 181 |       </Card>
      |              ^^^^^^^^^^^^^^^^^^^^^^^^^^^^^^^^^^^^^^^^^^^^^^^^^^^^^^^^^^^^^^^^^^^^^^^^^^^^^^^^^^^^
> 182 |     </section>
      | ^^^^
  183 |   );
  184 | }
  185 |

Parsing ecmascript source code failed

Import trace:
  Server Component:
    ./components/landing/LeaderboardSection.tsx
    ./app/page.tsx @ http://localhost:3000/_next/static/chunks/node_modules_next_dist_1e8vcs8._.js:1052
[ 7346074ms] [ERROR] ./components/landing/LeaderboardSection.tsx:181:14
Error: Expected '</', got 'jsx text'
  179 |           View Full Leaderboard →
  180 |         </p>
> 181 |       </Card>
      |              ^^^^^^^^^^^^^^^^^^^^^^^^^^^^^^^^^^^^^^^^^^^^^^^^^^^^^^^^^^^^^^^^^^^^^^^^^^^^^^^^^^^^
> 182 |     </section>
      | ^^^^
  183 |   );
  184 | }
  185 |

Parsing ecmascript source code failed

Import trace:
  Server Component:
    ./components/landing/LeaderboardSection.tsx
    ./app/page.tsx @ http://localhost:3000/_next/static/chunks/node_modules_next_dist_1e8vcs8._.js:1052
[ 7346142ms] [ERROR] ./components/landing/LeaderboardSection.tsx:181:14
Error: Expected '</', got 'jsx text'
  179 |           View Full Leaderboard →
  180 |         </p>
> 181 |       </Card>
      |              ^^^^^^^^^^^^^^^^^^^^^^^^^^^^^^^^^^^^^^^^^^^^^^^^^^^^^^^^^^^^^^^^^^^^^^^^^^^^^^^^^^^^
> 182 |     </section>
      | ^^^^
  183 |   );
  184 | }
  185 |

Parsing ecmascript source code failed

Import trace:
  Server Component:
    ./components/landing/LeaderboardSection.tsx
    ./app/page.tsx @ http://localhost:3000/_next/static/chunks/node_modules_next_dist_1e8vcs8._.js:1052
[ 7346216ms] [ERROR] ./components/landing/LeaderboardSection.tsx:181:14
Error: Expected '</', got 'jsx text'
  179 |           View Full Leaderboard →
  180 |         </p>
> 181 |       </Card>
      |              ^^^^^^^^^^^^^^^^^^^^^^^^^^^^^^^^^^^^^^^^^^^^^^^^^^^^^^^^^^^^^^^^^^^^^^^^^^^^^^^^^^^^
> 182 |     </section>
      | ^^^^
  183 |   );
  184 | }
  185 |

Parsing ecmascript source code failed

Import trace:
  Server Component:
    ./components/landing/LeaderboardSection.tsx
    ./app/page.tsx @ http://localhost:3000/_next/static/chunks/node_modules_next_dist_1e8vcs8._.js:1052
[ 7346282ms] [ERROR] ./components/landing/LeaderboardSection.tsx:181:14
Error: Expected '</', got 'jsx text'
  179 |           View Full Leaderboard →
  180 |         </p>
> 181 |       </Card>
      |              ^^^^^^^^^^^^^^^^^^^^^^^^^^^^^^^^^^^^^^^^^^^^^^^^^^^^^^^^^^^^^^^^^^^^^^^^^^^^^^^^^^^^
> 182 |     </section>
      | ^^^^
  183 |   );
  184 | }
  185 |

Parsing ecmascript source code failed

Import trace:
  Server Component:
    ./components/landing/LeaderboardSection.tsx
    ./app/page.tsx @ http://localhost:3000/_next/static/chunks/node_modules_next_dist_1e8vcs8._.js:1052
[ 7346340ms] [ERROR] ./components/landing/LeaderboardSection.tsx:181:14
Error: Expected '</', got 'jsx text'
  179 |           View Full Leaderboard →
  180 |         </p>
> 181 |       </Card>
      |              ^^^^^^^^^^^^^^^^^^^^^^^^^^^^^^^^^^^^^^^^^^^^^^^^^^^^^^^^^^^^^^^^^^^^^^^^^^^^^^^^^^^^
> 182 |     </section>
      | ^^^^
  183 |   );
  184 | }
  185 |

Parsing ecmascript source code failed

Import trace:
  Server Component:
    ./components/landing/LeaderboardSection.tsx
    ./app/page.tsx @ http://localhost:3000/_next/static/chunks/node_modules_next_dist_1e8vcs8._.js:1052
[ 7346415ms] [ERROR] ./components/landing/LeaderboardSection.tsx:181:14
Error: Expected '</', got 'jsx text'
  179 |           View Full Leaderboard →
  180 |         </p>
> 181 |       </Card>
      |              ^^^^^^^^^^^^^^^^^^^^^^^^^^^^^^^^^^^^^^^^^^^^^^^^^^^^^^^^^^^^^^^^^^^^^^^^^^^^^^^^^^^^
> 182 |     </section>
      | ^^^^
  183 |   );
  184 | }
  185 |

Parsing ecmascript source code failed

Import trace:
  Server Component:
    ./components/landing/LeaderboardSection.tsx
    ./app/page.tsx @ http://localhost:3000/_next/static/chunks/node_modules_next_dist_1e8vcs8._.js:1052
[ 7346465ms] [ERROR] ./components/landing/LeaderboardSection.tsx:181:14
Error: Expected '</', got 'jsx text'
  179 |           View Full Leaderboard →
  180 |         </p>
> 181 |       </Card>
      |              ^^^^^^^^^^^^^^^^^^^^^^^^^^^^^^^^^^^^^^^^^^^^^^^^^^^^^^^^^^^^^^^^^^^^^^^^^^^^^^^^^^^^
> 182 |     </section>
      | ^^^^
  183 |   );
  184 | }
  185 |

Parsing ecmascript source code failed

Import trace:
  Server Component:
    ./components/landing/LeaderboardSection.tsx
    ./app/page.tsx @ http://localhost:3000/_next/static/chunks/node_modules_next_dist_1e8vcs8._.js:1052
[ 7346523ms] [ERROR] ./components/landing/LeaderboardSection.tsx:181:14
Error: Expected '</', got 'jsx text'
  179 |           View Full Leaderboard →
  180 |         </p>
> 181 |       </Card>
      |              ^^^^^^^^^^^^^^^^^^^^^^^^^^^^^^^^^^^^^^^^^^^^^^^^^^^^^^^^^^^^^^^^^^^^^^^^^^^^^^^^^^^^
> 182 |     </section>
      | ^^^^
  183 |   );
  184 | }
  185 |

Parsing ecmascript source code failed

Import trace:
  Server Component:
    ./components/landing/LeaderboardSection.tsx
    ./app/page.tsx @ http://localhost:3000/_next/static/chunks/node_modules_next_dist_1e8vcs8._.js:1052
[ 7346590ms] [ERROR] ./components/landing/LeaderboardSection.tsx:181:14
Error: Expected '</', got 'jsx text'
  179 |           View Full Leaderboard →
  180 |         </p>
> 181 |       </Card>
      |              ^^^^^^^^^^^^^^^^^^^^^^^^^^^^^^^^^^^^^^^^^^^^^^^^^^^^^^^^^^^^^^^^^^^^^^^^^^^^^^^^^^^^
> 182 |     </section>
      | ^^^^
  183 |   );
  184 | }
  185 |

Parsing ecmascript source code failed

Import trace:
  Server Component:
    ./components/landing/LeaderboardSection.tsx
    ./app/page.tsx @ http://localhost:3000/_next/static/chunks/node_modules_next_dist_1e8vcs8._.js:1052
[ 7346659ms] [ERROR] ./components/landing/LeaderboardSection.tsx:181:14
Error: Expected '</', got 'jsx text'
  179 |           View Full Leaderboard →
  180 |         </p>
> 181 |       </Card>
      |              ^^^^^^^^^^^^^^^^^^^^^^^^^^^^^^^^^^^^^^^^^^^^^^^^^^^^^^^^^^^^^^^^^^^^^^^^^^^^^^^^^^^^
> 182 |     </section>
      | ^^^^
  183 |   );
  184 | }
  185 |

Parsing ecmascript source code failed

Import trace:
  Server Component:
    ./components/landing/LeaderboardSection.tsx
    ./app/page.tsx @ http://localhost:3000/_next/static/chunks/node_modules_next_dist_1e8vcs8._.js:1052
[ 7346715ms] [ERROR] ./components/landing/LeaderboardSection.tsx:181:14
Error: Expected '</', got 'jsx text'
  179 |           View Full Leaderboard →
  180 |         </p>
> 181 |       </Card>
      |              ^^^^^^^^^^^^^^^^^^^^^^^^^^^^^^^^^^^^^^^^^^^^^^^^^^^^^^^^^^^^^^^^^^^^^^^^^^^^^^^^^^^^
> 182 |     </section>
      | ^^^^
  183 |   );
  184 | }
  185 |

Parsing ecmascript source code failed

Import trace:
  Server Component:
    ./components/landing/LeaderboardSection.tsx
    ./app/page.tsx @ http://localhost:3000/_next/static/chunks/node_modules_next_dist_1e8vcs8._.js:1052
[ 7346773ms] [ERROR] ./components/landing/LeaderboardSection.tsx:181:14
Error: Expected '</', got 'jsx text'
  179 |           View Full Leaderboard →
  180 |         </p>
> 181 |       </Card>
      |              ^^^^^^^^^^^^^^^^^^^^^^^^^^^^^^^^^^^^^^^^^^^^^^^^^^^^^^^^^^^^^^^^^^^^^^^^^^^^^^^^^^^^
> 182 |     </section>
      | ^^^^
  183 |   );
  184 | }
  185 |

Parsing ecmascript source code failed

Import trace:
  Server Component:
    ./components/landing/LeaderboardSection.tsx
    ./app/page.tsx @ http://localhost:3000/_next/static/chunks/node_modules_next_dist_1e8vcs8._.js:1052
[ 7346849ms] [ERROR] ./components/landing/LeaderboardSection.tsx:181:14
Error: Expected '</', got 'jsx text'
  179 |           View Full Leaderboard →
  180 |         </p>
> 181 |       </Card>
      |              ^^^^^^^^^^^^^^^^^^^^^^^^^^^^^^^^^^^^^^^^^^^^^^^^^^^^^^^^^^^^^^^^^^^^^^^^^^^^^^^^^^^^
> 182 |     </section>
      | ^^^^
  183 |   );
  184 | }
  185 |

Parsing ecmascript source code failed

Import trace:
  Server Component:
    ./components/landing/LeaderboardSection.tsx
    ./app/page.tsx @ http://localhost:3000/_next/static/chunks/node_modules_next_dist_1e8vcs8._.js:1052
[ 7346916ms] [ERROR] ./components/landing/LeaderboardSection.tsx:181:14
Error: Expected '</', got 'jsx text'
  179 |           View Full Leaderboard →
  180 |         </p>
> 181 |       </Card>
      |              ^^^^^^^^^^^^^^^^^^^^^^^^^^^^^^^^^^^^^^^^^^^^^^^^^^^^^^^^^^^^^^^^^^^^^^^^^^^^^^^^^^^^
> 182 |     </section>
      | ^^^^
  183 |   );
  184 | }
  185 |

Parsing ecmascript source code failed

Import trace:
  Server Component:
    ./components/landing/LeaderboardSection.tsx
    ./app/page.tsx @ http://localhost:3000/_next/static/chunks/node_modules_next_dist_1e8vcs8._.js:1052
[ 7346973ms] [ERROR] ./components/landing/LeaderboardSection.tsx:181:14
Error: Expected '</', got 'jsx text'
  179 |           View Full Leaderboard →
  180 |         </p>
> 181 |       </Card>
      |              ^^^^^^^^^^^^^^^^^^^^^^^^^^^^^^^^^^^^^^^^^^^^^^^^^^^^^^^^^^^^^^^^^^^^^^^^^^^^^^^^^^^^
> 182 |     </section>
      | ^^^^
  183 |   );
  184 | }
  185 |

Parsing ecmascript source code failed

Import trace:
  Server Component:
    ./components/landing/LeaderboardSection.tsx
    ./app/page.tsx @ http://localhost:3000/_next/static/chunks/node_modules_next_dist_1e8vcs8._.js:1052
[ 7347048ms] [ERROR] ./components/landing/LeaderboardSection.tsx:181:14
Error: Expected '</', got 'jsx text'
  179 |           View Full Leaderboard →
  180 |         </p>
> 181 |       </Card>
      |              ^^^^^^^^^^^^^^^^^^^^^^^^^^^^^^^^^^^^^^^^^^^^^^^^^^^^^^^^^^^^^^^^^^^^^^^^^^^^^^^^^^^^
> 182 |     </section>
      | ^^^^
  183 |   );
  184 | }
  185 |

Parsing ecmascript source code failed

Import trace:
  Server Component:
    ./components/landing/LeaderboardSection.tsx
    ./app/page.tsx @ http://localhost:3000/_next/static/chunks/node_modules_next_dist_1e8vcs8._.js:1052
[ 7347114ms] [ERROR] ./components/landing/LeaderboardSection.tsx:181:14
Error: Expected '</', got 'jsx text'
  179 |           View Full Leaderboard →
  180 |         </p>
> 181 |       </Card>
      |              ^^^^^^^^^^^^^^^^^^^^^^^^^^^^^^^^^^^^^^^^^^^^^^^^^^^^^^^^^^^^^^^^^^^^^^^^^^^^^^^^^^^^
> 182 |     </section>
      | ^^^^
  183 |   );
  184 | }
  185 |

Parsing ecmascript source code failed

Import trace:
  Server Component:
    ./components/landing/LeaderboardSection.tsx
    ./app/page.tsx @ http://localhost:3000/_next/static/chunks/node_modules_next_dist_1e8vcs8._.js:1052
[ 7347173ms] [ERROR] ./components/landing/LeaderboardSection.tsx:181:14
Error: Expected '</', got 'jsx text'
  179 |           View Full Leaderboard →
  180 |         </p>
> 181 |       </Card>
      |              ^^^^^^^^^^^^^^^^^^^^^^^^^^^^^^^^^^^^^^^^^^^^^^^^^^^^^^^^^^^^^^^^^^^^^^^^^^^^^^^^^^^^
> 182 |     </section>
      | ^^^^
  183 |   );
  184 | }
  185 |

Parsing ecmascript source code failed

Import trace:
  Server Component:
    ./components/landing/LeaderboardSection.tsx
    ./app/page.tsx @ http://localhost:3000/_next/static/chunks/node_modules_next_dist_1e8vcs8._.js:1052
[ 7347225ms] [ERROR] ./components/landing/LeaderboardSection.tsx:181:14
Error: Expected '</', got 'jsx text'
  179 |           View Full Leaderboard →
  180 |         </p>
> 181 |       </Card>
      |              ^^^^^^^^^^^^^^^^^^^^^^^^^^^^^^^^^^^^^^^^^^^^^^^^^^^^^^^^^^^^^^^^^^^^^^^^^^^^^^^^^^^^
> 182 |     </section>
      | ^^^^
  183 |   );
  184 | }
  185 |

Parsing ecmascript source code failed

Import trace:
  Server Component:
    ./components/landing/LeaderboardSection.tsx
    ./app/page.tsx @ http://localhost:3000/_next/static/chunks/node_modules_next_dist_1e8vcs8._.js:1052
[ 7347281ms] [ERROR] ./components/landing/LeaderboardSection.tsx:181:14
Error: Expected '</', got 'jsx text'
  179 |           View Full Leaderboard →
  180 |         </p>
> 181 |       </Card>
      |              ^^^^^^^^^^^^^^^^^^^^^^^^^^^^^^^^^^^^^^^^^^^^^^^^^^^^^^^^^^^^^^^^^^^^^^^^^^^^^^^^^^^^
> 182 |     </section>
      | ^^^^
  183 |   );
  184 | }
  185 |

Parsing ecmascript source code failed

Import trace:
  Server Component:
    ./components/landing/LeaderboardSection.tsx
    ./app/page.tsx @ http://localhost:3000/_next/static/chunks/node_modules_next_dist_1e8vcs8._.js:1052
[ 7347340ms] [ERROR] ./components/landing/LeaderboardSection.tsx:181:14
Error: Expected '</', got 'jsx text'
  179 |           View Full Leaderboard →
  180 |         </p>
> 181 |       </Card>
      |              ^^^^^^^^^^^^^^^^^^^^^^^^^^^^^^^^^^^^^^^^^^^^^^^^^^^^^^^^^^^^^^^^^^^^^^^^^^^^^^^^^^^^
> 182 |     </section>
      | ^^^^
  183 |   );
  184 | }
  185 |

Parsing ecmascript source code failed

Import trace:
  Server Component:
    ./components/landing/LeaderboardSection.tsx
    ./app/page.tsx @ http://localhost:3000/_next/static/chunks/node_modules_next_dist_1e8vcs8._.js:1052
[ 7347392ms] [ERROR] ./components/landing/LeaderboardSection.tsx:181:14
Error: Expected '</', got 'jsx text'
  179 |           View Full Leaderboard →
  180 |         </p>
> 181 |       </Card>
      |              ^^^^^^^^^^^^^^^^^^^^^^^^^^^^^^^^^^^^^^^^^^^^^^^^^^^^^^^^^^^^^^^^^^^^^^^^^^^^^^^^^^^^
> 182 |     </section>
      | ^^^^
  183 |   );
  184 | }
  185 |

Parsing ecmascript source code failed

Import trace:
  Server Component:
    ./components/landing/LeaderboardSection.tsx
    ./app/page.tsx @ http://localhost:3000/_next/static/chunks/node_modules_next_dist_1e8vcs8._.js:1052
[ 7347465ms] [ERROR] ./components/landing/LeaderboardSection.tsx:181:14
Error: Expected '</', got 'jsx text'
  179 |           View Full Leaderboard →
  180 |         </p>
> 181 |       </Card>
      |              ^^^^^^^^^^^^^^^^^^^^^^^^^^^^^^^^^^^^^^^^^^^^^^^^^^^^^^^^^^^^^^^^^^^^^^^^^^^^^^^^^^^^
> 182 |     </section>
      | ^^^^
  183 |   );
  184 | }
  185 |

Parsing ecmascript source code failed

Import trace:
  Server Component:
    ./components/landing/LeaderboardSection.tsx
    ./app/page.tsx @ http://localhost:3000/_next/static/chunks/node_modules_next_dist_1e8vcs8._.js:1052
[ 7347532ms] [ERROR] ./components/landing/LeaderboardSection.tsx:181:14
Error: Expected '</', got 'jsx text'
  179 |           View Full Leaderboard →
  180 |         </p>
> 181 |       </Card>
      |              ^^^^^^^^^^^^^^^^^^^^^^^^^^^^^^^^^^^^^^^^^^^^^^^^^^^^^^^^^^^^^^^^^^^^^^^^^^^^^^^^^^^^
> 182 |     </section>
      | ^^^^
  183 |   );
  184 | }
  185 |

Parsing ecmascript source code failed

Import trace:
  Server Component:
    ./components/landing/LeaderboardSection.tsx
    ./app/page.tsx @ http://localhost:3000/_next/static/chunks/node_modules_next_dist_1e8vcs8._.js:1052
[ 7347599ms] [ERROR] ./components/landing/LeaderboardSection.tsx:181:14
Error: Expected '</', got 'jsx text'
  179 |           View Full Leaderboard →
  180 |         </p>
> 181 |       </Card>
      |              ^^^^^^^^^^^^^^^^^^^^^^^^^^^^^^^^^^^^^^^^^^^^^^^^^^^^^^^^^^^^^^^^^^^^^^^^^^^^^^^^^^^^
> 182 |     </section>
      | ^^^^
  183 |   );
  184 | }
  185 |

Parsing ecmascript source code failed

Import trace:
  Server Component:
    ./components/landing/LeaderboardSection.tsx
    ./app/page.tsx @ http://localhost:3000/_next/static/chunks/node_modules_next_dist_1e8vcs8._.js:1052
[ 7347656ms] [ERROR] ./components/landing/LeaderboardSection.tsx:181:14
Error: Expected '</', got 'jsx text'
  179 |           View Full Leaderboard →
  180 |         </p>
> 181 |       </Card>
      |              ^^^^^^^^^^^^^^^^^^^^^^^^^^^^^^^^^^^^^^^^^^^^^^^^^^^^^^^^^^^^^^^^^^^^^^^^^^^^^^^^^^^^
> 182 |     </section>
      | ^^^^
  183 |   );
  184 | }
  185 |

Parsing ecmascript source code failed

Import trace:
  Server Component:
    ./components/landing/LeaderboardSection.tsx
    ./app/page.tsx @ http://localhost:3000/_next/static/chunks/node_modules_next_dist_1e8vcs8._.js:1052
[ 7347715ms] [ERROR] ./components/landing/LeaderboardSection.tsx:181:14
Error: Expected '</', got 'jsx text'
  179 |           View Full Leaderboard →
  180 |         </p>
> 181 |       </Card>
      |              ^^^^^^^^^^^^^^^^^^^^^^^^^^^^^^^^^^^^^^^^^^^^^^^^^^^^^^^^^^^^^^^^^^^^^^^^^^^^^^^^^^^^
> 182 |     </section>
      | ^^^^
  183 |   );
  184 | }
  185 |

Parsing ecmascript source code failed

Import trace:
  Server Component:
    ./components/landing/LeaderboardSection.tsx
    ./app/page.tsx @ http://localhost:3000/_next/static/chunks/node_modules_next_dist_1e8vcs8._.js:1052
[ 7347765ms] [ERROR] ./components/landing/LeaderboardSection.tsx:181:14
Error: Expected '</', got 'jsx text'
  179 |           View Full Leaderboard →
  180 |         </p>
> 181 |       </Card>
      |              ^^^^^^^^^^^^^^^^^^^^^^^^^^^^^^^^^^^^^^^^^^^^^^^^^^^^^^^^^^^^^^^^^^^^^^^^^^^^^^^^^^^^
> 182 |     </section>
      | ^^^^
  183 |   );
  184 | }
  185 |

Parsing ecmascript source code failed

Import trace:
  Server Component:
    ./components/landing/LeaderboardSection.tsx
    ./app/page.tsx @ http://localhost:3000/_next/static/chunks/node_modules_next_dist_1e8vcs8._.js:1052
[ 7347823ms] [ERROR] ./components/landing/LeaderboardSection.tsx:181:14
Error: Expected '</', got 'jsx text'
  179 |           View Full Leaderboard →
  180 |         </p>
> 181 |       </Card>
      |              ^^^^^^^^^^^^^^^^^^^^^^^^^^^^^^^^^^^^^^^^^^^^^^^^^^^^^^^^^^^^^^^^^^^^^^^^^^^^^^^^^^^^
> 182 |     </section>
      | ^^^^
  183 |   );
  184 | }
  185 |

Parsing ecmascript source code failed

Import trace:
  Server Component:
    ./components/landing/LeaderboardSection.tsx
    ./app/page.tsx @ http://localhost:3000/_next/static/chunks/node_modules_next_dist_1e8vcs8._.js:1052
[ 7347891ms] [ERROR] ./components/landing/LeaderboardSection.tsx:181:14
Error: Expected '</', got 'jsx text'
  179 |           View Full Leaderboard →
  180 |         </p>
> 181 |       </Card>
      |              ^^^^^^^^^^^^^^^^^^^^^^^^^^^^^^^^^^^^^^^^^^^^^^^^^^^^^^^^^^^^^^^^^^^^^^^^^^^^^^^^^^^^
> 182 |     </section>
      | ^^^^
  183 |   );
  184 | }
  185 |

Parsing ecmascript source code failed

Import trace:
  Server Component:
    ./components/landing/LeaderboardSection.tsx
    ./app/page.tsx @ http://localhost:3000/_next/static/chunks/node_modules_next_dist_1e8vcs8._.js:1052
[ 7347965ms] [ERROR] ./components/landing/LeaderboardSection.tsx:181:14
Error: Expected '</', got 'jsx text'
  179 |           View Full Leaderboard →
  180 |         </p>
> 181 |       </Card>
      |              ^^^^^^^^^^^^^^^^^^^^^^^^^^^^^^^^^^^^^^^^^^^^^^^^^^^^^^^^^^^^^^^^^^^^^^^^^^^^^^^^^^^^
> 182 |     </section>
      | ^^^^
  183 |   );
  184 | }
  185 |

Parsing ecmascript source code failed

Import trace:
  Server Component:
    ./components/landing/LeaderboardSection.tsx
    ./app/page.tsx @ http://localhost:3000/_next/static/chunks/node_modules_next_dist_1e8vcs8._.js:1052
[ 7348032ms] [ERROR] ./components/landing/LeaderboardSection.tsx:181:14
Error: Expected '</', got 'jsx text'
  179 |           View Full Leaderboard →
  180 |         </p>
> 181 |       </Card>
      |              ^^^^^^^^^^^^^^^^^^^^^^^^^^^^^^^^^^^^^^^^^^^^^^^^^^^^^^^^^^^^^^^^^^^^^^^^^^^^^^^^^^^^
> 182 |     </section>
      | ^^^^
  183 |   );
  184 | }
  185 |

Parsing ecmascript source code failed

Import trace:
  Server Component:
    ./components/landing/LeaderboardSection.tsx
    ./app/page.tsx @ http://localhost:3000/_next/static/chunks/node_modules_next_dist_1e8vcs8._.js:1052
[ 7348090ms] [ERROR] ./components/landing/LeaderboardSection.tsx:181:14
Error: Expected '</', got 'jsx text'
  179 |           View Full Leaderboard →
  180 |         </p>
> 181 |       </Card>
      |              ^^^^^^^^^^^^^^^^^^^^^^^^^^^^^^^^^^^^^^^^^^^^^^^^^^^^^^^^^^^^^^^^^^^^^^^^^^^^^^^^^^^^
> 182 |     </section>
      | ^^^^
  183 |   );
  184 | }
  185 |

Parsing ecmascript source code failed

Import trace:
  Server Component:
    ./components/landing/LeaderboardSection.tsx
    ./app/page.tsx @ http://localhost:3000/_next/static/chunks/node_modules_next_dist_1e8vcs8._.js:1052
[ 7348158ms] [ERROR] ./components/landing/LeaderboardSection.tsx:181:14
Error: Expected '</', got 'jsx text'
  179 |           View Full Leaderboard →
  180 |         </p>
> 181 |       </Card>
      |              ^^^^^^^^^^^^^^^^^^^^^^^^^^^^^^^^^^^^^^^^^^^^^^^^^^^^^^^^^^^^^^^^^^^^^^^^^^^^^^^^^^^^
> 182 |     </section>
      | ^^^^
  183 |   );
  184 | }
  185 |

Parsing ecmascript source code failed

Import trace:
  Server Component:
    ./components/landing/LeaderboardSection.tsx
    ./app/page.tsx @ http://localhost:3000/_next/static/chunks/node_modules_next_dist_1e8vcs8._.js:1052
[ 7348216ms] [ERROR] ./components/landing/LeaderboardSection.tsx:181:14
Error: Expected '</', got 'jsx text'
  179 |           View Full Leaderboard →
  180 |         </p>
> 181 |       </Card>
      |              ^^^^^^^^^^^^^^^^^^^^^^^^^^^^^^^^^^^^^^^^^^^^^^^^^^^^^^^^^^^^^^^^^^^^^^^^^^^^^^^^^^^^
> 182 |     </section>
      | ^^^^
  183 |   );
  184 | }
  185 |

Parsing ecmascript source code failed

Import trace:
  Server Component:
    ./components/landing/LeaderboardSection.tsx
    ./app/page.tsx @ http://localhost:3000/_next/static/chunks/node_modules_next_dist_1e8vcs8._.js:1052
[ 7348274ms] [ERROR] ./components/landing/LeaderboardSection.tsx:181:14
Error: Expected '</', got 'jsx text'
  179 |           View Full Leaderboard →
  180 |         </p>
> 181 |       </Card>
      |              ^^^^^^^^^^^^^^^^^^^^^^^^^^^^^^^^^^^^^^^^^^^^^^^^^^^^^^^^^^^^^^^^^^^^^^^^^^^^^^^^^^^^
> 182 |     </section>
      | ^^^^
  183 |   );
  184 | }
  185 |

Parsing ecmascript source code failed

Import trace:
  Server Component:
    ./components/landing/LeaderboardSection.tsx
    ./app/page.tsx @ http://localhost:3000/_next/static/chunks/node_modules_next_dist_1e8vcs8._.js:1052
[ 7348341ms] [ERROR] ./components/landing/LeaderboardSection.tsx:181:14
Error: Expected '</', got 'jsx text'
  179 |           View Full Leaderboard →
  180 |         </p>
> 181 |       </Card>
      |              ^^^^^^^^^^^^^^^^^^^^^^^^^^^^^^^^^^^^^^^^^^^^^^^^^^^^^^^^^^^^^^^^^^^^^^^^^^^^^^^^^^^^
> 182 |     </section>
      | ^^^^
  183 |   );
  184 | }
  185 |

Parsing ecmascript source code failed

Import trace:
  Server Component:
    ./components/landing/LeaderboardSection.tsx
    ./app/page.tsx @ http://localhost:3000/_next/static/chunks/node_modules_next_dist_1e8vcs8._.js:1052
[ 7348415ms] [ERROR] ./components/landing/LeaderboardSection.tsx:181:14
Error: Expected '</', got 'jsx text'
  179 |           View Full Leaderboard →
  180 |         </p>
> 181 |       </Card>
      |              ^^^^^^^^^^^^^^^^^^^^^^^^^^^^^^^^^^^^^^^^^^^^^^^^^^^^^^^^^^^^^^^^^^^^^^^^^^^^^^^^^^^^
> 182 |     </section>
      | ^^^^
  183 |   );
  184 | }
  185 |

Parsing ecmascript source code failed

Import trace:
  Server Component:
    ./components/landing/LeaderboardSection.tsx
    ./app/page.tsx @ http://localhost:3000/_next/static/chunks/node_modules_next_dist_1e8vcs8._.js:1052
[ 7348482ms] [ERROR] ./components/landing/LeaderboardSection.tsx:181:14
Error: Expected '</', got 'jsx text'
  179 |           View Full Leaderboard →
  180 |         </p>
> 181 |       </Card>
      |              ^^^^^^^^^^^^^^^^^^^^^^^^^^^^^^^^^^^^^^^^^^^^^^^^^^^^^^^^^^^^^^^^^^^^^^^^^^^^^^^^^^^^
> 182 |     </section>
      | ^^^^
  183 |   );
  184 | }
  185 |

Parsing ecmascript source code failed

Import trace:
  Server Component:
    ./components/landing/LeaderboardSection.tsx
    ./app/page.tsx @ http://localhost:3000/_next/static/chunks/node_modules_next_dist_1e8vcs8._.js:1052
[ 7348539ms] [ERROR] ./components/landing/LeaderboardSection.tsx:181:14
Error: Expected '</', got 'jsx text'
  179 |           View Full Leaderboard →
  180 |         </p>
> 181 |       </Card>
      |              ^^^^^^^^^^^^^^^^^^^^^^^^^^^^^^^^^^^^^^^^^^^^^^^^^^^^^^^^^^^^^^^^^^^^^^^^^^^^^^^^^^^^
> 182 |     </section>
      | ^^^^
  183 |   );
  184 | }
  185 |

Parsing ecmascript source code failed

Import trace:
  Server Component:
    ./components/landing/LeaderboardSection.tsx
    ./app/page.tsx @ http://localhost:3000/_next/static/chunks/node_modules_next_dist_1e8vcs8._.js:1052
[ 7348608ms] [ERROR] ./components/landing/LeaderboardSection.tsx:181:14
Error: Expected '</', got 'jsx text'
  179 |           View Full Leaderboard →
  180 |         </p>
> 181 |       </Card>
      |              ^^^^^^^^^^^^^^^^^^^^^^^^^^^^^^^^^^^^^^^^^^^^^^^^^^^^^^^^^^^^^^^^^^^^^^^^^^^^^^^^^^^^
> 182 |     </section>
      | ^^^^
  183 |   );
  184 | }
  185 |

Parsing ecmascript source code failed

Import trace:
  Server Component:
    ./components/landing/LeaderboardSection.tsx
    ./app/page.tsx @ http://localhost:3000/_next/static/chunks/node_modules_next_dist_1e8vcs8._.js:1052
[ 7348658ms] [ERROR] ./components/landing/LeaderboardSection.tsx:181:14
Error: Expected '</', got 'jsx text'
  179 |           View Full Leaderboard →
  180 |         </p>
> 181 |       </Card>
      |              ^^^^^^^^^^^^^^^^^^^^^^^^^^^^^^^^^^^^^^^^^^^^^^^^^^^^^^^^^^^^^^^^^^^^^^^^^^^^^^^^^^^^
> 182 |     </section>
      | ^^^^
  183 |   );
  184 | }
  185 |

Parsing ecmascript source code failed

Import trace:
  Server Component:
    ./components/landing/LeaderboardSection.tsx
    ./app/page.tsx @ http://localhost:3000/_next/static/chunks/node_modules_next_dist_1e8vcs8._.js:1052
[ 7348725ms] [ERROR] ./components/landing/LeaderboardSection.tsx:181:14
Error: Expected '</', got 'jsx text'
  179 |           View Full Leaderboard →
  180 |         </p>
> 181 |       </Card>
      |              ^^^^^^^^^^^^^^^^^^^^^^^^^^^^^^^^^^^^^^^^^^^^^^^^^^^^^^^^^^^^^^^^^^^^^^^^^^^^^^^^^^^^
> 182 |     </section>
      | ^^^^
  183 |   );
  184 | }
  185 |

Parsing ecmascript source code failed

Import trace:
  Server Component:
    ./components/landing/LeaderboardSection.tsx
    ./app/page.tsx @ http://localhost:3000/_next/static/chunks/node_modules_next_dist_1e8vcs8._.js:1052
[ 7348788ms] [ERROR] ./components/landing/LeaderboardSection.tsx:181:14
Error: Expected '</', got 'jsx text'
  179 |           View Full Leaderboard →
  180 |         </p>
> 181 |       </Card>
      |              ^^^^^^^^^^^^^^^^^^^^^^^^^^^^^^^^^^^^^^^^^^^^^^^^^^^^^^^^^^^^^^^^^^^^^^^^^^^^^^^^^^^^
> 182 |     </section>
      | ^^^^
  183 |   );
  184 | }
  185 |

Parsing ecmascript source code failed

Import trace:
  Server Component:
    ./components/landing/LeaderboardSection.tsx
    ./app/page.tsx @ http://localhost:3000/_next/static/chunks/node_modules_next_dist_1e8vcs8._.js:1052
[ 7348851ms] [ERROR] ./components/landing/LeaderboardSection.tsx:181:14
Error: Expected '</', got 'jsx text'
  179 |           View Full Leaderboard →
  180 |         </p>
> 181 |       </Card>
      |              ^^^^^^^^^^^^^^^^^^^^^^^^^^^^^^^^^^^^^^^^^^^^^^^^^^^^^^^^^^^^^^^^^^^^^^^^^^^^^^^^^^^^
> 182 |     </section>
      | ^^^^
  183 |   );
  184 | }
  185 |

Parsing ecmascript source code failed

Import trace:
  Server Component:
    ./components/landing/LeaderboardSection.tsx
    ./app/page.tsx @ http://localhost:3000/_next/static/chunks/node_modules_next_dist_1e8vcs8._.js:1052
[ 7348918ms] [ERROR] ./components/landing/LeaderboardSection.tsx:181:14
Error: Expected '</', got 'jsx text'
  179 |           View Full Leaderboard →
  180 |         </p>
> 181 |       </Card>
      |              ^^^^^^^^^^^^^^^^^^^^^^^^^^^^^^^^^^^^^^^^^^^^^^^^^^^^^^^^^^^^^^^^^^^^^^^^^^^^^^^^^^^^
> 182 |     </section>
      | ^^^^
  183 |   );
  184 | }
  185 |

Parsing ecmascript source code failed

Import trace:
  Server Component:
    ./components/landing/LeaderboardSection.tsx
    ./app/page.tsx @ http://localhost:3000/_next/static/chunks/node_modules_next_dist_1e8vcs8._.js:1052
[ 7348981ms] [ERROR] ./components/landing/LeaderboardSection.tsx:181:14
Error: Expected '</', got 'jsx text'
  179 |           View Full Leaderboard →
  180 |         </p>
> 181 |       </Card>
      |              ^^^^^^^^^^^^^^^^^^^^^^^^^^^^^^^^^^^^^^^^^^^^^^^^^^^^^^^^^^^^^^^^^^^^^^^^^^^^^^^^^^^^
> 182 |     </section>
      | ^^^^
  183 |   );
  184 | }
  185 |

Parsing ecmascript source code failed

Import trace:
  Server Component:
    ./components/landing/LeaderboardSection.tsx
    ./app/page.tsx @ http://localhost:3000/_next/static/chunks/node_modules_next_dist_1e8vcs8._.js:1052
[ 7349032ms] [ERROR] ./components/landing/LeaderboardSection.tsx:181:14
Error: Expected '</', got 'jsx text'
  179 |           View Full Leaderboard →
  180 |         </p>
> 181 |       </Card>
      |              ^^^^^^^^^^^^^^^^^^^^^^^^^^^^^^^^^^^^^^^^^^^^^^^^^^^^^^^^^^^^^^^^^^^^^^^^^^^^^^^^^^^^
> 182 |     </section>
      | ^^^^
  183 |   );
  184 | }
  185 |

Parsing ecmascript source code failed

Import trace:
  Server Component:
    ./components/landing/LeaderboardSection.tsx
    ./app/page.tsx @ http://localhost:3000/_next/static/chunks/node_modules_next_dist_1e8vcs8._.js:1052
[ 7349091ms] [ERROR] ./components/landing/LeaderboardSection.tsx:181:14
Error: Expected '</', got 'jsx text'
  179 |           View Full Leaderboard →
  180 |         </p>
> 181 |       </Card>
      |              ^^^^^^^^^^^^^^^^^^^^^^^^^^^^^^^^^^^^^^^^^^^^^^^^^^^^^^^^^^^^^^^^^^^^^^^^^^^^^^^^^^^^
> 182 |     </section>
      | ^^^^
  183 |   );
  184 | }
  185 |

Parsing ecmascript source code failed

Import trace:
  Server Component:
    ./components/landing/LeaderboardSection.tsx
    ./app/page.tsx @ http://localhost:3000/_next/static/chunks/node_modules_next_dist_1e8vcs8._.js:1052
[ 7349165ms] [ERROR] ./components/landing/LeaderboardSection.tsx:181:14
Error: Expected '</', got 'jsx text'
  179 |           View Full Leaderboard →
  180 |         </p>
> 181 |       </Card>
      |              ^^^^^^^^^^^^^^^^^^^^^^^^^^^^^^^^^^^^^^^^^^^^^^^^^^^^^^^^^^^^^^^^^^^^^^^^^^^^^^^^^^^^
> 182 |     </section>
      | ^^^^
  183 |   );
  184 | }
  185 |

Parsing ecmascript source code failed

Import trace:
  Server Component:
    ./components/landing/LeaderboardSection.tsx
    ./app/page.tsx @ http://localhost:3000/_next/static/chunks/node_modules_next_dist_1e8vcs8._.js:1052
[ 7349215ms] [ERROR] ./components/landing/LeaderboardSection.tsx:181:14
Error: Expected '</', got 'jsx text'
  179 |           View Full Leaderboard →
  180 |         </p>
> 181 |       </Card>
      |              ^^^^^^^^^^^^^^^^^^^^^^^^^^^^^^^^^^^^^^^^^^^^^^^^^^^^^^^^^^^^^^^^^^^^^^^^^^^^^^^^^^^^
> 182 |     </section>
      | ^^^^
  183 |   );
  184 | }
  185 |

Parsing ecmascript source code failed

Import trace:
  Server Component:
    ./components/landing/LeaderboardSection.tsx
    ./app/page.tsx @ http://localhost:3000/_next/static/chunks/node_modules_next_dist_1e8vcs8._.js:1052
[ 7349273ms] [ERROR] ./components/landing/LeaderboardSection.tsx:181:14
Error: Expected '</', got 'jsx text'
  179 |           View Full Leaderboard →
  180 |         </p>
> 181 |       </Card>
      |              ^^^^^^^^^^^^^^^^^^^^^^^^^^^^^^^^^^^^^^^^^^^^^^^^^^^^^^^^^^^^^^^^^^^^^^^^^^^^^^^^^^^^
> 182 |     </section>
      | ^^^^
  183 |   );
  184 | }
  185 |

Parsing ecmascript source code failed

Import trace:
  Server Component:
    ./components/landing/LeaderboardSection.tsx
    ./app/page.tsx @ http://localhost:3000/_next/static/chunks/node_modules_next_dist_1e8vcs8._.js:1052
[ 7349351ms] [ERROR] ./components/landing/LeaderboardSection.tsx:181:14
Error: Expected '</', got 'jsx text'
  179 |           View Full Leaderboard →
  180 |         </p>
> 181 |       </Card>
      |              ^^^^^^^^^^^^^^^^^^^^^^^^^^^^^^^^^^^^^^^^^^^^^^^^^^^^^^^^^^^^^^^^^^^^^^^^^^^^^^^^^^^^
> 182 |     </section>
      | ^^^^
  183 |   );
  184 | }
  185 |

Parsing ecmascript source code failed

Import trace:
  Server Component:
    ./components/landing/LeaderboardSection.tsx
    ./app/page.tsx @ http://localhost:3000/_next/static/chunks/node_modules_next_dist_1e8vcs8._.js:1052
[ 7349416ms] [ERROR] ./components/landing/LeaderboardSection.tsx:181:14
Error: Expected '</', got 'jsx text'
  179 |           View Full Leaderboard →
  180 |         </p>
> 181 |       </Card>
      |              ^^^^^^^^^^^^^^^^^^^^^^^^^^^^^^^^^^^^^^^^^^^^^^^^^^^^^^^^^^^^^^^^^^^^^^^^^^^^^^^^^^^^
> 182 |     </section>
      | ^^^^
  183 |   );
  184 | }
  185 |

Parsing ecmascript source code failed

Import trace:
  Server Component:
    ./components/landing/LeaderboardSection.tsx
    ./app/page.tsx @ http://localhost:3000/_next/static/chunks/node_modules_next_dist_1e8vcs8._.js:1052
[ 7349473ms] [ERROR] ./components/landing/LeaderboardSection.tsx:181:14
Error: Expected '</', got 'jsx text'
  179 |           View Full Leaderboard →
  180 |         </p>
> 181 |       </Card>
      |              ^^^^^^^^^^^^^^^^^^^^^^^^^^^^^^^^^^^^^^^^^^^^^^^^^^^^^^^^^^^^^^^^^^^^^^^^^^^^^^^^^^^^
> 182 |     </section>
      | ^^^^
  183 |   );
  184 | }
  185 |

Parsing ecmascript source code failed

Import trace:
  Server Component:
    ./components/landing/LeaderboardSection.tsx
    ./app/page.tsx @ http://localhost:3000/_next/static/chunks/node_modules_next_dist_1e8vcs8._.js:1052
[ 7349542ms] [ERROR] ./components/landing/LeaderboardSection.tsx:181:14
Error: Expected '</', got 'jsx text'
  179 |           View Full Leaderboard →
  180 |         </p>
> 181 |       </Card>
      |              ^^^^^^^^^^^^^^^^^^^^^^^^^^^^^^^^^^^^^^^^^^^^^^^^^^^^^^^^^^^^^^^^^^^^^^^^^^^^^^^^^^^^
> 182 |     </section>
      | ^^^^
  183 |   );
  184 | }
  185 |

Parsing ecmascript source code failed

Import trace:
  Server Component:
    ./components/landing/LeaderboardSection.tsx
    ./app/page.tsx @ http://localhost:3000/_next/static/chunks/node_modules_next_dist_1e8vcs8._.js:1052
[ 7349601ms] [ERROR] ./components/landing/LeaderboardSection.tsx:181:14
Error: Expected '</', got 'jsx text'
  179 |           View Full Leaderboard →
  180 |         </p>
> 181 |       </Card>
      |              ^^^^^^^^^^^^^^^^^^^^^^^^^^^^^^^^^^^^^^^^^^^^^^^^^^^^^^^^^^^^^^^^^^^^^^^^^^^^^^^^^^^^
> 182 |     </section>
      | ^^^^
  183 |   );
  184 | }
  185 |

Parsing ecmascript source code failed

Import trace:
  Server Component:
    ./components/landing/LeaderboardSection.tsx
    ./app/page.tsx @ http://localhost:3000/_next/static/chunks/node_modules_next_dist_1e8vcs8._.js:1052
[ 7349657ms] [ERROR] ./components/landing/LeaderboardSection.tsx:181:14
Error: Expected '</', got 'jsx text'
  179 |           View Full Leaderboard →
  180 |         </p>
> 181 |       </Card>
      |              ^^^^^^^^^^^^^^^^^^^^^^^^^^^^^^^^^^^^^^^^^^^^^^^^^^^^^^^^^^^^^^^^^^^^^^^^^^^^^^^^^^^^
> 182 |     </section>
      | ^^^^
  183 |   );
  184 | }
  185 |

Parsing ecmascript source code failed

Import trace:
  Server Component:
    ./components/landing/LeaderboardSection.tsx
    ./app/page.tsx @ http://localhost:3000/_next/static/chunks/node_modules_next_dist_1e8vcs8._.js:1052
[ 7349707ms] [ERROR] ./components/landing/LeaderboardSection.tsx:181:14
Error: Expected '</', got 'jsx text'
  179 |           View Full Leaderboard →
  180 |         </p>
> 181 |       </Card>
      |              ^^^^^^^^^^^^^^^^^^^^^^^^^^^^^^^^^^^^^^^^^^^^^^^^^^^^^^^^^^^^^^^^^^^^^^^^^^^^^^^^^^^^
> 182 |     </section>
      | ^^^^
  183 |   );
  184 | }
  185 |

Parsing ecmascript source code failed

Import trace:
  Server Component:
    ./components/landing/LeaderboardSection.tsx
    ./app/page.tsx @ http://localhost:3000/_next/static/chunks/node_modules_next_dist_1e8vcs8._.js:1052
[ 7349783ms] [ERROR] ./components/landing/LeaderboardSection.tsx:181:14
Error: Expected '</', got 'jsx text'
  179 |           View Full Leaderboard →
  180 |         </p>
> 181 |       </Card>
      |              ^^^^^^^^^^^^^^^^^^^^^^^^^^^^^^^^^^^^^^^^^^^^^^^^^^^^^^^^^^^^^^^^^^^^^^^^^^^^^^^^^^^^
> 182 |     </section>
      | ^^^^
  183 |   );
  184 | }
  185 |

Parsing ecmascript source code failed

Import trace:
  Server Component:
    ./components/landing/LeaderboardSection.tsx
    ./app/page.tsx @ http://localhost:3000/_next/static/chunks/node_modules_next_dist_1e8vcs8._.js:1052
[ 7349839ms] [ERROR] ./components/landing/LeaderboardSection.tsx:181:14
Error: Expected '</', got 'jsx text'
  179 |           View Full Leaderboard →
  180 |         </p>
> 181 |       </Card>
      |              ^^^^^^^^^^^^^^^^^^^^^^^^^^^^^^^^^^^^^^^^^^^^^^^^^^^^^^^^^^^^^^^^^^^^^^^^^^^^^^^^^^^^
> 182 |     </section>
      | ^^^^
  183 |   );
  184 | }
  185 |

Parsing ecmascript source code failed

Import trace:
  Server Component:
    ./components/landing/LeaderboardSection.tsx
    ./app/page.tsx @ http://localhost:3000/_next/static/chunks/node_modules_next_dist_1e8vcs8._.js:1052
[ 7349892ms] [ERROR] ./components/landing/LeaderboardSection.tsx:181:14
Error: Expected '</', got 'jsx text'
  179 |           View Full Leaderboard →
  180 |         </p>
> 181 |       </Card>
      |              ^^^^^^^^^^^^^^^^^^^^^^^^^^^^^^^^^^^^^^^^^^^^^^^^^^^^^^^^^^^^^^^^^^^^^^^^^^^^^^^^^^^^
> 182 |     </section>
      | ^^^^
  183 |   );
  184 | }
  185 |

Parsing ecmascript source code failed

Import trace:
  Server Component:
    ./components/landing/LeaderboardSection.tsx
    ./app/page.tsx @ http://localhost:3000/_next/static/chunks/node_modules_next_dist_1e8vcs8._.js:1052
[ 7349949ms] [ERROR] ./components/landing/LeaderboardSection.tsx:181:14
Error: Expected '</', got 'jsx text'
  179 |           View Full Leaderboard →
  180 |         </p>
> 181 |       </Card>
      |              ^^^^^^^^^^^^^^^^^^^^^^^^^^^^^^^^^^^^^^^^^^^^^^^^^^^^^^^^^^^^^^^^^^^^^^^^^^^^^^^^^^^^
> 182 |     </section>
      | ^^^^
  183 |   );
  184 | }
  185 |

Parsing ecmascript source code failed

Import trace:
  Server Component:
    ./components/landing/LeaderboardSection.tsx
    ./app/page.tsx @ http://localhost:3000/_next/static/chunks/node_modules_next_dist_1e8vcs8._.js:1052
[ 7350008ms] [ERROR] ./components/landing/LeaderboardSection.tsx:181:14
Error: Expected '</', got 'jsx text'
  179 |           View Full Leaderboard →
  180 |         </p>
> 181 |       </Card>
      |              ^^^^^^^^^^^^^^^^^^^^^^^^^^^^^^^^^^^^^^^^^^^^^^^^^^^^^^^^^^^^^^^^^^^^^^^^^^^^^^^^^^^^
> 182 |     </section>
      | ^^^^
  183 |   );
  184 | }
  185 |

Parsing ecmascript source code failed

Import trace:
  Server Component:
    ./components/landing/LeaderboardSection.tsx
    ./app/page.tsx @ http://localhost:3000/_next/static/chunks/node_modules_next_dist_1e8vcs8._.js:1052
[ 7350075ms] [ERROR] ./components/landing/LeaderboardSection.tsx:181:14
Error: Expected '</', got 'jsx text'
  179 |           View Full Leaderboard →
  180 |         </p>
> 181 |       </Card>
      |              ^^^^^^^^^^^^^^^^^^^^^^^^^^^^^^^^^^^^^^^^^^^^^^^^^^^^^^^^^^^^^^^^^^^^^^^^^^^^^^^^^^^^
> 182 |     </section>
      | ^^^^
  183 |   );
  184 | }
  185 |

Parsing ecmascript source code failed

Import trace:
  Server Component:
    ./components/landing/LeaderboardSection.tsx
    ./app/page.tsx @ http://localhost:3000/_next/static/chunks/node_modules_next_dist_1e8vcs8._.js:1052
[ 7350148ms] [ERROR] ./components/landing/LeaderboardSection.tsx:181:14
Error: Expected '</', got 'jsx text'
  179 |           View Full Leaderboard →
  180 |         </p>
> 181 |       </Card>
      |              ^^^^^^^^^^^^^^^^^^^^^^^^^^^^^^^^^^^^^^^^^^^^^^^^^^^^^^^^^^^^^^^^^^^^^^^^^^^^^^^^^^^^
> 182 |     </section>
      | ^^^^
  183 |   );
  184 | }
  185 |

Parsing ecmascript source code failed

Import trace:
  Server Component:
    ./components/landing/LeaderboardSection.tsx
    ./app/page.tsx @ http://localhost:3000/_next/static/chunks/node_modules_next_dist_1e8vcs8._.js:1052
[ 7350215ms] [ERROR] ./components/landing/LeaderboardSection.tsx:181:14
Error: Expected '</', got 'jsx text'
  179 |           View Full Leaderboard →
  180 |         </p>
> 181 |       </Card>
      |              ^^^^^^^^^^^^^^^^^^^^^^^^^^^^^^^^^^^^^^^^^^^^^^^^^^^^^^^^^^^^^^^^^^^^^^^^^^^^^^^^^^^^
> 182 |     </section>
      | ^^^^
  183 |   );
  184 | }
  185 |

Parsing ecmascript source code failed

Import trace:
  Server Component:
    ./components/landing/LeaderboardSection.tsx
    ./app/page.tsx @ http://localhost:3000/_next/static/chunks/node_modules_next_dist_1e8vcs8._.js:1052
[ 7350265ms] [ERROR] ./components/landing/LeaderboardSection.tsx:181:14
Error: Expected '</', got 'jsx text'
  179 |           View Full Leaderboard →
  180 |         </p>
> 181 |       </Card>
      |              ^^^^^^^^^^^^^^^^^^^^^^^^^^^^^^^^^^^^^^^^^^^^^^^^^^^^^^^^^^^^^^^^^^^^^^^^^^^^^^^^^^^^
> 182 |     </section>
      | ^^^^
  183 |   );
  184 | }
  185 |

Parsing ecmascript source code failed

Import trace:
  Server Component:
    ./components/landing/LeaderboardSection.tsx
    ./app/page.tsx @ http://localhost:3000/_next/static/chunks/node_modules_next_dist_1e8vcs8._.js:1052
[ 7350323ms] [ERROR] ./components/landing/LeaderboardSection.tsx:181:14
Error: Expected '</', got 'jsx text'
  179 |           View Full Leaderboard →
  180 |         </p>
> 181 |       </Card>
      |              ^^^^^^^^^^^^^^^^^^^^^^^^^^^^^^^^^^^^^^^^^^^^^^^^^^^^^^^^^^^^^^^^^^^^^^^^^^^^^^^^^^^^
> 182 |     </section>
      | ^^^^
  183 |   );
  184 | }
  185 |

Parsing ecmascript source code failed

Import trace:
  Server Component:
    ./components/landing/LeaderboardSection.tsx
    ./app/page.tsx @ http://localhost:3000/_next/static/chunks/node_modules_next_dist_1e8vcs8._.js:1052
[ 7350392ms] [ERROR] ./components/landing/LeaderboardSection.tsx:181:14
Error: Expected '</', got 'jsx text'
  179 |           View Full Leaderboard →
  180 |         </p>
> 181 |       </Card>
      |              ^^^^^^^^^^^^^^^^^^^^^^^^^^^^^^^^^^^^^^^^^^^^^^^^^^^^^^^^^^^^^^^^^^^^^^^^^^^^^^^^^^^^
> 182 |     </section>
      | ^^^^
  183 |   );
  184 | }
  185 |

Parsing ecmascript source code failed

Import trace:
  Server Component:
    ./components/landing/LeaderboardSection.tsx
    ./app/page.tsx @ http://localhost:3000/_next/static/chunks/node_modules_next_dist_1e8vcs8._.js:1052
[ 7350454ms] [ERROR] ./components/landing/LeaderboardSection.tsx:181:14
Error: Expected '</', got 'jsx text'
  179 |           View Full Leaderboard →
  180 |         </p>
> 181 |       </Card>
      |              ^^^^^^^^^^^^^^^^^^^^^^^^^^^^^^^^^^^^^^^^^^^^^^^^^^^^^^^^^^^^^^^^^^^^^^^^^^^^^^^^^^^^
> 182 |     </section>
      | ^^^^
  183 |   );
  184 | }
  185 |

Parsing ecmascript source code failed

Import trace:
  Server Component:
    ./components/landing/LeaderboardSection.tsx
    ./app/page.tsx @ http://localhost:3000/_next/static/chunks/node_modules_next_dist_1e8vcs8._.js:1052
[ 7350534ms] [ERROR] ./components/landing/LeaderboardSection.tsx:181:14
Error: Expected '</', got 'jsx text'
  179 |           View Full Leaderboard →
  180 |         </p>
> 181 |       </Card>
      |              ^^^^^^^^^^^^^^^^^^^^^^^^^^^^^^^^^^^^^^^^^^^^^^^^^^^^^^^^^^^^^^^^^^^^^^^^^^^^^^^^^^^^
> 182 |     </section>
      | ^^^^
  183 |   );
  184 | }
  185 |

Parsing ecmascript source code failed

Import trace:
  Server Component:
    ./components/landing/LeaderboardSection.tsx
    ./app/page.tsx @ http://localhost:3000/_next/static/chunks/node_modules_next_dist_1e8vcs8._.js:1052
[ 7350599ms] [ERROR] ./components/landing/LeaderboardSection.tsx:181:14
Error: Expected '</', got 'jsx text'
  179 |           View Full Leaderboard →
  180 |         </p>
> 181 |       </Card>
      |              ^^^^^^^^^^^^^^^^^^^^^^^^^^^^^^^^^^^^^^^^^^^^^^^^^^^^^^^^^^^^^^^^^^^^^^^^^^^^^^^^^^^^
> 182 |     </section>
      | ^^^^
  183 |   );
  184 | }
  185 |

Parsing ecmascript source code failed

Import trace:
  Server Component:
    ./components/landing/LeaderboardSection.tsx
    ./app/page.tsx @ http://localhost:3000/_next/static/chunks/node_modules_next_dist_1e8vcs8._.js:1052
[ 7350676ms] [ERROR] ./components/landing/LeaderboardSection.tsx:181:14
Error: Expected '</', got 'jsx text'
  179 |           View Full Leaderboard →
  180 |         </p>
> 181 |       </Card>
      |              ^^^^^^^^^^^^^^^^^^^^^^^^^^^^^^^^^^^^^^^^^^^^^^^^^^^^^^^^^^^^^^^^^^^^^^^^^^^^^^^^^^^^
> 182 |     </section>
      | ^^^^
  183 |   );
  184 | }
  185 |

Parsing ecmascript source code failed

Import trace:
  Server Component:
    ./components/landing/LeaderboardSection.tsx
    ./app/page.tsx @ http://localhost:3000/_next/static/chunks/node_modules_next_dist_1e8vcs8._.js:1052
[ 7350733ms] [ERROR] ./components/landing/LeaderboardSection.tsx:181:14
Error: Expected '</', got 'jsx text'
  179 |           View Full Leaderboard →
  180 |         </p>
> 181 |       </Card>
      |              ^^^^^^^^^^^^^^^^^^^^^^^^^^^^^^^^^^^^^^^^^^^^^^^^^^^^^^^^^^^^^^^^^^^^^^^^^^^^^^^^^^^^
> 182 |     </section>
      | ^^^^
  183 |   );
  184 | }
  185 |

Parsing ecmascript source code failed

Import trace:
  Server Component:
    ./components/landing/LeaderboardSection.tsx
    ./app/page.tsx @ http://localhost:3000/_next/static/chunks/node_modules_next_dist_1e8vcs8._.js:1052
[ 7350791ms] [ERROR] ./components/landing/LeaderboardSection.tsx:181:14
Error: Expected '</', got 'jsx text'
  179 |           View Full Leaderboard →
  180 |         </p>
> 181 |       </Card>
      |              ^^^^^^^^^^^^^^^^^^^^^^^^^^^^^^^^^^^^^^^^^^^^^^^^^^^^^^^^^^^^^^^^^^^^^^^^^^^^^^^^^^^^
> 182 |     </section>
      | ^^^^
  183 |   );
  184 | }
  185 |

Parsing ecmascript source code failed

Import trace:
  Server Component:
    ./components/landing/LeaderboardSection.tsx
    ./app/page.tsx @ http://localhost:3000/_next/static/chunks/node_modules_next_dist_1e8vcs8._.js:1052
[ 7350841ms] [ERROR] ./components/landing/LeaderboardSection.tsx:181:14
Error: Expected '</', got 'jsx text'
  179 |           View Full Leaderboard →
  180 |         </p>
> 181 |       </Card>
      |              ^^^^^^^^^^^^^^^^^^^^^^^^^^^^^^^^^^^^^^^^^^^^^^^^^^^^^^^^^^^^^^^^^^^^^^^^^^^^^^^^^^^^
> 182 |     </section>
      | ^^^^
  183 |   );
  184 | }
  185 |

Parsing ecmascript source code failed

Import trace:
  Server Component:
    ./components/landing/LeaderboardSection.tsx
    ./app/page.tsx @ http://localhost:3000/_next/static/chunks/node_modules_next_dist_1e8vcs8._.js:1052
[ 7350908ms] [ERROR] ./components/landing/LeaderboardSection.tsx:181:14
Error: Expected '</', got 'jsx text'
  179 |           View Full Leaderboard →
  180 |         </p>
> 181 |       </Card>
      |              ^^^^^^^^^^^^^^^^^^^^^^^^^^^^^^^^^^^^^^^^^^^^^^^^^^^^^^^^^^^^^^^^^^^^^^^^^^^^^^^^^^^^
> 182 |     </section>
      | ^^^^
  183 |   );
  184 | }
  185 |

Parsing ecmascript source code failed

Import trace:
  Server Component:
    ./components/landing/LeaderboardSection.tsx
    ./app/page.tsx @ http://localhost:3000/_next/static/chunks/node_modules_next_dist_1e8vcs8._.js:1052
[ 7350976ms] [ERROR] ./components/landing/LeaderboardSection.tsx:181:14
Error: Expected '</', got 'jsx text'
  179 |           View Full Leaderboard →
  180 |         </p>
> 181 |       </Card>
      |              ^^^^^^^^^^^^^^^^^^^^^^^^^^^^^^^^^^^^^^^^^^^^^^^^^^^^^^^^^^^^^^^^^^^^^^^^^^^^^^^^^^^^
> 182 |     </section>
      | ^^^^
  183 |   );
  184 | }
  185 |

Parsing ecmascript source code failed

Import trace:
  Server Component:
    ./components/landing/LeaderboardSection.tsx
    ./app/page.tsx @ http://localhost:3000/_next/static/chunks/node_modules_next_dist_1e8vcs8._.js:1052
[ 7351049ms] [ERROR] ./components/landing/LeaderboardSection.tsx:181:14
Error: Expected '</', got 'jsx text'
  179 |           View Full Leaderboard →
  180 |         </p>
> 181 |       </Card>
      |              ^^^^^^^^^^^^^^^^^^^^^^^^^^^^^^^^^^^^^^^^^^^^^^^^^^^^^^^^^^^^^^^^^^^^^^^^^^^^^^^^^^^^
> 182 |     </section>
      | ^^^^
  183 |   );
  184 | }
  185 |

Parsing ecmascript source code failed

Import trace:
  Server Component:
    ./components/landing/LeaderboardSection.tsx
    ./app/page.tsx @ http://localhost:3000/_next/static/chunks/node_modules_next_dist_1e8vcs8._.js:1052
[ 7351109ms] [ERROR] ./components/landing/LeaderboardSection.tsx:181:14
Error: Expected '</', got 'jsx text'
  179 |           View Full Leaderboard →
  180 |         </p>
> 181 |       </Card>
      |              ^^^^^^^^^^^^^^^^^^^^^^^^^^^^^^^^^^^^^^^^^^^^^^^^^^^^^^^^^^^^^^^^^^^^^^^^^^^^^^^^^^^^
> 182 |     </section>
      | ^^^^
  183 |   );
  184 | }
  185 |

Parsing ecmascript source code failed

Import trace:
  Server Component:
    ./components/landing/LeaderboardSection.tsx
    ./app/page.tsx @ http://localhost:3000/_next/static/chunks/node_modules_next_dist_1e8vcs8._.js:1052
[ 7351168ms] [ERROR] ./components/landing/LeaderboardSection.tsx:181:14
Error: Expected '</', got 'jsx text'
  179 |           View Full Leaderboard →
  180 |         </p>
> 181 |       </Card>
      |              ^^^^^^^^^^^^^^^^^^^^^^^^^^^^^^^^^^^^^^^^^^^^^^^^^^^^^^^^^^^^^^^^^^^^^^^^^^^^^^^^^^^^
> 182 |     </section>
      | ^^^^
  183 |   );
  184 | }
  185 |

Parsing ecmascript source code failed

Import trace:
  Server Component:
    ./components/landing/LeaderboardSection.tsx
    ./app/page.tsx @ http://localhost:3000/_next/static/chunks/node_modules_next_dist_1e8vcs8._.js:1052
[ 7351226ms] [ERROR] ./components/landing/LeaderboardSection.tsx:181:14
Error: Expected '</', got 'jsx text'
  179 |           View Full Leaderboard →
  180 |         </p>
> 181 |       </Card>
      |              ^^^^^^^^^^^^^^^^^^^^^^^^^^^^^^^^^^^^^^^^^^^^^^^^^^^^^^^^^^^^^^^^^^^^^^^^^^^^^^^^^^^^
> 182 |     </section>
      | ^^^^
  183 |   );
  184 | }
  185 |

Parsing ecmascript source code failed

Import trace:
  Server Component:
    ./components/landing/LeaderboardSection.tsx
    ./app/page.tsx @ http://localhost:3000/_next/static/chunks/node_modules_next_dist_1e8vcs8._.js:1052
[ 7351282ms] [ERROR] ./components/landing/LeaderboardSection.tsx:181:14
Error: Expected '</', got 'jsx text'
  179 |           View Full Leaderboard →
  180 |         </p>
> 181 |       </Card>
      |              ^^^^^^^^^^^^^^^^^^^^^^^^^^^^^^^^^^^^^^^^^^^^^^^^^^^^^^^^^^^^^^^^^^^^^^^^^^^^^^^^^^^^
> 182 |     </section>
      | ^^^^
  183 |   );
  184 | }
  185 |

Parsing ecmascript source code failed

Import trace:
  Server Component:
    ./components/landing/LeaderboardSection.tsx
    ./app/page.tsx @ http://localhost:3000/_next/static/chunks/node_modules_next_dist_1e8vcs8._.js:1052
[ 7351340ms] [ERROR] ./components/landing/LeaderboardSection.tsx:181:14
Error: Expected '</', got 'jsx text'
  179 |           View Full Leaderboard →
  180 |         </p>
> 181 |       </Card>
      |              ^^^^^^^^^^^^^^^^^^^^^^^^^^^^^^^^^^^^^^^^^^^^^^^^^^^^^^^^^^^^^^^^^^^^^^^^^^^^^^^^^^^^
> 182 |     </section>
      | ^^^^
  183 |   );
  184 | }
  185 |

Parsing ecmascript source code failed

Import trace:
  Server Component:
    ./components/landing/LeaderboardSection.tsx
    ./app/page.tsx @ http://localhost:3000/_next/static/chunks/node_modules_next_dist_1e8vcs8._.js:1052
[ 7351403ms] [ERROR] ./components/landing/LeaderboardSection.tsx:181:14
Error: Expected '</', got 'jsx text'
  179 |           View Full Leaderboard →
  180 |         </p>
> 181 |       </Card>
      |              ^^^^^^^^^^^^^^^^^^^^^^^^^^^^^^^^^^^^^^^^^^^^^^^^^^^^^^^^^^^^^^^^^^^^^^^^^^^^^^^^^^^^
> 182 |     </section>
      | ^^^^
  183 |   );
  184 | }
  185 |

Parsing ecmascript source code failed

Import trace:
  Server Component:
    ./components/landing/LeaderboardSection.tsx
    ./app/page.tsx @ http://localhost:3000/_next/static/chunks/node_modules_next_dist_1e8vcs8._.js:1052
[ 7351458ms] [ERROR] ./components/landing/LeaderboardSection.tsx:181:14
Error: Expected '</', got 'jsx text'
  179 |           View Full Leaderboard →
  180 |         </p>
> 181 |       </Card>
      |              ^^^^^^^^^^^^^^^^^^^^^^^^^^^^^^^^^^^^^^^^^^^^^^^^^^^^^^^^^^^^^^^^^^^^^^^^^^^^^^^^^^^^
> 182 |     </section>
      | ^^^^
  183 |   );
  184 | }
  185 |

Parsing ecmascript source code failed

Import trace:
  Server Component:
    ./components/landing/LeaderboardSection.tsx
    ./app/page.tsx @ http://localhost:3000/_next/static/chunks/node_modules_next_dist_1e8vcs8._.js:1052
[ 7351525ms] [ERROR] ./components/landing/LeaderboardSection.tsx:181:14
Error: Expected '</', got 'jsx text'
  179 |           View Full Leaderboard →
  180 |         </p>
> 181 |       </Card>
      |              ^^^^^^^^^^^^^^^^^^^^^^^^^^^^^^^^^^^^^^^^^^^^^^^^^^^^^^^^^^^^^^^^^^^^^^^^^^^^^^^^^^^^
> 182 |     </section>
      | ^^^^
  183 |   );
  184 | }
  185 |

Parsing ecmascript source code failed

Import trace:
  Server Component:
    ./components/landing/LeaderboardSection.tsx
    ./app/page.tsx @ http://localhost:3000/_next/static/chunks/node_modules_next_dist_1e8vcs8._.js:1052
[ 7351584ms] [ERROR] ./components/landing/LeaderboardSection.tsx:181:14
Error: Expected '</', got 'jsx text'
  179 |           View Full Leaderboard →
  180 |         </p>
> 181 |       </Card>
      |              ^^^^^^^^^^^^^^^^^^^^^^^^^^^^^^^^^^^^^^^^^^^^^^^^^^^^^^^^^^^^^^^^^^^^^^^^^^^^^^^^^^^^
> 182 |     </section>
      | ^^^^
  183 |   );
  184 | }
  185 |

Parsing ecmascript source code failed

Import trace:
  Server Component:
    ./components/landing/LeaderboardSection.tsx
    ./app/page.tsx @ http://localhost:3000/_next/static/chunks/node_modules_next_dist_1e8vcs8._.js:1052
[ 7351642ms] [ERROR] ./components/landing/LeaderboardSection.tsx:181:14
Error: Expected '</', got 'jsx text'
  179 |           View Full Leaderboard →
  180 |         </p>
> 181 |       </Card>
      |              ^^^^^^^^^^^^^^^^^^^^^^^^^^^^^^^^^^^^^^^^^^^^^^^^^^^^^^^^^^^^^^^^^^^^^^^^^^^^^^^^^^^^
> 182 |     </section>
      | ^^^^
  183 |   );
  184 | }
  185 |

Parsing ecmascript source code failed

Import trace:
  Server Component:
    ./components/landing/LeaderboardSection.tsx
    ./app/page.tsx @ http://localhost:3000/_next/static/chunks/node_modules_next_dist_1e8vcs8._.js:1052
[ 7351707ms] [ERROR] ./components/landing/LeaderboardSection.tsx:181:14
Error: Expected '</', got 'jsx text'
  179 |           View Full Leaderboard →
  180 |         </p>
> 181 |       </Card>
      |              ^^^^^^^^^^^^^^^^^^^^^^^^^^^^^^^^^^^^^^^^^^^^^^^^^^^^^^^^^^^^^^^^^^^^^^^^^^^^^^^^^^^^
> 182 |     </section>
      | ^^^^
  183 |   );
  184 | }
  185 |

Parsing ecmascript source code failed

Import trace:
  Server Component:
    ./components/landing/LeaderboardSection.tsx
    ./app/page.tsx @ http://localhost:3000/_next/static/chunks/node_modules_next_dist_1e8vcs8._.js:1052
[ 7351767ms] [ERROR] ./components/landing/LeaderboardSection.tsx:181:14
Error: Expected '</', got 'jsx text'
  179 |           View Full Leaderboard →
  180 |         </p>
> 181 |       </Card>
      |              ^^^^^^^^^^^^^^^^^^^^^^^^^^^^^^^^^^^^^^^^^^^^^^^^^^^^^^^^^^^^^^^^^^^^^^^^^^^^^^^^^^^^
> 182 |     </section>
      | ^^^^
  183 |   );
  184 | }
  185 |

Parsing ecmascript source code failed

Import trace:
  Server Component:
    ./components/landing/LeaderboardSection.tsx
    ./app/page.tsx @ http://localhost:3000/_next/static/chunks/node_modules_next_dist_1e8vcs8._.js:1052
[ 7351823ms] [ERROR] ./components/landing/LeaderboardSection.tsx:181:14
Error: Expected '</', got 'jsx text'
  179 |           View Full Leaderboard →
  180 |         </p>
> 181 |       </Card>
      |              ^^^^^^^^^^^^^^^^^^^^^^^^^^^^^^^^^^^^^^^^^^^^^^^^^^^^^^^^^^^^^^^^^^^^^^^^^^^^^^^^^^^^
> 182 |     </section>
      | ^^^^
  183 |   );
  184 | }
  185 |

Parsing ecmascript source code failed

Import trace:
  Server Component:
    ./components/landing/LeaderboardSection.tsx
    ./app/page.tsx @ http://localhost:3000/_next/static/chunks/node_modules_next_dist_1e8vcs8._.js:1052
[ 7351882ms] [ERROR] ./components/landing/LeaderboardSection.tsx:181:14
Error: Expected '</', got 'jsx text'
  179 |           View Full Leaderboard →
  180 |         </p>
> 181 |       </Card>
      |              ^^^^^^^^^^^^^^^^^^^^^^^^^^^^^^^^^^^^^^^^^^^^^^^^^^^^^^^^^^^^^^^^^^^^^^^^^^^^^^^^^^^^
> 182 |     </section>
      | ^^^^
  183 |   );
  184 | }
  185 |

Parsing ecmascript source code failed

Import trace:
  Server Component:
    ./components/landing/LeaderboardSection.tsx
    ./app/page.tsx @ http://localhost:3000/_next/static/chunks/node_modules_next_dist_1e8vcs8._.js:1052
[ 7351951ms] [ERROR] ./components/landing/LeaderboardSection.tsx:181:14
Error: Expected '</', got 'jsx text'
  179 |           View Full Leaderboard →
  180 |         </p>
> 181 |       </Card>
      |              ^^^^^^^^^^^^^^^^^^^^^^^^^^^^^^^^^^^^^^^^^^^^^^^^^^^^^^^^^^^^^^^^^^^^^^^^^^^^^^^^^^^^
> 182 |     </section>
      | ^^^^
  183 |   );
  184 | }
  185 |

Parsing ecmascript source code failed

Import trace:
  Server Component:
    ./components/landing/LeaderboardSection.tsx
    ./app/page.tsx @ http://localhost:3000/_next/static/chunks/node_modules_next_dist_1e8vcs8._.js:1052
[ 7352008ms] [ERROR] ./components/landing/LeaderboardSection.tsx:181:14
Error: Expected '</', got 'jsx text'
  179 |           View Full Leaderboard →
  180 |         </p>
> 181 |       </Card>
      |              ^^^^^^^^^^^^^^^^^^^^^^^^^^^^^^^^^^^^^^^^^^^^^^^^^^^^^^^^^^^^^^^^^^^^^^^^^^^^^^^^^^^^
> 182 |     </section>
      | ^^^^
  183 |   );
  184 | }
  185 |

Parsing ecmascript source code failed

Import trace:
  Server Component:
    ./components/landing/LeaderboardSection.tsx
    ./app/page.tsx @ http://localhost:3000/_next/static/chunks/node_modules_next_dist_1e8vcs8._.js:1052
[ 7352066ms] [ERROR] ./components/landing/LeaderboardSection.tsx:181:14
Error: Expected '</', got 'jsx text'
  179 |           View Full Leaderboard →
  180 |         </p>
> 181 |       </Card>
      |              ^^^^^^^^^^^^^^^^^^^^^^^^^^^^^^^^^^^^^^^^^^^^^^^^^^^^^^^^^^^^^^^^^^^^^^^^^^^^^^^^^^^^
> 182 |     </section>
      | ^^^^
  183 |   );
  184 | }
  185 |

Parsing ecmascript source code failed

Import trace:
  Server Component:
    ./components/landing/LeaderboardSection.tsx
    ./app/page.tsx @ http://localhost:3000/_next/static/chunks/node_modules_next_dist_1e8vcs8._.js:1052
[ 7352122ms] [ERROR] ./components/landing/LeaderboardSection.tsx:181:14
Error: Expected '</', got 'jsx text'
  179 |           View Full Leaderboard →
  180 |         </p>
> 181 |       </Card>
      |              ^^^^^^^^^^^^^^^^^^^^^^^^^^^^^^^^^^^^^^^^^^^^^^^^^^^^^^^^^^^^^^^^^^^^^^^^^^^^^^^^^^^^
> 182 |     </section>
      | ^^^^
  183 |   );
  184 | }
  185 |

Parsing ecmascript source code failed

Import trace:
  Server Component:
    ./components/landing/LeaderboardSection.tsx
    ./app/page.tsx @ http://localhost:3000/_next/static/chunks/node_modules_next_dist_1e8vcs8._.js:1052
[ 7352203ms] [ERROR] ./components/landing/LeaderboardSection.tsx:181:14
Error: Expected '</', got 'jsx text'
  179 |           View Full Leaderboard →
  180 |         </p>
> 181 |       </Card>
      |              ^^^^^^^^^^^^^^^^^^^^^^^^^^^^^^^^^^^^^^^^^^^^^^^^^^^^^^^^^^^^^^^^^^^^^^^^^^^^^^^^^^^^
> 182 |     </section>
      | ^^^^
  183 |   );
  184 | }
  185 |

Parsing ecmascript source code failed

Import trace:
  Server Component:
    ./components/landing/LeaderboardSection.tsx
    ./app/page.tsx @ http://localhost:3000/_next/static/chunks/node_modules_next_dist_1e8vcs8._.js:1052
[ 7352271ms] [ERROR] ./components/landing/LeaderboardSection.tsx:181:14
Error: Expected '</', got 'jsx text'
  179 |           View Full Leaderboard →
  180 |         </p>
> 181 |       </Card>
      |              ^^^^^^^^^^^^^^^^^^^^^^^^^^^^^^^^^^^^^^^^^^^^^^^^^^^^^^^^^^^^^^^^^^^^^^^^^^^^^^^^^^^^
> 182 |     </section>
      | ^^^^
  183 |   );
  184 | }
  185 |

Parsing ecmascript source code failed

Import trace:
  Server Component:
    ./components/landing/LeaderboardSection.tsx
    ./app/page.tsx @ http://localhost:3000/_next/static/chunks/node_modules_next_dist_1e8vcs8._.js:1052
[ 7352334ms] [ERROR] ./components/landing/LeaderboardSection.tsx:181:14
Error: Expected '</', got 'jsx text'
  179 |           View Full Leaderboard →
  180 |         </p>
> 181 |       </Card>
      |              ^^^^^^^^^^^^^^^^^^^^^^^^^^^^^^^^^^^^^^^^^^^^^^^^^^^^^^^^^^^^^^^^^^^^^^^^^^^^^^^^^^^^
> 182 |     </section>
      | ^^^^
  183 |   );
  184 | }
  185 |

Parsing ecmascript source code failed

Import trace:
  Server Component:
    ./components/landing/LeaderboardSection.tsx
    ./app/page.tsx @ http://localhost:3000/_next/static/chunks/node_modules_next_dist_1e8vcs8._.js:1052
[ 7352396ms] [ERROR] ./components/landing/LeaderboardSection.tsx:181:14
Error: Expected '</', got 'jsx text'
  179 |           View Full Leaderboard →
  180 |         </p>
> 181 |       </Card>
      |              ^^^^^^^^^^^^^^^^^^^^^^^^^^^^^^^^^^^^^^^^^^^^^^^^^^^^^^^^^^^^^^^^^^^^^^^^^^^^^^^^^^^^
> 182 |     </section>
      | ^^^^
  183 |   );
  184 | }
  185 |

Parsing ecmascript source code failed

Import trace:
  Server Component:
    ./components/landing/LeaderboardSection.tsx
    ./app/page.tsx @ http://localhost:3000/_next/static/chunks/node_modules_next_dist_1e8vcs8._.js:1052
[ 7352466ms] [ERROR] ./components/landing/LeaderboardSection.tsx:181:14
Error: Expected '</', got 'jsx text'
  179 |           View Full Leaderboard →
  180 |         </p>
> 181 |       </Card>
      |              ^^^^^^^^^^^^^^^^^^^^^^^^^^^^^^^^^^^^^^^^^^^^^^^^^^^^^^^^^^^^^^^^^^^^^^^^^^^^^^^^^^^^
> 182 |     </section>
      | ^^^^
  183 |   );
  184 | }
  185 |

Parsing ecmascript source code failed

Import trace:
  Server Component:
    ./components/landing/LeaderboardSection.tsx
    ./app/page.tsx @ http://localhost:3000/_next/static/chunks/node_modules_next_dist_1e8vcs8._.js:1052
[ 7352516ms] [ERROR] ./components/landing/LeaderboardSection.tsx:181:14
Error: Expected '</', got 'jsx text'
  179 |           View Full Leaderboard →
  180 |         </p>
> 181 |       </Card>
      |              ^^^^^^^^^^^^^^^^^^^^^^^^^^^^^^^^^^^^^^^^^^^^^^^^^^^^^^^^^^^^^^^^^^^^^^^^^^^^^^^^^^^^
> 182 |     </section>
      | ^^^^
  183 |   );
  184 | }
  185 |

Parsing ecmascript source code failed

Import trace:
  Server Component:
    ./components/landing/LeaderboardSection.tsx
    ./app/page.tsx @ http://localhost:3000/_next/static/chunks/node_modules_next_dist_1e8vcs8._.js:1052
[ 7352585ms] [ERROR] ./components/landing/LeaderboardSection.tsx:181:14
Error: Expected '</', got 'jsx text'
  179 |           View Full Leaderboard →
  180 |         </p>
> 181 |       </Card>
      |              ^^^^^^^^^^^^^^^^^^^^^^^^^^^^^^^^^^^^^^^^^^^^^^^^^^^^^^^^^^^^^^^^^^^^^^^^^^^^^^^^^^^^
> 182 |     </section>
      | ^^^^
  183 |   );
  184 | }
  185 |

Parsing ecmascript source code failed

Import trace:
  Server Component:
    ./components/landing/LeaderboardSection.tsx
    ./app/page.tsx @ http://localhost:3000/_next/static/chunks/node_modules_next_dist_1e8vcs8._.js:1052
[ 7352639ms] [ERROR] ./components/landing/LeaderboardSection.tsx:181:14
Error: Expected '</', got 'jsx text'
  179 |           View Full Leaderboard →
  180 |         </p>
> 181 |       </Card>
      |              ^^^^^^^^^^^^^^^^^^^^^^^^^^^^^^^^^^^^^^^^^^^^^^^^^^^^^^^^^^^^^^^^^^^^^^^^^^^^^^^^^^^^
> 182 |     </section>
      | ^^^^
  183 |   );
  184 | }
  185 |

Parsing ecmascript source code failed

Import trace:
  Server Component:
    ./components/landing/LeaderboardSection.tsx
    ./app/page.tsx @ http://localhost:3000/_next/static/chunks/node_modules_next_dist_1e8vcs8._.js:1052
[ 7352707ms] [ERROR] ./components/landing/LeaderboardSection.tsx:181:14
Error: Expected '</', got 'jsx text'
  179 |           View Full Leaderboard →
  180 |         </p>
> 181 |       </Card>
      |              ^^^^^^^^^^^^^^^^^^^^^^^^^^^^^^^^^^^^^^^^^^^^^^^^^^^^^^^^^^^^^^^^^^^^^^^^^^^^^^^^^^^^
> 182 |     </section>
      | ^^^^
  183 |   );
  184 | }
  185 |

Parsing ecmascript source code failed

Import trace:
  Server Component:
    ./components/landing/LeaderboardSection.tsx
    ./app/page.tsx @ http://localhost:3000/_next/static/chunks/node_modules_next_dist_1e8vcs8._.js:1052
[ 7352767ms] [ERROR] ./components/landing/LeaderboardSection.tsx:181:14
Error: Expected '</', got 'jsx text'
  179 |           View Full Leaderboard →
  180 |         </p>
> 181 |       </Card>
      |              ^^^^^^^^^^^^^^^^^^^^^^^^^^^^^^^^^^^^^^^^^^^^^^^^^^^^^^^^^^^^^^^^^^^^^^^^^^^^^^^^^^^^
> 182 |     </section>
      | ^^^^
  183 |   );
  184 | }
  185 |

Parsing ecmascript source code failed

Import trace:
  Server Component:
    ./components/landing/LeaderboardSection.tsx
    ./app/page.tsx @ http://localhost:3000/_next/static/chunks/node_modules_next_dist_1e8vcs8._.js:1052
[ 7352833ms] [ERROR] ./components/landing/LeaderboardSection.tsx:181:14
Error: Expected '</', got 'jsx text'
  179 |           View Full Leaderboard →
  180 |         </p>
> 181 |       </Card>
      |              ^^^^^^^^^^^^^^^^^^^^^^^^^^^^^^^^^^^^^^^^^^^^^^^^^^^^^^^^^^^^^^^^^^^^^^^^^^^^^^^^^^^^
> 182 |     </section>
      | ^^^^
  183 |   );
  184 | }
  185 |

Parsing ecmascript source code failed

Import trace:
  Server Component:
    ./components/landing/LeaderboardSection.tsx
    ./app/page.tsx @ http://localhost:3000/_next/static/chunks/node_modules_next_dist_1e8vcs8._.js:1052
[ 7352900ms] [ERROR] ./components/landing/LeaderboardSection.tsx:181:14
Error: Expected '</', got 'jsx text'
  179 |           View Full Leaderboard →
  180 |         </p>
> 181 |       </Card>
      |              ^^^^^^^^^^^^^^^^^^^^^^^^^^^^^^^^^^^^^^^^^^^^^^^^^^^^^^^^^^^^^^^^^^^^^^^^^^^^^^^^^^^^
> 182 |     </section>
      | ^^^^
  183 |   );
  184 | }
  185 |

Parsing ecmascript source code failed

Import trace:
  Server Component:
    ./components/landing/LeaderboardSection.tsx
    ./app/page.tsx @ http://localhost:3000/_next/static/chunks/node_modules_next_dist_1e8vcs8._.js:1052
[ 7352957ms] [ERROR] ./components/landing/LeaderboardSection.tsx:181:14
Error: Expected '</', got 'jsx text'
  179 |           View Full Leaderboard →
  180 |         </p>
> 181 |       </Card>
      |              ^^^^^^^^^^^^^^^^^^^^^^^^^^^^^^^^^^^^^^^^^^^^^^^^^^^^^^^^^^^^^^^^^^^^^^^^^^^^^^^^^^^^
> 182 |     </section>
      | ^^^^
  183 |   );
  184 | }
  185 |

Parsing ecmascript source code failed

Import trace:
  Server Component:
    ./components/landing/LeaderboardSection.tsx
    ./app/page.tsx @ http://localhost:3000/_next/static/chunks/node_modules_next_dist_1e8vcs8._.js:1052
[ 7353020ms] [ERROR] ./components/landing/LeaderboardSection.tsx:181:14
Error: Expected '</', got 'jsx text'
  179 |           View Full Leaderboard →
  180 |         </p>
> 181 |       </Card>
      |              ^^^^^^^^^^^^^^^^^^^^^^^^^^^^^^^^^^^^^^^^^^^^^^^^^^^^^^^^^^^^^^^^^^^^^^^^^^^^^^^^^^^^
> 182 |     </section>
      | ^^^^
  183 |   );
  184 | }
  185 |

Parsing ecmascript source code failed

Import trace:
  Server Component:
    ./components/landing/LeaderboardSection.tsx
    ./app/page.tsx @ http://localhost:3000/_next/static/chunks/node_modules_next_dist_1e8vcs8._.js:1052
[ 7353073ms] [ERROR] ./components/landing/LeaderboardSection.tsx:181:14
Error: Expected '</', got 'jsx text'
  179 |           View Full Leaderboard →
  180 |         </p>
> 181 |       </Card>
      |              ^^^^^^^^^^^^^^^^^^^^^^^^^^^^^^^^^^^^^^^^^^^^^^^^^^^^^^^^^^^^^^^^^^^^^^^^^^^^^^^^^^^^
> 182 |     </section>
      | ^^^^
  183 |   );
  184 | }
  185 |

Parsing ecmascript source code failed

Import trace:
  Server Component:
    ./components/landing/LeaderboardSection.tsx
    ./app/page.tsx @ http://localhost:3000/_next/static/chunks/node_modules_next_dist_1e8vcs8._.js:1052
[ 7353134ms] [ERROR] ./components/landing/LeaderboardSection.tsx:181:14
Error: Expected '</', got 'jsx text'
  179 |           View Full Leaderboard →
  180 |         </p>
> 181 |       </Card>
      |              ^^^^^^^^^^^^^^^^^^^^^^^^^^^^^^^^^^^^^^^^^^^^^^^^^^^^^^^^^^^^^^^^^^^^^^^^^^^^^^^^^^^^
> 182 |     </section>
      | ^^^^
  183 |   );
  184 | }
  185 |

Parsing ecmascript source code failed

Import trace:
  Server Component:
    ./components/landing/LeaderboardSection.tsx
    ./app/page.tsx @ http://localhost:3000/_next/static/chunks/node_modules_next_dist_1e8vcs8._.js:1052
[ 7353201ms] [ERROR] ./components/landing/LeaderboardSection.tsx:181:14
Error: Expected '</', got 'jsx text'
  179 |           View Full Leaderboard →
  180 |         </p>
> 181 |       </Card>
      |              ^^^^^^^^^^^^^^^^^^^^^^^^^^^^^^^^^^^^^^^^^^^^^^^^^^^^^^^^^^^^^^^^^^^^^^^^^^^^^^^^^^^^
> 182 |     </section>
      | ^^^^
  183 |   );
  184 | }
  185 |

Parsing ecmascript source code failed

Import trace:
  Server Component:
    ./components/landing/LeaderboardSection.tsx
    ./app/page.tsx @ http://localhost:3000/_next/static/chunks/node_modules_next_dist_1e8vcs8._.js:1052
[ 7353258ms] [ERROR] ./components/landing/LeaderboardSection.tsx:181:14
Error: Expected '</', got 'jsx text'
  179 |           View Full Leaderboard →
  180 |         </p>
> 181 |       </Card>
      |              ^^^^^^^^^^^^^^^^^^^^^^^^^^^^^^^^^^^^^^^^^^^^^^^^^^^^^^^^^^^^^^^^^^^^^^^^^^^^^^^^^^^^
> 182 |     </section>
      | ^^^^
  183 |   );
  184 | }
  185 |

Parsing ecmascript source code failed

Import trace:
  Server Component:
    ./components/landing/LeaderboardSection.tsx
    ./app/page.tsx @ http://localhost:3000/_next/static/chunks/node_modules_next_dist_1e8vcs8._.js:1052
[ 7353309ms] [ERROR] ./components/landing/LeaderboardSection.tsx:181:14
Error: Expected '</', got 'jsx text'
  179 |           View Full Leaderboard →
  180 |         </p>
> 181 |       </Card>
      |              ^^^^^^^^^^^^^^^^^^^^^^^^^^^^^^^^^^^^^^^^^^^^^^^^^^^^^^^^^^^^^^^^^^^^^^^^^^^^^^^^^^^^
> 182 |     </section>
      | ^^^^
  183 |   );
  184 | }
  185 |

Parsing ecmascript source code failed

Import trace:
  Server Component:
    ./components/landing/LeaderboardSection.tsx
    ./app/page.tsx @ http://localhost:3000/_next/static/chunks/node_modules_next_dist_1e8vcs8._.js:1052
[ 7353373ms] [ERROR] ./components/landing/LeaderboardSection.tsx:181:14
Error: Expected '</', got 'jsx text'
  179 |           View Full Leaderboard →
  180 |         </p>
> 181 |       </Card>
      |              ^^^^^^^^^^^^^^^^^^^^^^^^^^^^^^^^^^^^^^^^^^^^^^^^^^^^^^^^^^^^^^^^^^^^^^^^^^^^^^^^^^^^
> 182 |     </section>
      | ^^^^
  183 |   );
  184 | }
  185 |

Parsing ecmascript source code failed

Import trace:
  Server Component:
    ./components/landing/LeaderboardSection.tsx
    ./app/page.tsx @ http://localhost:3000/_next/static/chunks/node_modules_next_dist_1e8vcs8._.js:1052
[ 7353433ms] [ERROR] ./components/landing/LeaderboardSection.tsx:181:14
Error: Expected '</', got 'jsx text'
  179 |           View Full Leaderboard →
  180 |         </p>
> 181 |       </Card>
      |              ^^^^^^^^^^^^^^^^^^^^^^^^^^^^^^^^^^^^^^^^^^^^^^^^^^^^^^^^^^^^^^^^^^^^^^^^^^^^^^^^^^^^
> 182 |     </section>
      | ^^^^
  183 |   );
  184 | }
  185 |

Parsing ecmascript source code failed

Import trace:
  Server Component:
    ./components/landing/LeaderboardSection.tsx
    ./app/page.tsx @ http://localhost:3000/_next/static/chunks/node_modules_next_dist_1e8vcs8._.js:1052
[ 7353499ms] [ERROR] ./components/landing/LeaderboardSection.tsx:181:14
Error: Expected '</', got 'jsx text'
  179 |           View Full Leaderboard →
  180 |         </p>
> 181 |       </Card>
      |              ^^^^^^^^^^^^^^^^^^^^^^^^^^^^^^^^^^^^^^^^^^^^^^^^^^^^^^^^^^^^^^^^^^^^^^^^^^^^^^^^^^^^
> 182 |     </section>
      | ^^^^
  183 |   );
  184 | }
  185 |

Parsing ecmascript source code failed

Import trace:
  Server Component:
    ./components/landing/LeaderboardSection.tsx
    ./app/page.tsx @ http://localhost:3000/_next/static/chunks/node_modules_next_dist_1e8vcs8._.js:1052
[ 7353550ms] [ERROR] ./components/landing/LeaderboardSection.tsx:181:14
Error: Expected '</', got 'jsx text'
  179 |           View Full Leaderboard →
  180 |         </p>
> 181 |       </Card>
      |              ^^^^^^^^^^^^^^^^^^^^^^^^^^^^^^^^^^^^^^^^^^^^^^^^^^^^^^^^^^^^^^^^^^^^^^^^^^^^^^^^^^^^
> 182 |     </section>
      | ^^^^
  183 |   );
  184 | }
  185 |

Parsing ecmascript source code failed

Import trace:
  Server Component:
    ./components/landing/LeaderboardSection.tsx
    ./app/page.tsx @ http://localhost:3000/_next/static/chunks/node_modules_next_dist_1e8vcs8._.js:1052
[ 7353606ms] [ERROR] ./components/landing/LeaderboardSection.tsx:181:14
Error: Expected '</', got 'jsx text'
  179 |           View Full Leaderboard →
  180 |         </p>
> 181 |       </Card>
      |              ^^^^^^^^^^^^^^^^^^^^^^^^^^^^^^^^^^^^^^^^^^^^^^^^^^^^^^^^^^^^^^^^^^^^^^^^^^^^^^^^^^^^
> 182 |     </section>
      | ^^^^
  183 |   );
  184 | }
  185 |

Parsing ecmascript source code failed

Import trace:
  Server Component:
    ./components/landing/LeaderboardSection.tsx
    ./app/page.tsx @ http://localhost:3000/_next/static/chunks/node_modules_next_dist_1e8vcs8._.js:1052
[ 7353658ms] [ERROR] ./components/landing/LeaderboardSection.tsx:181:14
Error: Expected '</', got 'jsx text'
  179 |           View Full Leaderboard →
  180 |         </p>
> 181 |       </Card>
      |              ^^^^^^^^^^^^^^^^^^^^^^^^^^^^^^^^^^^^^^^^^^^^^^^^^^^^^^^^^^^^^^^^^^^^^^^^^^^^^^^^^^^^
> 182 |     </section>
      | ^^^^
  183 |   );
  184 | }
  185 |

Parsing ecmascript source code failed

Import trace:
  Server Component:
    ./components/landing/LeaderboardSection.tsx
    ./app/page.tsx @ http://localhost:3000/_next/static/chunks/node_modules_next_dist_1e8vcs8._.js:1052
[ 7353734ms] [ERROR] ./components/landing/LeaderboardSection.tsx:181:14
Error: Expected '</', got 'jsx text'
  179 |           View Full Leaderboard →
  180 |         </p>
> 181 |       </Card>
      |              ^^^^^^^^^^^^^^^^^^^^^^^^^^^^^^^^^^^^^^^^^^^^^^^^^^^^^^^^^^^^^^^^^^^^^^^^^^^^^^^^^^^^
> 182 |     </section>
      | ^^^^
  183 |   );
  184 | }
  185 |

Parsing ecmascript source code failed

Import trace:
  Server Component:
    ./components/landing/LeaderboardSection.tsx
    ./app/page.tsx @ http://localhost:3000/_next/static/chunks/node_modules_next_dist_1e8vcs8._.js:1052
[ 7353789ms] [ERROR] ./components/landing/LeaderboardSection.tsx:181:14
Error: Expected '</', got 'jsx text'
  179 |           View Full Leaderboard →
  180 |         </p>
> 181 |       </Card>
      |              ^^^^^^^^^^^^^^^^^^^^^^^^^^^^^^^^^^^^^^^^^^^^^^^^^^^^^^^^^^^^^^^^^^^^^^^^^^^^^^^^^^^^
> 182 |     </section>
      | ^^^^
  183 |   );
  184 | }
  185 |

Parsing ecmascript source code failed

Import trace:
  Server Component:
    ./components/landing/LeaderboardSection.tsx
    ./app/page.tsx @ http://localhost:3000/_next/static/chunks/node_modules_next_dist_1e8vcs8._.js:1052
[ 7353849ms] [ERROR] ./components/landing/LeaderboardSection.tsx:181:14
Error: Expected '</', got 'jsx text'
  179 |           View Full Leaderboard →
  180 |         </p>
> 181 |       </Card>
      |              ^^^^^^^^^^^^^^^^^^^^^^^^^^^^^^^^^^^^^^^^^^^^^^^^^^^^^^^^^^^^^^^^^^^^^^^^^^^^^^^^^^^^
> 182 |     </section>
      | ^^^^
  183 |   );
  184 | }
  185 |

Parsing ecmascript source code failed

Import trace:
  Server Component:
    ./components/landing/LeaderboardSection.tsx
    ./app/page.tsx @ http://localhost:3000/_next/static/chunks/node_modules_next_dist_1e8vcs8._.js:1052
[ 7353909ms] [ERROR] ./components/landing/LeaderboardSection.tsx:181:14
Error: Expected '</', got 'jsx text'
  179 |           View Full Leaderboard →
  180 |         </p>
> 181 |       </Card>
      |              ^^^^^^^^^^^^^^^^^^^^^^^^^^^^^^^^^^^^^^^^^^^^^^^^^^^^^^^^^^^^^^^^^^^^^^^^^^^^^^^^^^^^
> 182 |     </section>
      | ^^^^
  183 |   );
  184 | }
  185 |

Parsing ecmascript source code failed

Import trace:
  Server Component:
    ./components/landing/LeaderboardSection.tsx
    ./app/page.tsx @ http://localhost:3000/_next/static/chunks/node_modules_next_dist_1e8vcs8._.js:1052
[ 7353967ms] [ERROR] ./components/landing/LeaderboardSection.tsx:181:14
Error: Expected '</', got 'jsx text'
  179 |           View Full Leaderboard →
  180 |         </p>
> 181 |       </Card>
      |              ^^^^^^^^^^^^^^^^^^^^^^^^^^^^^^^^^^^^^^^^^^^^^^^^^^^^^^^^^^^^^^^^^^^^^^^^^^^^^^^^^^^^
> 182 |     </section>
      | ^^^^
  183 |   );
  184 | }
  185 |

Parsing ecmascript source code failed

Import trace:
  Server Component:
    ./components/landing/LeaderboardSection.tsx
    ./app/page.tsx @ http://localhost:3000/_next/static/chunks/node_modules_next_dist_1e8vcs8._.js:1052
[ 7354024ms] [ERROR] ./components/landing/LeaderboardSection.tsx:181:14
Error: Expected '</', got 'jsx text'
  179 |           View Full Leaderboard →
  180 |         </p>
> 181 |       </Card>
      |              ^^^^^^^^^^^^^^^^^^^^^^^^^^^^^^^^^^^^^^^^^^^^^^^^^^^^^^^^^^^^^^^^^^^^^^^^^^^^^^^^^^^^
> 182 |     </section>
      | ^^^^
  183 |   );
  184 | }
  185 |

Parsing ecmascript source code failed

Import trace:
  Server Component:
    ./components/landing/LeaderboardSection.tsx
    ./app/page.tsx @ http://localhost:3000/_next/static/chunks/node_modules_next_dist_1e8vcs8._.js:1052
[ 7354090ms] [ERROR] ./components/landing/LeaderboardSection.tsx:181:14
Error: Expected '</', got 'jsx text'
  179 |           View Full Leaderboard →
  180 |         </p>
> 181 |       </Card>
      |              ^^^^^^^^^^^^^^^^^^^^^^^^^^^^^^^^^^^^^^^^^^^^^^^^^^^^^^^^^^^^^^^^^^^^^^^^^^^^^^^^^^^^
> 182 |     </section>
      | ^^^^
  183 |   );
  184 | }
  185 |

Parsing ecmascript source code failed

Import trace:
  Server Component:
    ./components/landing/LeaderboardSection.tsx
    ./app/page.tsx @ http://localhost:3000/_next/static/chunks/node_modules_next_dist_1e8vcs8._.js:1052
[ 7354142ms] [ERROR] ./components/landing/LeaderboardSection.tsx:181:14
Error: Expected '</', got 'jsx text'
  179 |           View Full Leaderboard →
  180 |         </p>
> 181 |       </Card>
      |              ^^^^^^^^^^^^^^^^^^^^^^^^^^^^^^^^^^^^^^^^^^^^^^^^^^^^^^^^^^^^^^^^^^^^^^^^^^^^^^^^^^^^
> 182 |     </section>
      | ^^^^
  183 |   );
  184 | }
  185 |

Parsing ecmascript source code failed

Import trace:
  Server Component:
    ./components/landing/LeaderboardSection.tsx
    ./app/page.tsx @ http://localhost:3000/_next/static/chunks/node_modules_next_dist_1e8vcs8._.js:1052
[ 7354216ms] [ERROR] ./components/landing/LeaderboardSection.tsx:181:14
Error: Expected '</', got 'jsx text'
  179 |           View Full Leaderboard →
  180 |         </p>
> 181 |       </Card>
      |              ^^^^^^^^^^^^^^^^^^^^^^^^^^^^^^^^^^^^^^^^^^^^^^^^^^^^^^^^^^^^^^^^^^^^^^^^^^^^^^^^^^^^
> 182 |     </section>
      | ^^^^
  183 |   );
  184 | }
  185 |

Parsing ecmascript source code failed

Import trace:
  Server Component:
    ./components/landing/LeaderboardSection.tsx
    ./app/page.tsx @ http://localhost:3000/_next/static/chunks/node_modules_next_dist_1e8vcs8._.js:1052
[ 7354283ms] [ERROR] ./components/landing/LeaderboardSection.tsx:181:14
Error: Expected '</', got 'jsx text'
  179 |           View Full Leaderboard →
  180 |         </p>
> 181 |       </Card>
      |              ^^^^^^^^^^^^^^^^^^^^^^^^^^^^^^^^^^^^^^^^^^^^^^^^^^^^^^^^^^^^^^^^^^^^^^^^^^^^^^^^^^^^
> 182 |     </section>
      | ^^^^
  183 |   );
  184 | }
  185 |

Parsing ecmascript source code failed

Import trace:
  Server Component:
    ./components/landing/LeaderboardSection.tsx
    ./app/page.tsx @ http://localhost:3000/_next/static/chunks/node_modules_next_dist_1e8vcs8._.js:1052
[ 7354353ms] [ERROR] ./components/landing/LeaderboardSection.tsx:181:14
Error: Expected '</', got 'jsx text'
  179 |           View Full Leaderboard →
  180 |         </p>
> 181 |       </Card>
      |              ^^^^^^^^^^^^^^^^^^^^^^^^^^^^^^^^^^^^^^^^^^^^^^^^^^^^^^^^^^^^^^^^^^^^^^^^^^^^^^^^^^^^
> 182 |     </section>
      | ^^^^
  183 |   );
  184 | }
  185 |

Parsing ecmascript source code failed

Import trace:
  Server Component:
    ./components/landing/LeaderboardSection.tsx
    ./app/page.tsx @ http://localhost:3000/_next/static/chunks/node_modules_next_dist_1e8vcs8._.js:1052
[ 7354418ms] [ERROR] ./components/landing/LeaderboardSection.tsx:181:14
Error: Expected '</', got 'jsx text'
  179 |           View Full Leaderboard →
  180 |         </p>
> 181 |       </Card>
      |              ^^^^^^^^^^^^^^^^^^^^^^^^^^^^^^^^^^^^^^^^^^^^^^^^^^^^^^^^^^^^^^^^^^^^^^^^^^^^^^^^^^^^
> 182 |     </section>
      | ^^^^
  183 |   );
  184 | }
  185 |

Parsing ecmascript source code failed

Import trace:
  Server Component:
    ./components/landing/LeaderboardSection.tsx
    ./app/page.tsx @ http://localhost:3000/_next/static/chunks/node_modules_next_dist_1e8vcs8._.js:1052
[ 7354482ms] [ERROR] ./components/landing/LeaderboardSection.tsx:181:14
Error: Expected '</', got 'jsx text'
  179 |           View Full Leaderboard →
  180 |         </p>
> 181 |       </Card>
      |              ^^^^^^^^^^^^^^^^^^^^^^^^^^^^^^^^^^^^^^^^^^^^^^^^^^^^^^^^^^^^^^^^^^^^^^^^^^^^^^^^^^^^
> 182 |     </section>
      | ^^^^
  183 |   );
  184 | }
  185 |

Parsing ecmascript source code failed

Import trace:
  Server Component:
    ./components/landing/LeaderboardSection.tsx
    ./app/page.tsx @ http://localhost:3000/_next/static/chunks/node_modules_next_dist_1e8vcs8._.js:1052
[ 7354546ms] [ERROR] ./components/landing/LeaderboardSection.tsx:181:14
Error: Expected '</', got 'jsx text'
  179 |           View Full Leaderboard →
  180 |         </p>
> 181 |       </Card>
      |              ^^^^^^^^^^^^^^^^^^^^^^^^^^^^^^^^^^^^^^^^^^^^^^^^^^^^^^^^^^^^^^^^^^^^^^^^^^^^^^^^^^^^
> 182 |     </section>
      | ^^^^
  183 |   );
  184 | }
  185 |

Parsing ecmascript source code failed

Import trace:
  Server Component:
    ./components/landing/LeaderboardSection.tsx
    ./app/page.tsx @ http://localhost:3000/_next/static/chunks/node_modules_next_dist_1e8vcs8._.js:1052
[ 7354620ms] [ERROR] ./components/landing/LeaderboardSection.tsx:181:14
Error: Expected '</', got 'jsx text'
  179 |           View Full Leaderboard →
  180 |         </p>
> 181 |       </Card>
      |              ^^^^^^^^^^^^^^^^^^^^^^^^^^^^^^^^^^^^^^^^^^^^^^^^^^^^^^^^^^^^^^^^^^^^^^^^^^^^^^^^^^^^
> 182 |     </section>
      | ^^^^
  183 |   );
  184 | }
  185 |

Parsing ecmascript source code failed

Import trace:
  Server Component:
    ./components/landing/LeaderboardSection.tsx
    ./app/page.tsx @ http://localhost:3000/_next/static/chunks/node_modules_next_dist_1e8vcs8._.js:1052
[ 7354674ms] [ERROR] ./components/landing/LeaderboardSection.tsx:181:14
Error: Expected '</', got 'jsx text'
  179 |           View Full Leaderboard →
  180 |         </p>
> 181 |       </Card>
      |              ^^^^^^^^^^^^^^^^^^^^^^^^^^^^^^^^^^^^^^^^^^^^^^^^^^^^^^^^^^^^^^^^^^^^^^^^^^^^^^^^^^^^
> 182 |     </section>
      | ^^^^
  183 |   );
  184 | }
  185 |

Parsing ecmascript source code failed

Import trace:
  Server Component:
    ./components/landing/LeaderboardSection.tsx
    ./app/page.tsx @ http://localhost:3000/_next/static/chunks/node_modules_next_dist_1e8vcs8._.js:1052
[ 7354734ms] [ERROR] ./components/landing/LeaderboardSection.tsx:181:14
Error: Expected '</', got 'jsx text'
  179 |           View Full Leaderboard →
  180 |         </p>
> 181 |       </Card>
      |              ^^^^^^^^^^^^^^^^^^^^^^^^^^^^^^^^^^^^^^^^^^^^^^^^^^^^^^^^^^^^^^^^^^^^^^^^^^^^^^^^^^^^
> 182 |     </section>
      | ^^^^
  183 |   );
  184 | }
  185 |

Parsing ecmascript source code failed

Import trace:
  Server Component:
    ./components/landing/LeaderboardSection.tsx
    ./app/page.tsx @ http://localhost:3000/_next/static/chunks/node_modules_next_dist_1e8vcs8._.js:1052
[ 7354790ms] [ERROR] ./components/landing/LeaderboardSection.tsx:181:14
Error: Expected '</', got 'jsx text'
  179 |           View Full Leaderboard →
  180 |         </p>
> 181 |       </Card>
      |              ^^^^^^^^^^^^^^^^^^^^^^^^^^^^^^^^^^^^^^^^^^^^^^^^^^^^^^^^^^^^^^^^^^^^^^^^^^^^^^^^^^^^
> 182 |     </section>
      | ^^^^
  183 |   );
  184 | }
  185 |

Parsing ecmascript source code failed

Import trace:
  Server Component:
    ./components/landing/LeaderboardSection.tsx
    ./app/page.tsx @ http://localhost:3000/_next/static/chunks/node_modules_next_dist_1e8vcs8._.js:1052
[ 7354851ms] [ERROR] ./components/landing/LeaderboardSection.tsx:181:14
Error: Expected '</', got 'jsx text'
  179 |           View Full Leaderboard →
  180 |         </p>
> 181 |       </Card>
      |              ^^^^^^^^^^^^^^^^^^^^^^^^^^^^^^^^^^^^^^^^^^^^^^^^^^^^^^^^^^^^^^^^^^^^^^^^^^^^^^^^^^^^
> 182 |     </section>
      | ^^^^
  183 |   );
  184 | }
  185 |

Parsing ecmascript source code failed

Import trace:
  Server Component:
    ./components/landing/LeaderboardSection.tsx
    ./app/page.tsx @ http://localhost:3000/_next/static/chunks/node_modules_next_dist_1e8vcs8._.js:1052
[ 7354908ms] [ERROR] ./components/landing/LeaderboardSection.tsx:181:14
Error: Expected '</', got 'jsx text'
  179 |           View Full Leaderboard →
  180 |         </p>
> 181 |       </Card>
      |              ^^^^^^^^^^^^^^^^^^^^^^^^^^^^^^^^^^^^^^^^^^^^^^^^^^^^^^^^^^^^^^^^^^^^^^^^^^^^^^^^^^^^
> 182 |     </section>
      | ^^^^
  183 |   );
  184 | }
  185 |

Parsing ecmascript source code failed

Import trace:
  Server Component:
    ./components/landing/LeaderboardSection.tsx
    ./app/page.tsx @ http://localhost:3000/_next/static/chunks/node_modules_next_dist_1e8vcs8._.js:1052
[ 7354973ms] [ERROR] ./components/landing/LeaderboardSection.tsx:181:14
Error: Expected '</', got 'jsx text'
  179 |           View Full Leaderboard →
  180 |         </p>
> 181 |       </Card>
      |              ^^^^^^^^^^^^^^^^^^^^^^^^^^^^^^^^^^^^^^^^^^^^^^^^^^^^^^^^^^^^^^^^^^^^^^^^^^^^^^^^^^^^
> 182 |     </section>
      | ^^^^
  183 |   );
  184 | }
  185 |

Parsing ecmascript source code failed

Import trace:
  Server Component:
    ./components/landing/LeaderboardSection.tsx
    ./app/page.tsx @ http://localhost:3000/_next/static/chunks/node_modules_next_dist_1e8vcs8._.js:1052
[ 7355024ms] [ERROR] ./components/landing/LeaderboardSection.tsx:181:14
Error: Expected '</', got 'jsx text'
  179 |           View Full Leaderboard →
  180 |         </p>
> 181 |       </Card>
      |              ^^^^^^^^^^^^^^^^^^^^^^^^^^^^^^^^^^^^^^^^^^^^^^^^^^^^^^^^^^^^^^^^^^^^^^^^^^^^^^^^^^^^
> 182 |     </section>
      | ^^^^
  183 |   );
  184 | }
  185 |

Parsing ecmascript source code failed

Import trace:
  Server Component:
    ./components/landing/LeaderboardSection.tsx
    ./app/page.tsx @ http://localhost:3000/_next/static/chunks/node_modules_next_dist_1e8vcs8._.js:1052
[ 7355074ms] [ERROR] ./components/landing/LeaderboardSection.tsx:181:14
Error: Expected '</', got 'jsx text'
  179 |           View Full Leaderboard →
  180 |         </p>
> 181 |       </Card>
      |              ^^^^^^^^^^^^^^^^^^^^^^^^^^^^^^^^^^^^^^^^^^^^^^^^^^^^^^^^^^^^^^^^^^^^^^^^^^^^^^^^^^^^
> 182 |     </section>
      | ^^^^
  183 |   );
  184 | }
  185 |

Parsing ecmascript source code failed

Import trace:
  Server Component:
    ./components/landing/LeaderboardSection.tsx
    ./app/page.tsx @ http://localhost:3000/_next/static/chunks/node_modules_next_dist_1e8vcs8._.js:1052
[ 7355133ms] [ERROR] ./components/landing/LeaderboardSection.tsx:181:14
Error: Expected '</', got 'jsx text'
  179 |           View Full Leaderboard →
  180 |         </p>
> 181 |       </Card>
      |              ^^^^^^^^^^^^^^^^^^^^^^^^^^^^^^^^^^^^^^^^^^^^^^^^^^^^^^^^^^^^^^^^^^^^^^^^^^^^^^^^^^^^
> 182 |     </section>
      | ^^^^
  183 |   );
  184 | }
  185 |

Parsing ecmascript source code failed

Import trace:
  Server Component:
    ./components/landing/LeaderboardSection.tsx
    ./app/page.tsx @ http://localhost:3000/_next/static/chunks/node_modules_next_dist_1e8vcs8._.js:1052
[ 7355190ms] [ERROR] ./components/landing/LeaderboardSection.tsx:181:14
Error: Expected '</', got 'jsx text'
  179 |           View Full Leaderboard →
  180 |         </p>
> 181 |       </Card>
      |              ^^^^^^^^^^^^^^^^^^^^^^^^^^^^^^^^^^^^^^^^^^^^^^^^^^^^^^^^^^^^^^^^^^^^^^^^^^^^^^^^^^^^
> 182 |     </section>
      | ^^^^
  183 |   );
  184 | }
  185 |

Parsing ecmascript source code failed

Import trace:
  Server Component:
    ./components/landing/LeaderboardSection.tsx
    ./app/page.tsx @ http://localhost:3000/_next/static/chunks/node_modules_next_dist_1e8vcs8._.js:1052
[ 7355241ms] [ERROR] ./components/landing/LeaderboardSection.tsx:181:14
Error: Expected '</', got 'jsx text'
  179 |           View Full Leaderboard →
  180 |         </p>
> 181 |       </Card>
      |              ^^^^^^^^^^^^^^^^^^^^^^^^^^^^^^^^^^^^^^^^^^^^^^^^^^^^^^^^^^^^^^^^^^^^^^^^^^^^^^^^^^^^
> 182 |     </section>
      | ^^^^
  183 |   );
  184 | }
  185 |

Parsing ecmascript source code failed

Import trace:
  Server Component:
    ./components/landing/LeaderboardSection.tsx
    ./app/page.tsx @ http://localhost:3000/_next/static/chunks/node_modules_next_dist_1e8vcs8._.js:1052
[ 7355320ms] [ERROR] ./components/landing/LeaderboardSection.tsx:181:14
Error: Expected '</', got 'jsx text'
  179 |           View Full Leaderboard →
  180 |         </p>
> 181 |       </Card>
      |              ^^^^^^^^^^^^^^^^^^^^^^^^^^^^^^^^^^^^^^^^^^^^^^^^^^^^^^^^^^^^^^^^^^^^^^^^^^^^^^^^^^^^
> 182 |     </section>
      | ^^^^
  183 |   );
  184 | }
  185 |

Parsing ecmascript source code failed

Import trace:
  Server Component:
    ./components/landing/LeaderboardSection.tsx
    ./app/page.tsx @ http://localhost:3000/_next/static/chunks/node_modules_next_dist_1e8vcs8._.js:1052
[ 7355385ms] [ERROR] ./components/landing/LeaderboardSection.tsx:181:14
Error: Expected '</', got 'jsx text'
  179 |           View Full Leaderboard →
  180 |         </p>
> 181 |       </Card>
      |              ^^^^^^^^^^^^^^^^^^^^^^^^^^^^^^^^^^^^^^^^^^^^^^^^^^^^^^^^^^^^^^^^^^^^^^^^^^^^^^^^^^^^
> 182 |     </section>
      | ^^^^
  183 |   );
  184 | }
  185 |

Parsing ecmascript source code failed

Import trace:
  Server Component:
    ./components/landing/LeaderboardSection.tsx
    ./app/page.tsx @ http://localhost:3000/_next/static/chunks/node_modules_next_dist_1e8vcs8._.js:1052
[ 7355437ms] [ERROR] ./components/landing/LeaderboardSection.tsx:181:14
Error: Expected '</', got 'jsx text'
  179 |           View Full Leaderboard →
  180 |         </p>
> 181 |       </Card>
      |              ^^^^^^^^^^^^^^^^^^^^^^^^^^^^^^^^^^^^^^^^^^^^^^^^^^^^^^^^^^^^^^^^^^^^^^^^^^^^^^^^^^^^
> 182 |     </section>
      | ^^^^
  183 |   );
  184 | }
  185 |

Parsing ecmascript source code failed

Import trace:
  Server Component:
    ./components/landing/LeaderboardSection.tsx
    ./app/page.tsx @ http://localhost:3000/_next/static/chunks/node_modules_next_dist_1e8vcs8._.js:1052
[ 7355499ms] [ERROR] ./components/landing/LeaderboardSection.tsx:181:14
Error: Expected '</', got 'jsx text'
  179 |           View Full Leaderboard →
  180 |         </p>
> 181 |       </Card>
      |              ^^^^^^^^^^^^^^^^^^^^^^^^^^^^^^^^^^^^^^^^^^^^^^^^^^^^^^^^^^^^^^^^^^^^^^^^^^^^^^^^^^^^
> 182 |     </section>
      | ^^^^
  183 |   );
  184 | }
  185 |

Parsing ecmascript source code failed

Import trace:
  Server Component:
    ./components/landing/LeaderboardSection.tsx
    ./app/page.tsx @ http://localhost:3000/_next/static/chunks/node_modules_next_dist_1e8vcs8._.js:1052
[ 7355566ms] [ERROR] ./components/landing/LeaderboardSection.tsx:181:14
Error: Expected '</', got 'jsx text'
  179 |           View Full Leaderboard →
  180 |         </p>
> 181 |       </Card>
      |              ^^^^^^^^^^^^^^^^^^^^^^^^^^^^^^^^^^^^^^^^^^^^^^^^^^^^^^^^^^^^^^^^^^^^^^^^^^^^^^^^^^^^
> 182 |     </section>
      | ^^^^
  183 |   );
  184 | }
  185 |

Parsing ecmascript source code failed

Import trace:
  Server Component:
    ./components/landing/LeaderboardSection.tsx
    ./app/page.tsx @ http://localhost:3000/_next/static/chunks/node_modules_next_dist_1e8vcs8._.js:1052
[ 7355632ms] [ERROR] ./components/landing/LeaderboardSection.tsx:181:14
Error: Expected '</', got 'jsx text'
  179 |           View Full Leaderboard →
  180 |         </p>
> 181 |       </Card>
      |              ^^^^^^^^^^^^^^^^^^^^^^^^^^^^^^^^^^^^^^^^^^^^^^^^^^^^^^^^^^^^^^^^^^^^^^^^^^^^^^^^^^^^
> 182 |     </section>
      | ^^^^
  183 |   );
  184 | }
  185 |

Parsing ecmascript source code failed

Import trace:
  Server Component:
    ./components/landing/LeaderboardSection.tsx
    ./app/page.tsx @ http://localhost:3000/_next/static/chunks/node_modules_next_dist_1e8vcs8._.js:1052
[ 7355689ms] [ERROR] ./components/landing/LeaderboardSection.tsx:181:14
Error: Expected '</', got 'jsx text'
  179 |           View Full Leaderboard →
  180 |         </p>
> 181 |       </Card>
      |              ^^^^^^^^^^^^^^^^^^^^^^^^^^^^^^^^^^^^^^^^^^^^^^^^^^^^^^^^^^^^^^^^^^^^^^^^^^^^^^^^^^^^
> 182 |     </section>
      | ^^^^
  183 |   );
  184 | }
  185 |

Parsing ecmascript source code failed

Import trace:
  Server Component:
    ./components/landing/LeaderboardSection.tsx
    ./app/page.tsx @ http://localhost:3000/_next/static/chunks/node_modules_next_dist_1e8vcs8._.js:1052
[ 7355759ms] [ERROR] ./components/landing/LeaderboardSection.tsx:181:14
Error: Expected '</', got 'jsx text'
  179 |           View Full Leaderboard →
  180 |         </p>
> 181 |       </Card>
      |              ^^^^^^^^^^^^^^^^^^^^^^^^^^^^^^^^^^^^^^^^^^^^^^^^^^^^^^^^^^^^^^^^^^^^^^^^^^^^^^^^^^^^
> 182 |     </section>
      | ^^^^
  183 |   );
  184 | }
  185 |

Parsing ecmascript source code failed

Import trace:
  Server Component:
    ./components/landing/LeaderboardSection.tsx
    ./app/page.tsx @ http://localhost:3000/_next/static/chunks/node_modules_next_dist_1e8vcs8._.js:1052
[ 7355818ms] [ERROR] ./components/landing/LeaderboardSection.tsx:181:14
Error: Expected '</', got 'jsx text'
  179 |           View Full Leaderboard →
  180 |         </p>
> 181 |       </Card>
      |              ^^^^^^^^^^^^^^^^^^^^^^^^^^^^^^^^^^^^^^^^^^^^^^^^^^^^^^^^^^^^^^^^^^^^^^^^^^^^^^^^^^^^
> 182 |     </section>
      | ^^^^
  183 |   );
  184 | }
  185 |

Parsing ecmascript source code failed

Import trace:
  Server Component:
    ./components/landing/LeaderboardSection.tsx
    ./app/page.tsx @ http://localhost:3000/_next/static/chunks/node_modules_next_dist_1e8vcs8._.js:1052
[ 7355880ms] [ERROR] ./components/landing/LeaderboardSection.tsx:181:14
Error: Expected '</', got 'jsx text'
  179 |           View Full Leaderboard →
  180 |         </p>
> 181 |       </Card>
      |              ^^^^^^^^^^^^^^^^^^^^^^^^^^^^^^^^^^^^^^^^^^^^^^^^^^^^^^^^^^^^^^^^^^^^^^^^^^^^^^^^^^^^
> 182 |     </section>
      | ^^^^
  183 |   );
  184 | }
  185 |

Parsing ecmascript source code failed

Import trace:
  Server Component:
    ./components/landing/LeaderboardSection.tsx
    ./app/page.tsx @ http://localhost:3000/_next/static/chunks/node_modules_next_dist_1e8vcs8._.js:1052
[ 7355940ms] [ERROR] ./components/landing/LeaderboardSection.tsx:181:14
Error: Expected '</', got 'jsx text'
  179 |           View Full Leaderboard →
  180 |         </p>
> 181 |       </Card>
      |              ^^^^^^^^^^^^^^^^^^^^^^^^^^^^^^^^^^^^^^^^^^^^^^^^^^^^^^^^^^^^^^^^^^^^^^^^^^^^^^^^^^^^
> 182 |     </section>
      | ^^^^
  183 |   );
  184 | }
  185 |

Parsing ecmascript source code failed

Import trace:
  Server Component:
    ./components/landing/LeaderboardSection.tsx
    ./app/page.tsx @ http://localhost:3000/_next/static/chunks/node_modules_next_dist_1e8vcs8._.js:1052
[ 7356000ms] [ERROR] ./components/landing/LeaderboardSection.tsx:181:14
Error: Expected '</', got 'jsx text'
  179 |           View Full Leaderboard →
  180 |         </p>
> 181 |       </Card>
      |              ^^^^^^^^^^^^^^^^^^^^^^^^^^^^^^^^^^^^^^^^^^^^^^^^^^^^^^^^^^^^^^^^^^^^^^^^^^^^^^^^^^^^
> 182 |     </section>
      | ^^^^
  183 |   );
  184 | }
  185 |

Parsing ecmascript source code failed

Import trace:
  Server Component:
    ./components/landing/LeaderboardSection.tsx
    ./app/page.tsx @ http://localhost:3000/_next/static/chunks/node_modules_next_dist_1e8vcs8._.js:1052
[ 7356067ms] [ERROR] ./components/landing/LeaderboardSection.tsx:181:14
Error: Expected '</', got 'jsx text'
  179 |           View Full Leaderboard →
  180 |         </p>
> 181 |       </Card>
      |              ^^^^^^^^^^^^^^^^^^^^^^^^^^^^^^^^^^^^^^^^^^^^^^^^^^^^^^^^^^^^^^^^^^^^^^^^^^^^^^^^^^^^
> 182 |     </section>
      | ^^^^
  183 |   );
  184 | }
  185 |

Parsing ecmascript source code failed

Import trace:
  Server Component:
    ./components/landing/LeaderboardSection.tsx
    ./app/page.tsx @ http://localhost:3000/_next/static/chunks/node_modules_next_dist_1e8vcs8._.js:1052
[ 7356132ms] [ERROR] ./components/landing/LeaderboardSection.tsx:181:14
Error: Expected '</', got 'jsx text'
  179 |           View Full Leaderboard →
  180 |         </p>
> 181 |       </Card>
      |              ^^^^^^^^^^^^^^^^^^^^^^^^^^^^^^^^^^^^^^^^^^^^^^^^^^^^^^^^^^^^^^^^^^^^^^^^^^^^^^^^^^^^
> 182 |     </section>
      | ^^^^
  183 |   );
  184 | }
  185 |

Parsing ecmascript source code failed

Import trace:
  Server Component:
    ./components/landing/LeaderboardSection.tsx
    ./app/page.tsx @ http://localhost:3000/_next/static/chunks/node_modules_next_dist_1e8vcs8._.js:1052
[ 7356190ms] [ERROR] ./components/landing/LeaderboardSection.tsx:181:14
Error: Expected '</', got 'jsx text'
  179 |           View Full Leaderboard →
  180 |         </p>
> 181 |       </Card>
      |              ^^^^^^^^^^^^^^^^^^^^^^^^^^^^^^^^^^^^^^^^^^^^^^^^^^^^^^^^^^^^^^^^^^^^^^^^^^^^^^^^^^^^
> 182 |     </section>
      | ^^^^
  183 |   );
  184 | }
  185 |

Parsing ecmascript source code failed

Import trace:
  Server Component:
    ./components/landing/LeaderboardSection.tsx
    ./app/page.tsx @ http://localhost:3000/_next/static/chunks/node_modules_next_dist_1e8vcs8._.js:1052
[ 7356249ms] [ERROR] ./components/landing/LeaderboardSection.tsx:181:14
Error: Expected '</', got 'jsx text'
  179 |           View Full Leaderboard →
  180 |         </p>
> 181 |       </Card>
      |              ^^^^^^^^^^^^^^^^^^^^^^^^^^^^^^^^^^^^^^^^^^^^^^^^^^^^^^^^^^^^^^^^^^^^^^^^^^^^^^^^^^^^
> 182 |     </section>
      | ^^^^
  183 |   );
  184 | }
  185 |

Parsing ecmascript source code failed

Import trace:
  Server Component:
    ./components/landing/LeaderboardSection.tsx
    ./app/page.tsx @ http://localhost:3000/_next/static/chunks/node_modules_next_dist_1e8vcs8._.js:1052
[ 7356309ms] [ERROR] ./components/landing/LeaderboardSection.tsx:181:14
Error: Expected '</', got 'jsx text'
  179 |           View Full Leaderboard →
  180 |         </p>
> 181 |       </Card>
      |              ^^^^^^^^^^^^^^^^^^^^^^^^^^^^^^^^^^^^^^^^^^^^^^^^^^^^^^^^^^^^^^^^^^^^^^^^^^^^^^^^^^^^
> 182 |     </section>
      | ^^^^
  183 |   );
  184 | }
  185 |

Parsing ecmascript source code failed

Import trace:
  Server Component:
    ./components/landing/LeaderboardSection.tsx
    ./app/page.tsx @ http://localhost:3000/_next/static/chunks/node_modules_next_dist_1e8vcs8._.js:1052
[ 7356384ms] [ERROR] ./components/landing/LeaderboardSection.tsx:181:14
Error: Expected '</', got 'jsx text'
  179 |           View Full Leaderboard →
  180 |         </p>
> 181 |       </Card>
      |              ^^^^^^^^^^^^^^^^^^^^^^^^^^^^^^^^^^^^^^^^^^^^^^^^^^^^^^^^^^^^^^^^^^^^^^^^^^^^^^^^^^^^
> 182 |     </section>
      | ^^^^
  183 |   );
  184 | }
  185 |

Parsing ecmascript source code failed

Import trace:
  Server Component:
    ./components/landing/LeaderboardSection.tsx
    ./app/page.tsx @ http://localhost:3000/_next/static/chunks/node_modules_next_dist_1e8vcs8._.js:1052
[ 7356447ms] [ERROR] ./components/landing/LeaderboardSection.tsx:181:14
Error: Expected '</', got 'jsx text'
  179 |           View Full Leaderboard →
  180 |         </p>
> 181 |       </Card>
      |              ^^^^^^^^^^^^^^^^^^^^^^^^^^^^^^^^^^^^^^^^^^^^^^^^^^^^^^^^^^^^^^^^^^^^^^^^^^^^^^^^^^^^
> 182 |     </section>
      | ^^^^
  183 |   );
  184 | }
  185 |

Parsing ecmascript source code failed

Import trace:
  Server Component:
    ./components/landing/LeaderboardSection.tsx
    ./app/page.tsx @ http://localhost:3000/_next/static/chunks/node_modules_next_dist_1e8vcs8._.js:1052
[ 7356507ms] [ERROR] ./components/landing/LeaderboardSection.tsx:181:14
Error: Expected '</', got 'jsx text'
  179 |           View Full Leaderboard →
  180 |         </p>
> 181 |       </Card>
      |              ^^^^^^^^^^^^^^^^^^^^^^^^^^^^^^^^^^^^^^^^^^^^^^^^^^^^^^^^^^^^^^^^^^^^^^^^^^^^^^^^^^^^
> 182 |     </section>
      | ^^^^
  183 |   );
  184 | }
  185 |

Parsing ecmascript source code failed

Import trace:
  Server Component:
    ./components/landing/LeaderboardSection.tsx
    ./app/page.tsx @ http://localhost:3000/_next/static/chunks/node_modules_next_dist_1e8vcs8._.js:1052
[ 7356584ms] [ERROR] ./components/landing/LeaderboardSection.tsx:181:14
Error: Expected '</', got 'jsx text'
  179 |           View Full Leaderboard →
  180 |         </p>
> 181 |       </Card>
      |              ^^^^^^^^^^^^^^^^^^^^^^^^^^^^^^^^^^^^^^^^^^^^^^^^^^^^^^^^^^^^^^^^^^^^^^^^^^^^^^^^^^^^
> 182 |     </section>
      | ^^^^
  183 |   );
  184 | }
  185 |

Parsing ecmascript source code failed

Import trace:
  Server Component:
    ./components/landing/LeaderboardSection.tsx
    ./app/page.tsx @ http://localhost:3000/_next/static/chunks/node_modules_next_dist_1e8vcs8._.js:1052
[ 7356640ms] [ERROR] ./components/landing/LeaderboardSection.tsx:181:14
Error: Expected '</', got 'jsx text'
  179 |           View Full Leaderboard →
  180 |         </p>
> 181 |       </Card>
      |              ^^^^^^^^^^^^^^^^^^^^^^^^^^^^^^^^^^^^^^^^^^^^^^^^^^^^^^^^^^^^^^^^^^^^^^^^^^^^^^^^^^^^
> 182 |     </section>
      | ^^^^
  183 |   );
  184 | }
  185 |

Parsing ecmascript source code failed

Import trace:
  Server Component:
    ./components/landing/LeaderboardSection.tsx
    ./app/page.tsx @ http://localhost:3000/_next/static/chunks/node_modules_next_dist_1e8vcs8._.js:1052
[ 7356708ms] [ERROR] ./components/landing/LeaderboardSection.tsx:181:14
Error: Expected '</', got 'jsx text'
  179 |           View Full Leaderboard →
  180 |         </p>
> 181 |       </Card>
      |              ^^^^^^^^^^^^^^^^^^^^^^^^^^^^^^^^^^^^^^^^^^^^^^^^^^^^^^^^^^^^^^^^^^^^^^^^^^^^^^^^^^^^
> 182 |     </section>
      | ^^^^
  183 |   );
  184 | }
  185 |

Parsing ecmascript source code failed

Import trace:
  Server Component:
    ./components/landing/LeaderboardSection.tsx
    ./app/page.tsx @ http://localhost:3000/_next/static/chunks/node_modules_next_dist_1e8vcs8._.js:1052
[ 7356765ms] [ERROR] ./components/landing/LeaderboardSection.tsx:181:14
Error: Expected '</', got 'jsx text'
  179 |           View Full Leaderboard →
  180 |         </p>
> 181 |       </Card>
      |              ^^^^^^^^^^^^^^^^^^^^^^^^^^^^^^^^^^^^^^^^^^^^^^^^^^^^^^^^^^^^^^^^^^^^^^^^^^^^^^^^^^^^
> 182 |     </section>
      | ^^^^
  183 |   );
  184 | }
  185 |

Parsing ecmascript source code failed

Import trace:
  Server Component:
    ./components/landing/LeaderboardSection.tsx
    ./app/page.tsx @ http://localhost:3000/_next/static/chunks/node_modules_next_dist_1e8vcs8._.js:1052
[ 7356825ms] [ERROR] ./components/landing/LeaderboardSection.tsx:181:14
Error: Expected '</', got 'jsx text'
  179 |           View Full Leaderboard →
  180 |         </p>
> 181 |       </Card>
      |              ^^^^^^^^^^^^^^^^^^^^^^^^^^^^^^^^^^^^^^^^^^^^^^^^^^^^^^^^^^^^^^^^^^^^^^^^^^^^^^^^^^^^
> 182 |     </section>
      | ^^^^
  183 |   );
  184 | }
  185 |

Parsing ecmascript source code failed

Import trace:
  Server Component:
    ./components/landing/LeaderboardSection.tsx
    ./app/page.tsx @ http://localhost:3000/_next/static/chunks/node_modules_next_dist_1e8vcs8._.js:1052
[ 7356900ms] [ERROR] ./components/landing/LeaderboardSection.tsx:181:14
Error: Expected '</', got 'jsx text'
  179 |           View Full Leaderboard →
  180 |         </p>
> 181 |       </Card>
      |              ^^^^^^^^^^^^^^^^^^^^^^^^^^^^^^^^^^^^^^^^^^^^^^^^^^^^^^^^^^^^^^^^^^^^^^^^^^^^^^^^^^^^
> 182 |     </section>
      | ^^^^
  183 |   );
  184 | }
  185 |

Parsing ecmascript source code failed

Import trace:
  Server Component:
    ./components/landing/LeaderboardSection.tsx
    ./app/page.tsx @ http://localhost:3000/_next/static/chunks/node_modules_next_dist_1e8vcs8._.js:1052
[ 7356956ms] [ERROR] ./components/landing/LeaderboardSection.tsx:181:14
Error: Expected '</', got 'jsx text'
  179 |           View Full Leaderboard →
  180 |         </p>
> 181 |       </Card>
      |              ^^^^^^^^^^^^^^^^^^^^^^^^^^^^^^^^^^^^^^^^^^^^^^^^^^^^^^^^^^^^^^^^^^^^^^^^^^^^^^^^^^^^
> 182 |     </section>
      | ^^^^
  183 |   );
  184 | }
  185 |

Parsing ecmascript source code failed

Import trace:
  Server Component:
    ./components/landing/LeaderboardSection.tsx
    ./app/page.tsx @ http://localhost:3000/_next/static/chunks/node_modules_next_dist_1e8vcs8._.js:1052
[ 7357016ms] [ERROR] ./components/landing/LeaderboardSection.tsx:181:14
Error: Expected '</', got 'jsx text'
  179 |           View Full Leaderboard →
  180 |         </p>
> 181 |       </Card>
      |              ^^^^^^^^^^^^^^^^^^^^^^^^^^^^^^^^^^^^^^^^^^^^^^^^^^^^^^^^^^^^^^^^^^^^^^^^^^^^^^^^^^^^
> 182 |     </section>
      | ^^^^
  183 |   );
  184 | }
  185 |

Parsing ecmascript source code failed

Import trace:
  Server Component:
    ./components/landing/LeaderboardSection.tsx
    ./app/page.tsx @ http://localhost:3000/_next/static/chunks/node_modules_next_dist_1e8vcs8._.js:1052
[ 7357073ms] [ERROR] ./components/landing/LeaderboardSection.tsx:181:14
Error: Expected '</', got 'jsx text'
  179 |           View Full Leaderboard →
  180 |         </p>
> 181 |       </Card>
      |              ^^^^^^^^^^^^^^^^^^^^^^^^^^^^^^^^^^^^^^^^^^^^^^^^^^^^^^^^^^^^^^^^^^^^^^^^^^^^^^^^^^^^
> 182 |     </section>
      | ^^^^
  183 |   );
  184 | }
  185 |

Parsing ecmascript source code failed

Import trace:
  Server Component:
    ./components/landing/LeaderboardSection.tsx
    ./app/page.tsx @ http://localhost:3000/_next/static/chunks/node_modules_next_dist_1e8vcs8._.js:1052
[ 7357133ms] [ERROR] ./components/landing/LeaderboardSection.tsx:181:14
Error: Expected '</', got 'jsx text'
  179 |           View Full Leaderboard →
  180 |         </p>
> 181 |       </Card>
      |              ^^^^^^^^^^^^^^^^^^^^^^^^^^^^^^^^^^^^^^^^^^^^^^^^^^^^^^^^^^^^^^^^^^^^^^^^^^^^^^^^^^^^
> 182 |     </section>
      | ^^^^
  183 |   );
  184 | }
  185 |

Parsing ecmascript source code failed

Import trace:
  Server Component:
    ./components/landing/LeaderboardSection.tsx
    ./app/page.tsx @ http://localhost:3000/_next/static/chunks/node_modules_next_dist_1e8vcs8._.js:1052
[ 7357190ms] [ERROR] ./components/landing/LeaderboardSection.tsx:181:14
Error: Expected '</', got 'jsx text'
  179 |           View Full Leaderboard →
  180 |         </p>
> 181 |       </Card>
      |              ^^^^^^^^^^^^^^^^^^^^^^^^^^^^^^^^^^^^^^^^^^^^^^^^^^^^^^^^^^^^^^^^^^^^^^^^^^^^^^^^^^^^
> 182 |     </section>
      | ^^^^
  183 |   );
  184 | }
  185 |

Parsing ecmascript source code failed

Import trace:
  Server Component:
    ./components/landing/LeaderboardSection.tsx
    ./app/page.tsx @ http://localhost:3000/_next/static/chunks/node_modules_next_dist_1e8vcs8._.js:1052
[ 7357250ms] [ERROR] ./components/landing/LeaderboardSection.tsx:181:14
Error: Expected '</', got 'jsx text'
  179 |           View Full Leaderboard →
  180 |         </p>
> 181 |       </Card>
      |              ^^^^^^^^^^^^^^^^^^^^^^^^^^^^^^^^^^^^^^^^^^^^^^^^^^^^^^^^^^^^^^^^^^^^^^^^^^^^^^^^^^^^
> 182 |     </section>
      | ^^^^
  183 |   );
  184 | }
  185 |

Parsing ecmascript source code failed

Import trace:
  Server Component:
    ./components/landing/LeaderboardSection.tsx
    ./app/page.tsx @ http://localhost:3000/_next/static/chunks/node_modules_next_dist_1e8vcs8._.js:1052
[ 7357315ms] [ERROR] ./components/landing/LeaderboardSection.tsx:181:14
Error: Expected '</', got 'jsx text'
  179 |           View Full Leaderboard →
  180 |         </p>
> 181 |       </Card>
      |              ^^^^^^^^^^^^^^^^^^^^^^^^^^^^^^^^^^^^^^^^^^^^^^^^^^^^^^^^^^^^^^^^^^^^^^^^^^^^^^^^^^^^
> 182 |     </section>
      | ^^^^
  183 |   );
  184 | }
  185 |

Parsing ecmascript source code failed

Import trace:
  Server Component:
    ./components/landing/LeaderboardSection.tsx
    ./app/page.tsx @ http://localhost:3000/_next/static/chunks/node_modules_next_dist_1e8vcs8._.js:1052
[ 7357372ms] [ERROR] ./components/landing/LeaderboardSection.tsx:181:14
Error: Expected '</', got 'jsx text'
  179 |           View Full Leaderboard →
  180 |         </p>
> 181 |       </Card>
      |              ^^^^^^^^^^^^^^^^^^^^^^^^^^^^^^^^^^^^^^^^^^^^^^^^^^^^^^^^^^^^^^^^^^^^^^^^^^^^^^^^^^^^
> 182 |     </section>
      | ^^^^
  183 |   );
  184 | }
  185 |

Parsing ecmascript source code failed

Import trace:
  Server Component:
    ./components/landing/LeaderboardSection.tsx
    ./app/page.tsx @ http://localhost:3000/_next/static/chunks/node_modules_next_dist_1e8vcs8._.js:1052
[ 7357433ms] [ERROR] ./components/landing/LeaderboardSection.tsx:181:14
Error: Expected '</', got 'jsx text'
  179 |           View Full Leaderboard →
  180 |         </p>
> 181 |       </Card>
      |              ^^^^^^^^^^^^^^^^^^^^^^^^^^^^^^^^^^^^^^^^^^^^^^^^^^^^^^^^^^^^^^^^^^^^^^^^^^^^^^^^^^^^
> 182 |     </section>
      | ^^^^
  183 |   );
  184 | }
  185 |

Parsing ecmascript source code failed

Import trace:
  Server Component:
    ./components/landing/LeaderboardSection.tsx
    ./app/page.tsx @ http://localhost:3000/_next/static/chunks/node_modules_next_dist_1e8vcs8._.js:1052
[ 7357489ms] [ERROR] ./components/landing/LeaderboardSection.tsx:181:14
Error: Expected '</', got 'jsx text'
  179 |           View Full Leaderboard →
  180 |         </p>
> 181 |       </Card>
      |              ^^^^^^^^^^^^^^^^^^^^^^^^^^^^^^^^^^^^^^^^^^^^^^^^^^^^^^^^^^^^^^^^^^^^^^^^^^^^^^^^^^^^
> 182 |     </section>
      | ^^^^
  183 |   );
  184 | }
  185 |

Parsing ecmascript source code failed

Import trace:
  Server Component:
    ./components/landing/LeaderboardSection.tsx
    ./app/page.tsx @ http://localhost:3000/_next/static/chunks/node_modules_next_dist_1e8vcs8._.js:1052
[ 7357549ms] [ERROR] ./components/landing/LeaderboardSection.tsx:181:14
Error: Expected '</', got 'jsx text'
  179 |           View Full Leaderboard →
  180 |         </p>
> 181 |       </Card>
      |              ^^^^^^^^^^^^^^^^^^^^^^^^^^^^^^^^^^^^^^^^^^^^^^^^^^^^^^^^^^^^^^^^^^^^^^^^^^^^^^^^^^^^
> 182 |     </section>
      | ^^^^
  183 |   );
  184 | }
  185 |

Parsing ecmascript source code failed

Import trace:
  Server Component:
    ./components/landing/LeaderboardSection.tsx
    ./app/page.tsx @ http://localhost:3000/_next/static/chunks/node_modules_next_dist_1e8vcs8._.js:1052
[ 7357606ms] [ERROR] ./components/landing/LeaderboardSection.tsx:181:14
Error: Expected '</', got 'jsx text'
  179 |           View Full Leaderboard →
  180 |         </p>
> 181 |       </Card>
      |              ^^^^^^^^^^^^^^^^^^^^^^^^^^^^^^^^^^^^^^^^^^^^^^^^^^^^^^^^^^^^^^^^^^^^^^^^^^^^^^^^^^^^
> 182 |     </section>
      | ^^^^
  183 |   );
  184 | }
  185 |

Parsing ecmascript source code failed

Import trace:
  Server Component:
    ./components/landing/LeaderboardSection.tsx
    ./app/page.tsx @ http://localhost:3000/_next/static/chunks/node_modules_next_dist_1e8vcs8._.js:1052
[ 7357682ms] [ERROR] ./components/landing/LeaderboardSection.tsx:181:14
Error: Expected '</', got 'jsx text'
  179 |           View Full Leaderboard →
  180 |         </p>
> 181 |       </Card>
      |              ^^^^^^^^^^^^^^^^^^^^^^^^^^^^^^^^^^^^^^^^^^^^^^^^^^^^^^^^^^^^^^^^^^^^^^^^^^^^^^^^^^^^
> 182 |     </section>
      | ^^^^
  183 |   );
  184 | }
  185 |

Parsing ecmascript source code failed

Import trace:
  Server Component:
    ./components/landing/LeaderboardSection.tsx
    ./app/page.tsx @ http://localhost:3000/_next/static/chunks/node_modules_next_dist_1e8vcs8._.js:1052
[ 7357739ms] [ERROR] ./components/landing/LeaderboardSection.tsx:181:14
Error: Expected '</', got 'jsx text'
  179 |           View Full Leaderboard →
  180 |         </p>
> 181 |       </Card>
      |              ^^^^^^^^^^^^^^^^^^^^^^^^^^^^^^^^^^^^^^^^^^^^^^^^^^^^^^^^^^^^^^^^^^^^^^^^^^^^^^^^^^^^
> 182 |     </section>
      | ^^^^
  183 |   );
  184 | }
  185 |

Parsing ecmascript source code failed

Import trace:
  Server Component:
    ./components/landing/LeaderboardSection.tsx
    ./app/page.tsx @ http://localhost:3000/_next/static/chunks/node_modules_next_dist_1e8vcs8._.js:1052
[ 7357791ms] [ERROR] ./components/landing/LeaderboardSection.tsx:181:14
Error: Expected '</', got 'jsx text'
  179 |           View Full Leaderboard →
  180 |         </p>
> 181 |       </Card>
      |              ^^^^^^^^^^^^^^^^^^^^^^^^^^^^^^^^^^^^^^^^^^^^^^^^^^^^^^^^^^^^^^^^^^^^^^^^^^^^^^^^^^^^
> 182 |     </section>
      | ^^^^
  183 |   );
  184 | }
  185 |

Parsing ecmascript source code failed

Import trace:
  Server Component:
    ./components/landing/LeaderboardSection.tsx
    ./app/page.tsx @ http://localhost:3000/_next/static/chunks/node_modules_next_dist_1e8vcs8._.js:1052
[ 7357865ms] [ERROR] ./components/landing/LeaderboardSection.tsx:181:14
Error: Expected '</', got 'jsx text'
  179 |           View Full Leaderboard →
  180 |         </p>
> 181 |       </Card>
      |              ^^^^^^^^^^^^^^^^^^^^^^^^^^^^^^^^^^^^^^^^^^^^^^^^^^^^^^^^^^^^^^^^^^^^^^^^^^^^^^^^^^^^
> 182 |     </section>
      | ^^^^
  183 |   );
  184 | }
  185 |

Parsing ecmascript source code failed

Import trace:
  Server Component:
    ./components/landing/LeaderboardSection.tsx
    ./app/page.tsx @ http://localhost:3000/_next/static/chunks/node_modules_next_dist_1e8vcs8._.js:1052
[ 7357923ms] [ERROR] ./components/landing/LeaderboardSection.tsx:181:14
Error: Expected '</', got 'jsx text'
  179 |           View Full Leaderboard →
  180 |         </p>
> 181 |       </Card>
      |              ^^^^^^^^^^^^^^^^^^^^^^^^^^^^^^^^^^^^^^^^^^^^^^^^^^^^^^^^^^^^^^^^^^^^^^^^^^^^^^^^^^^^
> 182 |     </section>
      | ^^^^
  183 |   );
  184 | }
  185 |

Parsing ecmascript source code failed

Import trace:
  Server Component:
    ./components/landing/LeaderboardSection.tsx
    ./app/page.tsx @ http://localhost:3000/_next/static/chunks/node_modules_next_dist_1e8vcs8._.js:1052
[ 7357992ms] [ERROR] ./components/landing/LeaderboardSection.tsx:181:14
Error: Expected '</', got 'jsx text'
  179 |           View Full Leaderboard →
  180 |         </p>
> 181 |       </Card>
      |              ^^^^^^^^^^^^^^^^^^^^^^^^^^^^^^^^^^^^^^^^^^^^^^^^^^^^^^^^^^^^^^^^^^^^^^^^^^^^^^^^^^^^
> 182 |     </section>
      | ^^^^
  183 |   );
  184 | }
  185 |

Parsing ecmascript source code failed

Import trace:
  Server Component:
    ./components/landing/LeaderboardSection.tsx
    ./app/page.tsx @ http://localhost:3000/_next/static/chunks/node_modules_next_dist_1e8vcs8._.js:1052
[ 7358048ms] [ERROR] ./components/landing/LeaderboardSection.tsx:181:14
Error: Expected '</', got 'jsx text'
  179 |           View Full Leaderboard →
  180 |         </p>
> 181 |       </Card>
      |              ^^^^^^^^^^^^^^^^^^^^^^^^^^^^^^^^^^^^^^^^^^^^^^^^^^^^^^^^^^^^^^^^^^^^^^^^^^^^^^^^^^^^
> 182 |     </section>
      | ^^^^
  183 |   );
  184 | }
  185 |

Parsing ecmascript source code failed

Import trace:
  Server Component:
    ./components/landing/LeaderboardSection.tsx
    ./app/page.tsx @ http://localhost:3000/_next/static/chunks/node_modules_next_dist_1e8vcs8._.js:1052
[ 7358116ms] [ERROR] ./components/landing/LeaderboardSection.tsx:181:14
Error: Expected '</', got 'jsx text'
  179 |           View Full Leaderboard →
  180 |         </p>
> 181 |       </Card>
      |              ^^^^^^^^^^^^^^^^^^^^^^^^^^^^^^^^^^^^^^^^^^^^^^^^^^^^^^^^^^^^^^^^^^^^^^^^^^^^^^^^^^^^
> 182 |     </section>
      | ^^^^
  183 |   );
  184 | }
  185 |

Parsing ecmascript source code failed

Import trace:
  Server Component:
    ./components/landing/LeaderboardSection.tsx
    ./app/page.tsx @ http://localhost:3000/_next/static/chunks/node_modules_next_dist_1e8vcs8._.js:1052
[ 7358172ms] [ERROR] ./components/landing/LeaderboardSection.tsx:181:14
Error: Expected '</', got 'jsx text'
  179 |           View Full Leaderboard →
  180 |         </p>
> 181 |       </Card>
      |              ^^^^^^^^^^^^^^^^^^^^^^^^^^^^^^^^^^^^^^^^^^^^^^^^^^^^^^^^^^^^^^^^^^^^^^^^^^^^^^^^^^^^
> 182 |     </section>
      | ^^^^
  183 |   );
  184 | }
  185 |

Parsing ecmascript source code failed

Import trace:
  Server Component:
    ./components/landing/LeaderboardSection.tsx
    ./app/page.tsx @ http://localhost:3000/_next/static/chunks/node_modules_next_dist_1e8vcs8._.js:1052
[ 7358231ms] [ERROR] ./components/landing/LeaderboardSection.tsx:181:14
Error: Expected '</', got 'jsx text'
  179 |           View Full Leaderboard →
  180 |         </p>
> 181 |       </Card>
      |              ^^^^^^^^^^^^^^^^^^^^^^^^^^^^^^^^^^^^^^^^^^^^^^^^^^^^^^^^^^^^^^^^^^^^^^^^^^^^^^^^^^^^
> 182 |     </section>
      | ^^^^
  183 |   );
  184 | }
  185 |

Parsing ecmascript source code failed

Import trace:
  Server Component:
    ./components/landing/LeaderboardSection.tsx
    ./app/page.tsx @ http://localhost:3000/_next/static/chunks/node_modules_next_dist_1e8vcs8._.js:1052
[ 7358289ms] [ERROR] ./components/landing/LeaderboardSection.tsx:181:14
Error: Expected '</', got 'jsx text'
  179 |           View Full Leaderboard →
  180 |         </p>
> 181 |       </Card>
      |              ^^^^^^^^^^^^^^^^^^^^^^^^^^^^^^^^^^^^^^^^^^^^^^^^^^^^^^^^^^^^^^^^^^^^^^^^^^^^^^^^^^^^
> 182 |     </section>
      | ^^^^
  183 |   );
  184 | }
  185 |

Parsing ecmascript source code failed

Import trace:
  Server Component:
    ./components/landing/LeaderboardSection.tsx
    ./app/page.tsx @ http://localhost:3000/_next/static/chunks/node_modules_next_dist_1e8vcs8._.js:1052
[ 7358341ms] [ERROR] ./components/landing/LeaderboardSection.tsx:181:14
Error: Expected '</', got 'jsx text'
  179 |           View Full Leaderboard →
  180 |         </p>
> 181 |       </Card>
      |              ^^^^^^^^^^^^^^^^^^^^^^^^^^^^^^^^^^^^^^^^^^^^^^^^^^^^^^^^^^^^^^^^^^^^^^^^^^^^^^^^^^^^
> 182 |     </section>
      | ^^^^
  183 |   );
  184 | }
  185 |

Parsing ecmascript source code failed

Import trace:
  Server Component:
    ./components/landing/LeaderboardSection.tsx
    ./app/page.tsx @ http://localhost:3000/_next/static/chunks/node_modules_next_dist_1e8vcs8._.js:1052
[ 7358409ms] [ERROR] ./components/landing/LeaderboardSection.tsx:181:14
Error: Expected '</', got 'jsx text'
  179 |           View Full Leaderboard →
  180 |         </p>
> 181 |       </Card>
      |              ^^^^^^^^^^^^^^^^^^^^^^^^^^^^^^^^^^^^^^^^^^^^^^^^^^^^^^^^^^^^^^^^^^^^^^^^^^^^^^^^^^^^
> 182 |     </section>
      | ^^^^
  183 |   );
  184 | }
  185 |

Parsing ecmascript source code failed

Import trace:
  Server Component:
    ./components/landing/LeaderboardSection.tsx
    ./app/page.tsx @ http://localhost:3000/_next/static/chunks/node_modules_next_dist_1e8vcs8._.js:1052
[ 7358466ms] [ERROR] ./components/landing/LeaderboardSection.tsx:181:14
Error: Expected '</', got 'jsx text'
  179 |           View Full Leaderboard →
  180 |         </p>
> 181 |       </Card>
      |              ^^^^^^^^^^^^^^^^^^^^^^^^^^^^^^^^^^^^^^^^^^^^^^^^^^^^^^^^^^^^^^^^^^^^^^^^^^^^^^^^^^^^
> 182 |     </section>
      | ^^^^
  183 |   );
  184 | }
  185 |

Parsing ecmascript source code failed

Import trace:
  Server Component:
    ./components/landing/LeaderboardSection.tsx
    ./app/page.tsx @ http://localhost:3000/_next/static/chunks/node_modules_next_dist_1e8vcs8._.js:1052
[ 7358524ms] [ERROR] ./components/landing/LeaderboardSection.tsx:181:14
Error: Expected '</', got 'jsx text'
  179 |           View Full Leaderboard →
  180 |         </p>
> 181 |       </Card>
      |              ^^^^^^^^^^^^^^^^^^^^^^^^^^^^^^^^^^^^^^^^^^^^^^^^^^^^^^^^^^^^^^^^^^^^^^^^^^^^^^^^^^^^
> 182 |     </section>
      | ^^^^
  183 |   );
  184 | }
  185 |

Parsing ecmascript source code failed

Import trace:
  Server Component:
    ./components/landing/LeaderboardSection.tsx
    ./app/page.tsx @ http://localhost:3000/_next/static/chunks/node_modules_next_dist_1e8vcs8._.js:1052
[ 7358599ms] [ERROR] ./components/landing/LeaderboardSection.tsx:181:14
Error: Expected '</', got 'jsx text'
  179 |           View Full Leaderboard →
  180 |         </p>
> 181 |       </Card>
      |              ^^^^^^^^^^^^^^^^^^^^^^^^^^^^^^^^^^^^^^^^^^^^^^^^^^^^^^^^^^^^^^^^^^^^^^^^^^^^^^^^^^^^
> 182 |     </section>
      | ^^^^
  183 |   );
  184 | }
  185 |

Parsing ecmascript source code failed

Import trace:
  Server Component:
    ./components/landing/LeaderboardSection.tsx
    ./app/page.tsx @ http://localhost:3000/_next/static/chunks/node_modules_next_dist_1e8vcs8._.js:1052
[ 7358651ms] [ERROR] ./components/landing/LeaderboardSection.tsx:181:14
Error: Expected '</', got 'jsx text'
  179 |           View Full Leaderboard →
  180 |         </p>
> 181 |       </Card>
      |              ^^^^^^^^^^^^^^^^^^^^^^^^^^^^^^^^^^^^^^^^^^^^^^^^^^^^^^^^^^^^^^^^^^^^^^^^^^^^^^^^^^^^
> 182 |     </section>
      | ^^^^
  183 |   );
  184 | }
  185 |

Parsing ecmascript source code failed

Import trace:
  Server Component:
    ./components/landing/LeaderboardSection.tsx
    ./app/page.tsx @ http://localhost:3000/_next/static/chunks/node_modules_next_dist_1e8vcs8._.js:1052
[ 7358699ms] [ERROR] ./components/landing/LeaderboardSection.tsx:181:14
Error: Expected '</', got 'jsx text'
  179 |           View Full Leaderboard →
  180 |         </p>
> 181 |       </Card>
      |              ^^^^^^^^^^^^^^^^^^^^^^^^^^^^^^^^^^^^^^^^^^^^^^^^^^^^^^^^^^^^^^^^^^^^^^^^^^^^^^^^^^^^
> 182 |     </section>
      | ^^^^
  183 |   );
  184 | }
  185 |

Parsing ecmascript source code failed

Import trace:
  Server Component:
    ./components/landing/LeaderboardSection.tsx
    ./app/page.tsx @ http://localhost:3000/_next/static/chunks/node_modules_next_dist_1e8vcs8._.js:1052
[ 7358758ms] [ERROR] ./components/landing/LeaderboardSection.tsx:181:14
Error: Expected '</', got 'jsx text'
  179 |           View Full Leaderboard →
  180 |         </p>
> 181 |       </Card>
      |              ^^^^^^^^^^^^^^^^^^^^^^^^^^^^^^^^^^^^^^^^^^^^^^^^^^^^^^^^^^^^^^^^^^^^^^^^^^^^^^^^^^^^
> 182 |     </section>
      | ^^^^
  183 |   );
  184 | }
  185 |

Parsing ecmascript source code failed

Import trace:
  Server Component:
    ./components/landing/LeaderboardSection.tsx
    ./app/page.tsx @ http://localhost:3000/_next/static/chunks/node_modules_next_dist_1e8vcs8._.js:1052
[ 7358831ms] [ERROR] ./components/landing/LeaderboardSection.tsx:181:14
Error: Expected '</', got 'jsx text'
  179 |           View Full Leaderboard →
  180 |         </p>
> 181 |       </Card>
      |              ^^^^^^^^^^^^^^^^^^^^^^^^^^^^^^^^^^^^^^^^^^^^^^^^^^^^^^^^^^^^^^^^^^^^^^^^^^^^^^^^^^^^
> 182 |     </section>
      | ^^^^
  183 |   );
  184 | }
  185 |

Parsing ecmascript source code failed

Import trace:
  Server Component:
    ./components/landing/LeaderboardSection.tsx
    ./app/page.tsx @ http://localhost:3000/_next/static/chunks/node_modules_next_dist_1e8vcs8._.js:1052
[ 7358892ms] [ERROR] ./components/landing/LeaderboardSection.tsx:181:14
Error: Expected '</', got 'jsx text'
  179 |           View Full Leaderboard →
  180 |         </p>
> 181 |       </Card>
      |              ^^^^^^^^^^^^^^^^^^^^^^^^^^^^^^^^^^^^^^^^^^^^^^^^^^^^^^^^^^^^^^^^^^^^^^^^^^^^^^^^^^^^
> 182 |     </section>
      | ^^^^
  183 |   );
  184 | }
  185 |

Parsing ecmascript source code failed

Import trace:
  Server Component:
    ./components/landing/LeaderboardSection.tsx
    ./app/page.tsx @ http://localhost:3000/_next/static/chunks/node_modules_next_dist_1e8vcs8._.js:1052
[ 7358965ms] [ERROR] ./components/landing/LeaderboardSection.tsx:181:14
Error: Expected '</', got 'jsx text'
  179 |           View Full Leaderboard →
  180 |         </p>
> 181 |       </Card>
      |              ^^^^^^^^^^^^^^^^^^^^^^^^^^^^^^^^^^^^^^^^^^^^^^^^^^^^^^^^^^^^^^^^^^^^^^^^^^^^^^^^^^^^
> 182 |     </section>
      | ^^^^
  183 |   );
  184 | }
  185 |

Parsing ecmascript source code failed

Import trace:
  Server Component:
    ./components/landing/LeaderboardSection.tsx
    ./app/page.tsx @ http://localhost:3000/_next/static/chunks/node_modules_next_dist_1e8vcs8._.js:1052
[ 7359023ms] [ERROR] ./components/landing/LeaderboardSection.tsx:181:14
Error: Expected '</', got 'jsx text'
  179 |           View Full Leaderboard →
  180 |         </p>
> 181 |       </Card>
      |              ^^^^^^^^^^^^^^^^^^^^^^^^^^^^^^^^^^^^^^^^^^^^^^^^^^^^^^^^^^^^^^^^^^^^^^^^^^^^^^^^^^^^
> 182 |     </section>
      | ^^^^
  183 |   );
  184 | }
  185 |

Parsing ecmascript source code failed

Import trace:
  Server Component:
    ./components/landing/LeaderboardSection.tsx
    ./app/page.tsx @ http://localhost:3000/_next/static/chunks/node_modules_next_dist_1e8vcs8._.js:1052
[ 7359075ms] [ERROR] ./components/landing/LeaderboardSection.tsx:181:14
Error: Expected '</', got 'jsx text'
  179 |           View Full Leaderboard →
  180 |         </p>
> 181 |       </Card>
      |              ^^^^^^^^^^^^^^^^^^^^^^^^^^^^^^^^^^^^^^^^^^^^^^^^^^^^^^^^^^^^^^^^^^^^^^^^^^^^^^^^^^^^
> 182 |     </section>
      | ^^^^
  183 |   );
  184 | }
  185 |

Parsing ecmascript source code failed

Import trace:
  Server Component:
    ./components/landing/LeaderboardSection.tsx
    ./app/page.tsx @ http://localhost:3000/_next/static/chunks/node_modules_next_dist_1e8vcs8._.js:1052
[ 7359125ms] [ERROR] ./components/landing/LeaderboardSection.tsx:181:14
Error: Expected '</', got 'jsx text'
  179 |           View Full Leaderboard →
  180 |         </p>
> 181 |       </Card>
      |              ^^^^^^^^^^^^^^^^^^^^^^^^^^^^^^^^^^^^^^^^^^^^^^^^^^^^^^^^^^^^^^^^^^^^^^^^^^^^^^^^^^^^
> 182 |     </section>
      | ^^^^
  183 |   );
  184 | }
  185 |

Parsing ecmascript source code failed

Import trace:
  Server Component:
    ./components/landing/LeaderboardSection.tsx
    ./app/page.tsx @ http://localhost:3000/_next/static/chunks/node_modules_next_dist_1e8vcs8._.js:1052
[ 7359182ms] [ERROR] ./components/landing/LeaderboardSection.tsx:181:14
Error: Expected '</', got 'jsx text'
  179 |           View Full Leaderboard →
  180 |         </p>
> 181 |       </Card>
      |              ^^^^^^^^^^^^^^^^^^^^^^^^^^^^^^^^^^^^^^^^^^^^^^^^^^^^^^^^^^^^^^^^^^^^^^^^^^^^^^^^^^^^
> 182 |     </section>
      | ^^^^
  183 |   );
  184 | }
  185 |

Parsing ecmascript source code failed

Import trace:
  Server Component:
    ./components/landing/LeaderboardSection.tsx
    ./app/page.tsx @ http://localhost:3000/_next/static/chunks/node_modules_next_dist_1e8vcs8._.js:1052
[ 7359246ms] [ERROR] ./components/landing/LeaderboardSection.tsx:181:14
Error: Expected '</', got 'jsx text'
  179 |           View Full Leaderboard →
  180 |         </p>
> 181 |       </Card>
      |              ^^^^^^^^^^^^^^^^^^^^^^^^^^^^^^^^^^^^^^^^^^^^^^^^^^^^^^^^^^^^^^^^^^^^^^^^^^^^^^^^^^^^
> 182 |     </section>
      | ^^^^
  183 |   );
  184 | }
  185 |

Parsing ecmascript source code failed

Import trace:
  Server Component:
    ./components/landing/LeaderboardSection.tsx
    ./app/page.tsx @ http://localhost:3000/_next/static/chunks/node_modules_next_dist_1e8vcs8._.js:1052
[ 7359299ms] [ERROR] ./components/landing/LeaderboardSection.tsx:181:14
Error: Expected '</', got 'jsx text'
  179 |           View Full Leaderboard →
  180 |         </p>
> 181 |       </Card>
      |              ^^^^^^^^^^^^^^^^^^^^^^^^^^^^^^^^^^^^^^^^^^^^^^^^^^^^^^^^^^^^^^^^^^^^^^^^^^^^^^^^^^^^
> 182 |     </section>
      | ^^^^
  183 |   );
  184 | }
  185 |

Parsing ecmascript source code failed

Import trace:
  Server Component:
    ./components/landing/LeaderboardSection.tsx
    ./app/page.tsx @ http://localhost:3000/_next/static/chunks/node_modules_next_dist_1e8vcs8._.js:1052
[ 7359356ms] [ERROR] ./components/landing/LeaderboardSection.tsx:181:14
Error: Expected '</', got 'jsx text'
  179 |           View Full Leaderboard →
  180 |         </p>
> 181 |       </Card>
      |              ^^^^^^^^^^^^^^^^^^^^^^^^^^^^^^^^^^^^^^^^^^^^^^^^^^^^^^^^^^^^^^^^^^^^^^^^^^^^^^^^^^^^
> 182 |     </section>
      | ^^^^
  183 |   );
  184 | }
  185 |

Parsing ecmascript source code failed

Import trace:
  Server Component:
    ./components/landing/LeaderboardSection.tsx
    ./app/page.tsx @ http://localhost:3000/_next/static/chunks/node_modules_next_dist_1e8vcs8._.js:1052
[ 7359408ms] [ERROR] ./components/landing/LeaderboardSection.tsx:181:14
Error: Expected '</', got 'jsx text'
  179 |           View Full Leaderboard →
  180 |         </p>
> 181 |       </Card>
      |              ^^^^^^^^^^^^^^^^^^^^^^^^^^^^^^^^^^^^^^^^^^^^^^^^^^^^^^^^^^^^^^^^^^^^^^^^^^^^^^^^^^^^
> 182 |     </section>
      | ^^^^
  183 |   );
  184 | }
  185 |

Parsing ecmascript source code failed

Import trace:
  Server Component:
    ./components/landing/LeaderboardSection.tsx
    ./app/page.tsx @ http://localhost:3000/_next/static/chunks/node_modules_next_dist_1e8vcs8._.js:1052
[ 7359464ms] [ERROR] ./components/landing/LeaderboardSection.tsx:181:14
Error: Expected '</', got 'jsx text'
  179 |           View Full Leaderboard →
  180 |         </p>
> 181 |       </Card>
      |              ^^^^^^^^^^^^^^^^^^^^^^^^^^^^^^^^^^^^^^^^^^^^^^^^^^^^^^^^^^^^^^^^^^^^^^^^^^^^^^^^^^^^
> 182 |     </section>
      | ^^^^
  183 |   );
  184 | }
  185 |

Parsing ecmascript source code failed

Import trace:
  Server Component:
    ./components/landing/LeaderboardSection.tsx
    ./app/page.tsx @ http://localhost:3000/_next/static/chunks/node_modules_next_dist_1e8vcs8._.js:1052
[ 7359532ms] [ERROR] ./components/landing/LeaderboardSection.tsx:181:14
Error: Expected '</', got 'jsx text'
  179 |           View Full Leaderboard →
  180 |         </p>
> 181 |       </Card>
      |              ^^^^^^^^^^^^^^^^^^^^^^^^^^^^^^^^^^^^^^^^^^^^^^^^^^^^^^^^^^^^^^^^^^^^^^^^^^^^^^^^^^^^
> 182 |     </section>
      | ^^^^
  183 |   );
  184 | }
  185 |

Parsing ecmascript source code failed

Import trace:
  Server Component:
    ./components/landing/LeaderboardSection.tsx
    ./app/page.tsx @ http://localhost:3000/_next/static/chunks/node_modules_next_dist_1e8vcs8._.js:1052
[ 7359594ms] [ERROR] ./components/landing/LeaderboardSection.tsx:181:14
Error: Expected '</', got 'jsx text'
  179 |           View Full Leaderboard →
  180 |         </p>
> 181 |       </Card>
      |              ^^^^^^^^^^^^^^^^^^^^^^^^^^^^^^^^^^^^^^^^^^^^^^^^^^^^^^^^^^^^^^^^^^^^^^^^^^^^^^^^^^^^
> 182 |     </section>
      | ^^^^
  183 |   );
  184 | }
  185 |

Parsing ecmascript source code failed

Import trace:
  Server Component:
    ./components/landing/LeaderboardSection.tsx
    ./app/page.tsx @ http://localhost:3000/_next/static/chunks/node_modules_next_dist_1e8vcs8._.js:1052
[ 7359657ms] [ERROR] ./components/landing/LeaderboardSection.tsx:181:14
Error: Expected '</', got 'jsx text'
  179 |           View Full Leaderboard →
  180 |         </p>
> 181 |       </Card>
      |              ^^^^^^^^^^^^^^^^^^^^^^^^^^^^^^^^^^^^^^^^^^^^^^^^^^^^^^^^^^^^^^^^^^^^^^^^^^^^^^^^^^^^
> 182 |     </section>
      | ^^^^
  183 |   );
  184 | }
  185 |

Parsing ecmascript source code failed

Import trace:
  Server Component:
    ./components/landing/LeaderboardSection.tsx
    ./app/page.tsx @ http://localhost:3000/_next/static/chunks/node_modules_next_dist_1e8vcs8._.js:1052
[ 7359822ms] [ERROR] ./components/landing/LeaderboardSection.tsx:181:14
Error: Expected '</', got 'jsx text'
  179 |           View Full Leaderboard →
  180 |         </p>
> 181 |       </Card>
      |              ^^^^^^^^^^^^^^^^^^^^^^^^^^^^^^^^^^^^^^^^^^^^^^^^^^^^^^^^^^^^^^^^^^^^^^^^^^^^^^^^^^^^
> 182 |     </section>
      | ^^^^
  183 |   );
  184 | }
  185 |

Parsing ecmascript source code failed

Import trace:
  Server Component:
    ./components/landing/LeaderboardSection.tsx
    ./app/page.tsx @ http://localhost:3000/_next/static/chunks/node_modules_next_dist_1e8vcs8._.js:1052
[ 7359896ms] [ERROR] ./components/landing/LeaderboardSection.tsx:181:14
Error: Expected '</', got 'jsx text'
  179 |           View Full Leaderboard →
  180 |         </p>
> 181 |       </Card>
      |              ^^^^^^^^^^^^^^^^^^^^^^^^^^^^^^^^^^^^^^^^^^^^^^^^^^^^^^^^^^^^^^^^^^^^^^^^^^^^^^^^^^^^
> 182 |     </section>
      | ^^^^
  183 |   );
  184 | }
  185 |

Parsing ecmascript source code failed

Import trace:
  Server Component:
    ./components/landing/LeaderboardSection.tsx
    ./app/page.tsx @ http://localhost:3000/_next/static/chunks/node_modules_next_dist_1e8vcs8._.js:1052
[ 7359949ms] [ERROR] ./components/landing/LeaderboardSection.tsx:181:14
Error: Expected '</', got 'jsx text'
  179 |           View Full Leaderboard →
  180 |         </p>
> 181 |       </Card>
      |              ^^^^^^^^^^^^^^^^^^^^^^^^^^^^^^^^^^^^^^^^^^^^^^^^^^^^^^^^^^^^^^^^^^^^^^^^^^^^^^^^^^^^
> 182 |     </section>
      | ^^^^
  183 |   );
  184 | }
  185 |

Parsing ecmascript source code failed

Import trace:
  Server Component:
    ./components/landing/LeaderboardSection.tsx
    ./app/page.tsx @ http://localhost:3000/_next/static/chunks/node_modules_next_dist_1e8vcs8._.js:1052
[ 7360009ms] [ERROR] ./components/landing/LeaderboardSection.tsx:181:14
Error: Expected '</', got 'jsx text'
  179 |           View Full Leaderboard →
  180 |         </p>
> 181 |       </Card>
      |              ^^^^^^^^^^^^^^^^^^^^^^^^^^^^^^^^^^^^^^^^^^^^^^^^^^^^^^^^^^^^^^^^^^^^^^^^^^^^^^^^^^^^
> 182 |     </section>
      | ^^^^
  183 |   );
  184 | }
  185 |

Parsing ecmascript source code failed

Import trace:
  Server Component:
    ./components/landing/LeaderboardSection.tsx
    ./app/page.tsx @ http://localhost:3000/_next/static/chunks/node_modules_next_dist_1e8vcs8._.js:1052
[ 7360066ms] [ERROR] ./components/landing/LeaderboardSection.tsx:181:14
Error: Expected '</', got 'jsx text'
  179 |           View Full Leaderboard →
  180 |         </p>
> 181 |       </Card>
      |              ^^^^^^^^^^^^^^^^^^^^^^^^^^^^^^^^^^^^^^^^^^^^^^^^^^^^^^^^^^^^^^^^^^^^^^^^^^^^^^^^^^^^
> 182 |     </section>
      | ^^^^
  183 |   );
  184 | }
  185 |

Parsing ecmascript source code failed

Import trace:
  Server Component:
    ./components/landing/LeaderboardSection.tsx
    ./app/page.tsx @ http://localhost:3000/_next/static/chunks/node_modules_next_dist_1e8vcs8._.js:1052
[ 7360123ms] [ERROR] ./components/landing/LeaderboardSection.tsx:181:14
Error: Expected '</', got 'jsx text'
  179 |           View Full Leaderboard →
  180 |         </p>
> 181 |       </Card>
      |              ^^^^^^^^^^^^^^^^^^^^^^^^^^^^^^^^^^^^^^^^^^^^^^^^^^^^^^^^^^^^^^^^^^^^^^^^^^^^^^^^^^^^
> 182 |     </section>
      | ^^^^
  183 |   );
  184 | }
  185 |

Parsing ecmascript source code failed

Import trace:
  Server Component:
    ./components/landing/LeaderboardSection.tsx
    ./app/page.tsx @ http://localhost:3000/_next/static/chunks/node_modules_next_dist_1e8vcs8._.js:1052
[ 7360175ms] [ERROR] ./components/landing/LeaderboardSection.tsx:181:14
Error: Expected '</', got 'jsx text'
  179 |           View Full Leaderboard →
  180 |         </p>
> 181 |       </Card>
      |              ^^^^^^^^^^^^^^^^^^^^^^^^^^^^^^^^^^^^^^^^^^^^^^^^^^^^^^^^^^^^^^^^^^^^^^^^^^^^^^^^^^^^
> 182 |     </section>
      | ^^^^
  183 |   );
  184 | }
  185 |

Parsing ecmascript source code failed

Import trace:
  Server Component:
    ./components/landing/LeaderboardSection.tsx
    ./app/page.tsx @ http://localhost:3000/_next/static/chunks/node_modules_next_dist_1e8vcs8._.js:1052
[ 7360232ms] [ERROR] ./components/landing/LeaderboardSection.tsx:181:14
Error: Expected '</', got 'jsx text'
  179 |           View Full Leaderboard →
  180 |         </p>
> 181 |       </Card>
      |              ^^^^^^^^^^^^^^^^^^^^^^^^^^^^^^^^^^^^^^^^^^^^^^^^^^^^^^^^^^^^^^^^^^^^^^^^^^^^^^^^^^^^
> 182 |     </section>
      | ^^^^
  183 |   );
  184 | }
  185 |

Parsing ecmascript source code failed

Import trace:
  Server Component:
    ./components/landing/LeaderboardSection.tsx
    ./app/page.tsx @ http://localhost:3000/_next/static/chunks/node_modules_next_dist_1e8vcs8._.js:1052
[ 7360292ms] [ERROR] ./components/landing/LeaderboardSection.tsx:181:14
Error: Expected '</', got 'jsx text'
  179 |           View Full Leaderboard →
  180 |         </p>
> 181 |       </Card>
      |              ^^^^^^^^^^^^^^^^^^^^^^^^^^^^^^^^^^^^^^^^^^^^^^^^^^^^^^^^^^^^^^^^^^^^^^^^^^^^^^^^^^^^
> 182 |     </section>
      | ^^^^
  183 |   );
  184 | }
  185 |

Parsing ecmascript source code failed

Import trace:
  Server Component:
    ./components/landing/LeaderboardSection.tsx
    ./app/page.tsx @ http://localhost:3000/_next/static/chunks/node_modules_next_dist_1e8vcs8._.js:1052
[ 7360364ms] [ERROR] ./components/landing/LeaderboardSection.tsx:181:14
Error: Expected '</', got 'jsx text'
  179 |           View Full Leaderboard →
  180 |         </p>
> 181 |       </Card>
      |              ^^^^^^^^^^^^^^^^^^^^^^^^^^^^^^^^^^^^^^^^^^^^^^^^^^^^^^^^^^^^^^^^^^^^^^^^^^^^^^^^^^^^
> 182 |     </section>
      | ^^^^
  183 |   );
  184 | }
  185 |

Parsing ecmascript source code failed

Import trace:
  Server Component:
    ./components/landing/LeaderboardSection.tsx
    ./app/page.tsx @ http://localhost:3000/_next/static/chunks/node_modules_next_dist_1e8vcs8._.js:1052
[ 7360423ms] [ERROR] ./components/landing/LeaderboardSection.tsx:181:14
Error: Expected '</', got 'jsx text'
  179 |           View Full Leaderboard →
  180 |         </p>
> 181 |       </Card>
      |              ^^^^^^^^^^^^^^^^^^^^^^^^^^^^^^^^^^^^^^^^^^^^^^^^^^^^^^^^^^^^^^^^^^^^^^^^^^^^^^^^^^^^
> 182 |     </section>
      | ^^^^
  183 |   );
  184 | }
  185 |

Parsing ecmascript source code failed

Import trace:
  Server Component:
    ./components/landing/LeaderboardSection.tsx
    ./app/page.tsx @ http://localhost:3000/_next/static/chunks/node_modules_next_dist_1e8vcs8._.js:1052
[ 7360474ms] [ERROR] ./components/landing/LeaderboardSection.tsx:181:14
Error: Expected '</', got 'jsx text'
  179 |           View Full Leaderboard →
  180 |         </p>
> 181 |       </Card>
      |              ^^^^^^^^^^^^^^^^^^^^^^^^^^^^^^^^^^^^^^^^^^^^^^^^^^^^^^^^^^^^^^^^^^^^^^^^^^^^^^^^^^^^
> 182 |     </section>
      | ^^^^
  183 |   );
  184 | }
  185 |

Parsing ecmascript source code failed

Import trace:
  Server Component:
    ./components/landing/LeaderboardSection.tsx
    ./app/page.tsx @ http://localhost:3000/_next/static/chunks/node_modules_next_dist_1e8vcs8._.js:1052
[ 7360541ms] [ERROR] ./components/landing/LeaderboardSection.tsx:181:14
Error: Expected '</', got 'jsx text'
  179 |           View Full Leaderboard →
  180 |         </p>
> 181 |       </Card>
      |              ^^^^^^^^^^^^^^^^^^^^^^^^^^^^^^^^^^^^^^^^^^^^^^^^^^^^^^^^^^^^^^^^^^^^^^^^^^^^^^^^^^^^
> 182 |     </section>
      | ^^^^
  183 |   );
  184 | }
  185 |

Parsing ecmascript source code failed

Import trace:
  Server Component:
    ./components/landing/LeaderboardSection.tsx
    ./app/page.tsx @ http://localhost:3000/_next/static/chunks/node_modules_next_dist_1e8vcs8._.js:1052
[ 7360592ms] [ERROR] ./components/landing/LeaderboardSection.tsx:181:14
Error: Expected '</', got 'jsx text'
  179 |           View Full Leaderboard →
  180 |         </p>
> 181 |       </Card>
      |              ^^^^^^^^^^^^^^^^^^^^^^^^^^^^^^^^^^^^^^^^^^^^^^^^^^^^^^^^^^^^^^^^^^^^^^^^^^^^^^^^^^^^
> 182 |     </section>
      | ^^^^
  183 |   );
  184 | }
  185 |

Parsing ecmascript source code failed

Import trace:
  Server Component:
    ./components/landing/LeaderboardSection.tsx
    ./app/page.tsx @ http://localhost:3000/_next/static/chunks/node_modules_next_dist_1e8vcs8._.js:1052
[ 7360655ms] [ERROR] ./components/landing/LeaderboardSection.tsx:181:14
Error: Expected '</', got 'jsx text'
  179 |           View Full Leaderboard →
  180 |         </p>
> 181 |       </Card>
      |              ^^^^^^^^^^^^^^^^^^^^^^^^^^^^^^^^^^^^^^^^^^^^^^^^^^^^^^^^^^^^^^^^^^^^^^^^^^^^^^^^^^^^
> 182 |     </section>
      | ^^^^
  183 |   );
  184 | }
  185 |

Parsing ecmascript source code failed

Import trace:
  Server Component:
    ./components/landing/LeaderboardSection.tsx
    ./app/page.tsx @ http://localhost:3000/_next/static/chunks/node_modules_next_dist_1e8vcs8._.js:1052
[ 7360720ms] [ERROR] ./components/landing/LeaderboardSection.tsx:181:14
Error: Expected '</', got 'jsx text'
  179 |           View Full Leaderboard →
  180 |         </p>
> 181 |       </Card>
      |              ^^^^^^^^^^^^^^^^^^^^^^^^^^^^^^^^^^^^^^^^^^^^^^^^^^^^^^^^^^^^^^^^^^^^^^^^^^^^^^^^^^^^
> 182 |     </section>
      | ^^^^
  183 |   );
  184 | }
  185 |

Parsing ecmascript source code failed

Import trace:
  Server Component:
    ./components/landing/LeaderboardSection.tsx
    ./app/page.tsx @ http://localhost:3000/_next/static/chunks/node_modules_next_dist_1e8vcs8._.js:1052
[ 7360785ms] [ERROR] ./components/landing/LeaderboardSection.tsx:181:14
Error: Expected '</', got 'jsx text'
  179 |           View Full Leaderboard →
  180 |         </p>
> 181 |       </Card>
      |              ^^^^^^^^^^^^^^^^^^^^^^^^^^^^^^^^^^^^^^^^^^^^^^^^^^^^^^^^^^^^^^^^^^^^^^^^^^^^^^^^^^^^
> 182 |     </section>
      | ^^^^
  183 |   );
  184 | }
  185 |

Parsing ecmascript source code failed

Import trace:
  Server Component:
    ./components/landing/LeaderboardSection.tsx
    ./app/page.tsx @ http://localhost:3000/_next/static/chunks/node_modules_next_dist_1e8vcs8._.js:1052
[ 7360842ms] [ERROR] ./components/landing/LeaderboardSection.tsx:181:14
Error: Expected '</', got 'jsx text'
  179 |           View Full Leaderboard →
  180 |         </p>
> 181 |       </Card>
      |              ^^^^^^^^^^^^^^^^^^^^^^^^^^^^^^^^^^^^^^^^^^^^^^^^^^^^^^^^^^^^^^^^^^^^^^^^^^^^^^^^^^^^
> 182 |     </section>
      | ^^^^
  183 |   );
  184 | }
  185 |

Parsing ecmascript source code failed

Import trace:
  Server Component:
    ./components/landing/LeaderboardSection.tsx
    ./app/page.tsx @ http://localhost:3000/_next/static/chunks/node_modules_next_dist_1e8vcs8._.js:1052
[ 7360899ms] [ERROR] ./components/landing/LeaderboardSection.tsx:181:14
Error: Expected '</', got 'jsx text'
  179 |           View Full Leaderboard →
  180 |         </p>
> 181 |       </Card>
      |              ^^^^^^^^^^^^^^^^^^^^^^^^^^^^^^^^^^^^^^^^^^^^^^^^^^^^^^^^^^^^^^^^^^^^^^^^^^^^^^^^^^^^
> 182 |     </section>
      | ^^^^
  183 |   );
  184 | }
  185 |

Parsing ecmascript source code failed

Import trace:
  Server Component:
    ./components/landing/LeaderboardSection.tsx
    ./app/page.tsx @ http://localhost:3000/_next/static/chunks/node_modules_next_dist_1e8vcs8._.js:1052
[ 7360950ms] [ERROR] ./components/landing/LeaderboardSection.tsx:181:14
Error: Expected '</', got 'jsx text'
  179 |           View Full Leaderboard →
  180 |         </p>
> 181 |       </Card>
      |              ^^^^^^^^^^^^^^^^^^^^^^^^^^^^^^^^^^^^^^^^^^^^^^^^^^^^^^^^^^^^^^^^^^^^^^^^^^^^^^^^^^^^
> 182 |     </section>
      | ^^^^
  183 |   );
  184 | }
  185 |

Parsing ecmascript source code failed

Import trace:
  Server Component:
    ./components/landing/LeaderboardSection.tsx
    ./app/page.tsx @ http://localhost:3000/_next/static/chunks/node_modules_next_dist_1e8vcs8._.js:1052
[ 7361014ms] [ERROR] ./components/landing/LeaderboardSection.tsx:181:14
Error: Expected '</', got 'jsx text'
  179 |           View Full Leaderboard →
  180 |         </p>
> 181 |       </Card>
      |              ^^^^^^^^^^^^^^^^^^^^^^^^^^^^^^^^^^^^^^^^^^^^^^^^^^^^^^^^^^^^^^^^^^^^^^^^^^^^^^^^^^^^
> 182 |     </section>
      | ^^^^
  183 |   );
  184 | }
  185 |

Parsing ecmascript source code failed

Import trace:
  Server Component:
    ./components/landing/LeaderboardSection.tsx
    ./app/page.tsx @ http://localhost:3000/_next/static/chunks/node_modules_next_dist_1e8vcs8._.js:1052
[ 7361068ms] [ERROR] ./components/landing/LeaderboardSection.tsx:181:14
Error: Expected '</', got 'jsx text'
  179 |           View Full Leaderboard →
  180 |         </p>
> 181 |       </Card>
      |              ^^^^^^^^^^^^^^^^^^^^^^^^^^^^^^^^^^^^^^^^^^^^^^^^^^^^^^^^^^^^^^^^^^^^^^^^^^^^^^^^^^^^
> 182 |     </section>
      | ^^^^
  183 |   );
  184 | }
  185 |

Parsing ecmascript source code failed

Import trace:
  Server Component:
    ./components/landing/LeaderboardSection.tsx
    ./app/page.tsx @ http://localhost:3000/_next/static/chunks/node_modules_next_dist_1e8vcs8._.js:1052
[ 7361126ms] [ERROR] ./components/landing/LeaderboardSection.tsx:181:14
Error: Expected '</', got 'jsx text'
  179 |           View Full Leaderboard →
  180 |         </p>
> 181 |       </Card>
      |              ^^^^^^^^^^^^^^^^^^^^^^^^^^^^^^^^^^^^^^^^^^^^^^^^^^^^^^^^^^^^^^^^^^^^^^^^^^^^^^^^^^^^
> 182 |     </section>
      | ^^^^
  183 |   );
  184 | }
  185 |

Parsing ecmascript source code failed

Import trace:
  Server Component:
    ./components/landing/LeaderboardSection.tsx
    ./app/page.tsx @ http://localhost:3000/_next/static/chunks/node_modules_next_dist_1e8vcs8._.js:1052
[ 7361182ms] [ERROR] ./components/landing/LeaderboardSection.tsx:181:14
Error: Expected '</', got 'jsx text'
  179 |           View Full Leaderboard →
  180 |         </p>
> 181 |       </Card>
      |              ^^^^^^^^^^^^^^^^^^^^^^^^^^^^^^^^^^^^^^^^^^^^^^^^^^^^^^^^^^^^^^^^^^^^^^^^^^^^^^^^^^^^
> 182 |     </section>
      | ^^^^
  183 |   );
  184 | }
  185 |

Parsing ecmascript source code failed

Import trace:
  Server Component:
    ./components/landing/LeaderboardSection.tsx
    ./app/page.tsx @ http://localhost:3000/_next/static/chunks/node_modules_next_dist_1e8vcs8._.js:1052
[ 7361241ms] [ERROR] ./components/landing/LeaderboardSection.tsx:181:14
Error: Expected '</', got 'jsx text'
  179 |           View Full Leaderboard →
  180 |         </p>
> 181 |       </Card>
      |              ^^^^^^^^^^^^^^^^^^^^^^^^^^^^^^^^^^^^^^^^^^^^^^^^^^^^^^^^^^^^^^^^^^^^^^^^^^^^^^^^^^^^
> 182 |     </section>
      | ^^^^
  183 |   );
  184 | }
  185 |

Parsing ecmascript source code failed

Import trace:
  Server Component:
    ./components/landing/LeaderboardSection.tsx
    ./app/page.tsx @ http://localhost:3000/_next/static/chunks/node_modules_next_dist_1e8vcs8._.js:1052
[ 7361302ms] [ERROR] ./components/landing/LeaderboardSection.tsx:181:14
Error: Expected '</', got 'jsx text'
  179 |           View Full Leaderboard →
  180 |         </p>
> 181 |       </Card>
      |              ^^^^^^^^^^^^^^^^^^^^^^^^^^^^^^^^^^^^^^^^^^^^^^^^^^^^^^^^^^^^^^^^^^^^^^^^^^^^^^^^^^^^
> 182 |     </section>
      | ^^^^
  183 |   );
  184 | }
  185 |

Parsing ecmascript source code failed

Import trace:
  Server Component:
    ./components/landing/LeaderboardSection.tsx
    ./app/page.tsx @ http://localhost:3000/_next/static/chunks/node_modules_next_dist_1e8vcs8._.js:1052
[ 7361370ms] [ERROR] ./components/landing/LeaderboardSection.tsx:181:14
Error: Expected '</', got 'jsx text'
  179 |           View Full Leaderboard →
  180 |         </p>
> 181 |       </Card>
      |              ^^^^^^^^^^^^^^^^^^^^^^^^^^^^^^^^^^^^^^^^^^^^^^^^^^^^^^^^^^^^^^^^^^^^^^^^^^^^^^^^^^^^
> 182 |     </section>
      | ^^^^
  183 |   );
  184 | }
  185 |

Parsing ecmascript source code failed

Import trace:
  Server Component:
    ./components/landing/LeaderboardSection.tsx
    ./app/page.tsx @ http://localhost:3000/_next/static/chunks/node_modules_next_dist_1e8vcs8._.js:1052
[ 7361432ms] [ERROR] ./components/landing/LeaderboardSection.tsx:181:14
Error: Expected '</', got 'jsx text'
  179 |           View Full Leaderboard →
  180 |         </p>
> 181 |       </Card>
      |              ^^^^^^^^^^^^^^^^^^^^^^^^^^^^^^^^^^^^^^^^^^^^^^^^^^^^^^^^^^^^^^^^^^^^^^^^^^^^^^^^^^^^
> 182 |     </section>
      | ^^^^
  183 |   );
  184 | }
  185 |

Parsing ecmascript source code failed

Import trace:
  Server Component:
    ./components/landing/LeaderboardSection.tsx
    ./app/page.tsx @ http://localhost:3000/_next/static/chunks/node_modules_next_dist_1e8vcs8._.js:1052
[ 7361502ms] [ERROR] ./components/landing/LeaderboardSection.tsx:181:14
Error: Expected '</', got 'jsx text'
  179 |           View Full Leaderboard →
  180 |         </p>
> 181 |       </Card>
      |              ^^^^^^^^^^^^^^^^^^^^^^^^^^^^^^^^^^^^^^^^^^^^^^^^^^^^^^^^^^^^^^^^^^^^^^^^^^^^^^^^^^^^
> 182 |     </section>
      | ^^^^
  183 |   );
  184 | }
  185 |

Parsing ecmascript source code failed

Import trace:
  Server Component:
    ./components/landing/LeaderboardSection.tsx
    ./app/page.tsx @ http://localhost:3000/_next/static/chunks/node_modules_next_dist_1e8vcs8._.js:1052
[ 7361557ms] [ERROR] ./components/landing/LeaderboardSection.tsx:181:14
Error: Expected '</', got 'jsx text'
  179 |           View Full Leaderboard →
  180 |         </p>
> 181 |       </Card>
      |              ^^^^^^^^^^^^^^^^^^^^^^^^^^^^^^^^^^^^^^^^^^^^^^^^^^^^^^^^^^^^^^^^^^^^^^^^^^^^^^^^^^^^
> 182 |     </section>
      | ^^^^
  183 |   );
  184 | }
  185 |

Parsing ecmascript source code failed

Import trace:
  Server Component:
    ./components/landing/LeaderboardSection.tsx
    ./app/page.tsx @ http://localhost:3000/_next/static/chunks/node_modules_next_dist_1e8vcs8._.js:1052
[ 7361625ms] [ERROR] ./components/landing/LeaderboardSection.tsx:181:14
Error: Expected '</', got 'jsx text'
  179 |           View Full Leaderboard →
  180 |         </p>
> 181 |       </Card>
      |              ^^^^^^^^^^^^^^^^^^^^^^^^^^^^^^^^^^^^^^^^^^^^^^^^^^^^^^^^^^^^^^^^^^^^^^^^^^^^^^^^^^^^
> 182 |     </section>
      | ^^^^
  183 |   );
  184 | }
  185 |

Parsing ecmascript source code failed

Import trace:
  Server Component:
    ./components/landing/LeaderboardSection.tsx
    ./app/page.tsx @ http://localhost:3000/_next/static/chunks/node_modules_next_dist_1e8vcs8._.js:1052
[ 7361693ms] [ERROR] ./components/landing/LeaderboardSection.tsx:181:14
Error: Expected '</', got 'jsx text'
  179 |           View Full Leaderboard →
  180 |         </p>
> 181 |       </Card>
      |              ^^^^^^^^^^^^^^^^^^^^^^^^^^^^^^^^^^^^^^^^^^^^^^^^^^^^^^^^^^^^^^^^^^^^^^^^^^^^^^^^^^^^
> 182 |     </section>
      | ^^^^
  183 |   );
  184 | }
  185 |

Parsing ecmascript source code failed

Import trace:
  Server Component:
    ./components/landing/LeaderboardSection.tsx
    ./app/page.tsx @ http://localhost:3000/_next/static/chunks/node_modules_next_dist_1e8vcs8._.js:1052
[ 7361752ms] [ERROR] ./components/landing/LeaderboardSection.tsx:181:14
Error: Expected '</', got 'jsx text'
  179 |           View Full Leaderboard →
  180 |         </p>
> 181 |       </Card>
      |              ^^^^^^^^^^^^^^^^^^^^^^^^^^^^^^^^^^^^^^^^^^^^^^^^^^^^^^^^^^^^^^^^^^^^^^^^^^^^^^^^^^^^
> 182 |     </section>
      | ^^^^
  183 |   );
  184 | }
  185 |

Parsing ecmascript source code failed

Import trace:
  Server Component:
    ./components/landing/LeaderboardSection.tsx
    ./app/page.tsx @ http://localhost:3000/_next/static/chunks/node_modules_next_dist_1e8vcs8._.js:1052
[ 7361806ms] [ERROR] ./components/landing/LeaderboardSection.tsx:181:14
Error: Expected '</', got 'jsx text'
  179 |           View Full Leaderboard →
  180 |         </p>
> 181 |       </Card>
      |              ^^^^^^^^^^^^^^^^^^^^^^^^^^^^^^^^^^^^^^^^^^^^^^^^^^^^^^^^^^^^^^^^^^^^^^^^^^^^^^^^^^^^
> 182 |     </section>
      | ^^^^
  183 |   );
  184 | }
  185 |

Parsing ecmascript source code failed

Import trace:
  Server Component:
    ./components/landing/LeaderboardSection.tsx
    ./app/page.tsx @ http://localhost:3000/_next/static/chunks/node_modules_next_dist_1e8vcs8._.js:1052
[ 7361858ms] [ERROR] ./components/landing/LeaderboardSection.tsx:181:14
Error: Expected '</', got 'jsx text'
  179 |           View Full Leaderboard →
  180 |         </p>
> 181 |       </Card>
      |              ^^^^^^^^^^^^^^^^^^^^^^^^^^^^^^^^^^^^^^^^^^^^^^^^^^^^^^^^^^^^^^^^^^^^^^^^^^^^^^^^^^^^
> 182 |     </section>
      | ^^^^
  183 |   );
  184 | }
  185 |

Parsing ecmascript source code failed

Import trace:
  Server Component:
    ./components/landing/LeaderboardSection.tsx
    ./app/page.tsx @ http://localhost:3000/_next/static/chunks/node_modules_next_dist_1e8vcs8._.js:1052
[ 7361925ms] [ERROR] ./components/landing/LeaderboardSection.tsx:181:14
Error: Expected '</', got 'jsx text'
  179 |           View Full Leaderboard →
  180 |         </p>
> 181 |       </Card>
      |              ^^^^^^^^^^^^^^^^^^^^^^^^^^^^^^^^^^^^^^^^^^^^^^^^^^^^^^^^^^^^^^^^^^^^^^^^^^^^^^^^^^^^
> 182 |     </section>
      | ^^^^
  183 |   );
  184 | }
  185 |

Parsing ecmascript source code failed

Import trace:
  Server Component:
    ./components/landing/LeaderboardSection.tsx
    ./app/page.tsx @ http://localhost:3000/_next/static/chunks/node_modules_next_dist_1e8vcs8._.js:1052
[ 7361988ms] [ERROR] ./components/landing/LeaderboardSection.tsx:181:14
Error: Expected '</', got 'jsx text'
  179 |           View Full Leaderboard →
  180 |         </p>
> 181 |       </Card>
      |              ^^^^^^^^^^^^^^^^^^^^^^^^^^^^^^^^^^^^^^^^^^^^^^^^^^^^^^^^^^^^^^^^^^^^^^^^^^^^^^^^^^^^
> 182 |     </section>
      | ^^^^
  183 |   );
  184 | }
  185 |

Parsing ecmascript source code failed

Import trace:
  Server Component:
    ./components/landing/LeaderboardSection.tsx
    ./app/page.tsx @ http://localhost:3000/_next/static/chunks/node_modules_next_dist_1e8vcs8._.js:1052
[ 7362040ms] [ERROR] ./components/landing/LeaderboardSection.tsx:181:14
Error: Expected '</', got 'jsx text'
  179 |           View Full Leaderboard →
  180 |         </p>
> 181 |       </Card>
      |              ^^^^^^^^^^^^^^^^^^^^^^^^^^^^^^^^^^^^^^^^^^^^^^^^^^^^^^^^^^^^^^^^^^^^^^^^^^^^^^^^^^^^
> 182 |     </section>
      | ^^^^
  183 |   );
  184 | }
  185 |

Parsing ecmascript source code failed

Import trace:
  Server Component:
    ./components/landing/LeaderboardSection.tsx
    ./app/page.tsx @ http://localhost:3000/_next/static/chunks/node_modules_next_dist_1e8vcs8._.js:1052
[ 7362091ms] [ERROR] ./components/landing/LeaderboardSection.tsx:181:14
Error: Expected '</', got 'jsx text'
  179 |           View Full Leaderboard →
  180 |         </p>
> 181 |       </Card>
      |              ^^^^^^^^^^^^^^^^^^^^^^^^^^^^^^^^^^^^^^^^^^^^^^^^^^^^^^^^^^^^^^^^^^^^^^^^^^^^^^^^^^^^
> 182 |     </section>
      | ^^^^
  183 |   );
  184 | }
  185 |

Parsing ecmascript source code failed

Import trace:
  Server Component:
    ./components/landing/LeaderboardSection.tsx
    ./app/page.tsx @ http://localhost:3000/_next/static/chunks/node_modules_next_dist_1e8vcs8._.js:1052
[ 7362142ms] [ERROR] ./components/landing/LeaderboardSection.tsx:181:14
Error: Expected '</', got 'jsx text'
  179 |           View Full Leaderboard →
  180 |         </p>
> 181 |       </Card>
      |              ^^^^^^^^^^^^^^^^^^^^^^^^^^^^^^^^^^^^^^^^^^^^^^^^^^^^^^^^^^^^^^^^^^^^^^^^^^^^^^^^^^^^
> 182 |     </section>
      | ^^^^
  183 |   );
  184 | }
  185 |

Parsing ecmascript source code failed

Import trace:
  Server Component:
    ./components/landing/LeaderboardSection.tsx
    ./app/page.tsx @ http://localhost:3000/_next/static/chunks/node_modules_next_dist_1e8vcs8._.js:1052
[ 7362204ms] [ERROR] ./components/landing/LeaderboardSection.tsx:181:14
Error: Expected '</', got 'jsx text'
  179 |           View Full Leaderboard →
  180 |         </p>
> 181 |       </Card>
      |              ^^^^^^^^^^^^^^^^^^^^^^^^^^^^^^^^^^^^^^^^^^^^^^^^^^^^^^^^^^^^^^^^^^^^^^^^^^^^^^^^^^^^
> 182 |     </section>
      | ^^^^
  183 |   );
  184 | }
  185 |

Parsing ecmascript source code failed

Import trace:
  Server Component:
    ./components/landing/LeaderboardSection.tsx
    ./app/page.tsx @ http://localhost:3000/_next/static/chunks/node_modules_next_dist_1e8vcs8._.js:1052
[ 7362270ms] [ERROR] ./components/landing/LeaderboardSection.tsx:181:14
Error: Expected '</', got 'jsx text'
  179 |           View Full Leaderboard →
  180 |         </p>
> 181 |       </Card>
      |              ^^^^^^^^^^^^^^^^^^^^^^^^^^^^^^^^^^^^^^^^^^^^^^^^^^^^^^^^^^^^^^^^^^^^^^^^^^^^^^^^^^^^
> 182 |     </section>
      | ^^^^
  183 |   );
  184 | }
  185 |

Parsing ecmascript source code failed

Import trace:
  Server Component:
    ./components/landing/LeaderboardSection.tsx
    ./app/page.tsx @ http://localhost:3000/_next/static/chunks/node_modules_next_dist_1e8vcs8._.js:1052
[ 7362335ms] [ERROR] ./components/landing/LeaderboardSection.tsx:181:14
Error: Expected '</', got 'jsx text'
  179 |           View Full Leaderboard →
  180 |         </p>
> 181 |       </Card>
      |              ^^^^^^^^^^^^^^^^^^^^^^^^^^^^^^^^^^^^^^^^^^^^^^^^^^^^^^^^^^^^^^^^^^^^^^^^^^^^^^^^^^^^
> 182 |     </section>
      | ^^^^
  183 |   );
  184 | }
  185 |

Parsing ecmascript source code failed

Import trace:
  Server Component:
    ./components/landing/LeaderboardSection.tsx
    ./app/page.tsx @ http://localhost:3000/_next/static/chunks/node_modules_next_dist_1e8vcs8._.js:1052
[ 7362400ms] [ERROR] ./components/landing/LeaderboardSection.tsx:181:14
Error: Expected '</', got 'jsx text'
  179 |           View Full Leaderboard →
  180 |         </p>
> 181 |       </Card>
      |              ^^^^^^^^^^^^^^^^^^^^^^^^^^^^^^^^^^^^^^^^^^^^^^^^^^^^^^^^^^^^^^^^^^^^^^^^^^^^^^^^^^^^
> 182 |     </section>
      | ^^^^
  183 |   );
  184 | }
  185 |

Parsing ecmascript source code failed

Import trace:
  Server Component:
    ./components/landing/LeaderboardSection.tsx
    ./app/page.tsx @ http://localhost:3000/_next/static/chunks/node_modules_next_dist_1e8vcs8._.js:1052
[ 7362467ms] [ERROR] ./components/landing/LeaderboardSection.tsx:181:14
Error: Expected '</', got 'jsx text'
  179 |           View Full Leaderboard →
  180 |         </p>
> 181 |       </Card>
      |              ^^^^^^^^^^^^^^^^^^^^^^^^^^^^^^^^^^^^^^^^^^^^^^^^^^^^^^^^^^^^^^^^^^^^^^^^^^^^^^^^^^^^
> 182 |     </section>
      | ^^^^
  183 |   );
  184 | }
  185 |

Parsing ecmascript source code failed

Import trace:
  Server Component:
    ./components/landing/LeaderboardSection.tsx
    ./app/page.tsx @ http://localhost:3000/_next/static/chunks/node_modules_next_dist_1e8vcs8._.js:1052
[ 7362527ms] [ERROR] ./components/landing/LeaderboardSection.tsx:181:14
Error: Expected '</', got 'jsx text'
  179 |           View Full Leaderboard →
  180 |         </p>
> 181 |       </Card>
      |              ^^^^^^^^^^^^^^^^^^^^^^^^^^^^^^^^^^^^^^^^^^^^^^^^^^^^^^^^^^^^^^^^^^^^^^^^^^^^^^^^^^^^
> 182 |     </section>
      | ^^^^
  183 |   );
  184 | }
  185 |

Parsing ecmascript source code failed

Import trace:
  Server Component:
    ./components/landing/LeaderboardSection.tsx
    ./app/page.tsx @ http://localhost:3000/_next/static/chunks/node_modules_next_dist_1e8vcs8._.js:1052
[ 7362586ms] [ERROR] ./components/landing/LeaderboardSection.tsx:181:14
Error: Expected '</', got 'jsx text'
  179 |           View Full Leaderboard →
  180 |         </p>
> 181 |       </Card>
      |              ^^^^^^^^^^^^^^^^^^^^^^^^^^^^^^^^^^^^^^^^^^^^^^^^^^^^^^^^^^^^^^^^^^^^^^^^^^^^^^^^^^^^
> 182 |     </section>
      | ^^^^
  183 |   );
  184 | }
  185 |

Parsing ecmascript source code failed

Import trace:
  Server Component:
    ./components/landing/LeaderboardSection.tsx
    ./app/page.tsx @ http://localhost:3000/_next/static/chunks/node_modules_next_dist_1e8vcs8._.js:1052
[ 7362640ms] [ERROR] ./components/landing/LeaderboardSection.tsx:181:14
Error: Expected '</', got 'jsx text'
  179 |           View Full Leaderboard →
  180 |         </p>
> 181 |       </Card>
      |              ^^^^^^^^^^^^^^^^^^^^^^^^^^^^^^^^^^^^^^^^^^^^^^^^^^^^^^^^^^^^^^^^^^^^^^^^^^^^^^^^^^^^
> 182 |     </section>
      | ^^^^
  183 |   );
  184 | }
  185 |

Parsing ecmascript source code failed

Import trace:
  Server Component:
    ./components/landing/LeaderboardSection.tsx
    ./app/page.tsx @ http://localhost:3000/_next/static/chunks/node_modules_next_dist_1e8vcs8._.js:1052
[ 7362698ms] [ERROR] ./components/landing/LeaderboardSection.tsx:181:14
Error: Expected '</', got 'jsx text'
  179 |           View Full Leaderboard →
  180 |         </p>
> 181 |       </Card>
      |              ^^^^^^^^^^^^^^^^^^^^^^^^^^^^^^^^^^^^^^^^^^^^^^^^^^^^^^^^^^^^^^^^^^^^^^^^^^^^^^^^^^^^
> 182 |     </section>
      | ^^^^
  183 |   );
  184 | }
  185 |

Parsing ecmascript source code failed

Import trace:
  Server Component:
    ./components/landing/LeaderboardSection.tsx
    ./app/page.tsx @ http://localhost:3000/_next/static/chunks/node_modules_next_dist_1e8vcs8._.js:1052
[ 7362764ms] [ERROR] ./components/landing/LeaderboardSection.tsx:181:14
Error: Expected '</', got 'jsx text'
  179 |           View Full Leaderboard →
  180 |         </p>
> 181 |       </Card>
      |              ^^^^^^^^^^^^^^^^^^^^^^^^^^^^^^^^^^^^^^^^^^^^^^^^^^^^^^^^^^^^^^^^^^^^^^^^^^^^^^^^^^^^
> 182 |     </section>
      | ^^^^
  183 |   );
  184 | }
  185 |

Parsing ecmascript source code failed

Import trace:
  Server Component:
    ./components/landing/LeaderboardSection.tsx
    ./app/page.tsx @ http://localhost:3000/_next/static/chunks/node_modules_next_dist_1e8vcs8._.js:1052
[ 7362816ms] [ERROR] ./components/landing/LeaderboardSection.tsx:181:14
Error: Expected '</', got 'jsx text'
  179 |           View Full Leaderboard →
  180 |         </p>
> 181 |       </Card>
      |              ^^^^^^^^^^^^^^^^^^^^^^^^^^^^^^^^^^^^^^^^^^^^^^^^^^^^^^^^^^^^^^^^^^^^^^^^^^^^^^^^^^^^
> 182 |     </section>
      | ^^^^
  183 |   );
  184 | }
  185 |

Parsing ecmascript source code failed

Import trace:
  Server Component:
    ./components/landing/LeaderboardSection.tsx
    ./app/page.tsx @ http://localhost:3000/_next/static/chunks/node_modules_next_dist_1e8vcs8._.js:1052
[ 7362884ms] [ERROR] ./components/landing/LeaderboardSection.tsx:181:14
Error: Expected '</', got 'jsx text'
  179 |           View Full Leaderboard →
  180 |         </p>
> 181 |       </Card>
      |              ^^^^^^^^^^^^^^^^^^^^^^^^^^^^^^^^^^^^^^^^^^^^^^^^^^^^^^^^^^^^^^^^^^^^^^^^^^^^^^^^^^^^
> 182 |     </section>
      | ^^^^
  183 |   );
  184 | }
  185 |

Parsing ecmascript source code failed

Import trace:
  Server Component:
    ./components/landing/LeaderboardSection.tsx
    ./app/page.tsx @ http://localhost:3000/_next/static/chunks/node_modules_next_dist_1e8vcs8._.js:1052
[ 7362950ms] [ERROR] ./components/landing/LeaderboardSection.tsx:181:14
Error: Expected '</', got 'jsx text'
  179 |           View Full Leaderboard →
  180 |         </p>
> 181 |       </Card>
      |              ^^^^^^^^^^^^^^^^^^^^^^^^^^^^^^^^^^^^^^^^^^^^^^^^^^^^^^^^^^^^^^^^^^^^^^^^^^^^^^^^^^^^
> 182 |     </section>
      | ^^^^
  183 |   );
  184 | }
  185 |

Parsing ecmascript source code failed

Import trace:
  Server Component:
    ./components/landing/LeaderboardSection.tsx
    ./app/page.tsx @ http://localhost:3000/_next/static/chunks/node_modules_next_dist_1e8vcs8._.js:1052
[ 7363015ms] [ERROR] ./components/landing/LeaderboardSection.tsx:181:14
Error: Expected '</', got 'jsx text'
  179 |           View Full Leaderboard →
  180 |         </p>
> 181 |       </Card>
      |              ^^^^^^^^^^^^^^^^^^^^^^^^^^^^^^^^^^^^^^^^^^^^^^^^^^^^^^^^^^^^^^^^^^^^^^^^^^^^^^^^^^^^
> 182 |     </section>
      | ^^^^
  183 |   );
  184 | }
  185 |

Parsing ecmascript source code failed

Import trace:
  Server Component:
    ./components/landing/LeaderboardSection.tsx
    ./app/page.tsx @ http://localhost:3000/_next/static/chunks/node_modules_next_dist_1e8vcs8._.js:1052
[ 7363075ms] [ERROR] ./components/landing/LeaderboardSection.tsx:181:14
Error: Expected '</', got 'jsx text'
  179 |           View Full Leaderboard →
  180 |         </p>
> 181 |       </Card>
      |              ^^^^^^^^^^^^^^^^^^^^^^^^^^^^^^^^^^^^^^^^^^^^^^^^^^^^^^^^^^^^^^^^^^^^^^^^^^^^^^^^^^^^
> 182 |     </section>
      | ^^^^
  183 |   );
  184 | }
  185 |

Parsing ecmascript source code failed

Import trace:
  Server Component:
    ./components/landing/LeaderboardSection.tsx
    ./app/page.tsx @ http://localhost:3000/_next/static/chunks/node_modules_next_dist_1e8vcs8._.js:1052
[ 7363140ms] [ERROR] ./components/landing/LeaderboardSection.tsx:181:14
Error: Expected '</', got 'jsx text'
  179 |           View Full Leaderboard →
  180 |         </p>
> 181 |       </Card>
      |              ^^^^^^^^^^^^^^^^^^^^^^^^^^^^^^^^^^^^^^^^^^^^^^^^^^^^^^^^^^^^^^^^^^^^^^^^^^^^^^^^^^^^
> 182 |     </section>
      | ^^^^
  183 |   );
  184 | }
  185 |

Parsing ecmascript source code failed

Import trace:
  Server Component:
    ./components/landing/LeaderboardSection.tsx
    ./app/page.tsx @ http://localhost:3000/_next/static/chunks/node_modules_next_dist_1e8vcs8._.js:1052
[ 7363206ms] [ERROR] ./components/landing/LeaderboardSection.tsx:181:14
Error: Expected '</', got 'jsx text'
  179 |           View Full Leaderboard →
  180 |         </p>
> 181 |       </Card>
      |              ^^^^^^^^^^^^^^^^^^^^^^^^^^^^^^^^^^^^^^^^^^^^^^^^^^^^^^^^^^^^^^^^^^^^^^^^^^^^^^^^^^^^
> 182 |     </section>
      | ^^^^
  183 |   );
  184 | }
  185 |

Parsing ecmascript source code failed

Import trace:
  Server Component:
    ./components/landing/LeaderboardSection.tsx
    ./app/page.tsx @ http://localhost:3000/_next/static/chunks/node_modules_next_dist_1e8vcs8._.js:1052
[ 7363267ms] [ERROR] ./components/landing/LeaderboardSection.tsx:181:14
Error: Expected '</', got 'jsx text'
  179 |           View Full Leaderboard →
  180 |         </p>
> 181 |       </Card>
      |              ^^^^^^^^^^^^^^^^^^^^^^^^^^^^^^^^^^^^^^^^^^^^^^^^^^^^^^^^^^^^^^^^^^^^^^^^^^^^^^^^^^^^
> 182 |     </section>
      | ^^^^
  183 |   );
  184 | }
  185 |

Parsing ecmascript source code failed

Import trace:
  Server Component:
    ./components/landing/LeaderboardSection.tsx
    ./app/page.tsx @ http://localhost:3000/_next/static/chunks/node_modules_next_dist_1e8vcs8._.js:1052
[ 7363332ms] [ERROR] ./components/landing/LeaderboardSection.tsx:181:14
Error: Expected '</', got 'jsx text'
  179 |           View Full Leaderboard →
  180 |         </p>
> 181 |       </Card>
      |              ^^^^^^^^^^^^^^^^^^^^^^^^^^^^^^^^^^^^^^^^^^^^^^^^^^^^^^^^^^^^^^^^^^^^^^^^^^^^^^^^^^^^
> 182 |     </section>
      | ^^^^
  183 |   );
  184 | }
  185 |

Parsing ecmascript source code failed

Import trace:
  Server Component:
    ./components/landing/LeaderboardSection.tsx
    ./app/page.tsx @ http://localhost:3000/_next/static/chunks/node_modules_next_dist_1e8vcs8._.js:1052
[ 7363391ms] [ERROR] ./components/landing/LeaderboardSection.tsx:181:14
Error: Expected '</', got 'jsx text'
  179 |           View Full Leaderboard →
  180 |         </p>
> 181 |       </Card>
      |              ^^^^^^^^^^^^^^^^^^^^^^^^^^^^^^^^^^^^^^^^^^^^^^^^^^^^^^^^^^^^^^^^^^^^^^^^^^^^^^^^^^^^
> 182 |     </section>
      | ^^^^
  183 |   );
  184 | }
  185 |

Parsing ecmascript source code failed

Import trace:
  Server Component:
    ./components/landing/LeaderboardSection.tsx
    ./app/page.tsx @ http://localhost:3000/_next/static/chunks/node_modules_next_dist_1e8vcs8._.js:1052
[ 7363454ms] [ERROR] ./components/landing/LeaderboardSection.tsx:181:14
Error: Expected '</', got 'jsx text'
  179 |           View Full Leaderboard →
  180 |         </p>
> 181 |       </Card>
      |              ^^^^^^^^^^^^^^^^^^^^^^^^^^^^^^^^^^^^^^^^^^^^^^^^^^^^^^^^^^^^^^^^^^^^^^^^^^^^^^^^^^^^
> 182 |     </section>
      | ^^^^
  183 |   );
  184 | }
  185 |

Parsing ecmascript source code failed

Import trace:
  Server Component:
    ./components/landing/LeaderboardSection.tsx
    ./app/page.tsx @ http://localhost:3000/_next/static/chunks/node_modules_next_dist_1e8vcs8._.js:1052
[ 7363514ms] [ERROR] ./components/landing/LeaderboardSection.tsx:181:14
Error: Expected '</', got 'jsx text'
  179 |           View Full Leaderboard →
  180 |         </p>
> 181 |       </Card>
      |              ^^^^^^^^^^^^^^^^^^^^^^^^^^^^^^^^^^^^^^^^^^^^^^^^^^^^^^^^^^^^^^^^^^^^^^^^^^^^^^^^^^^^
> 182 |     </section>
      | ^^^^
  183 |   );
  184 | }
  185 |

Parsing ecmascript source code failed

Import trace:
  Server Component:
    ./components/landing/LeaderboardSection.tsx
    ./app/page.tsx @ http://localhost:3000/_next/static/chunks/node_modules_next_dist_1e8vcs8._.js:1052
[ 7363568ms] [ERROR] ./components/landing/LeaderboardSection.tsx:181:14
Error: Expected '</', got 'jsx text'
  179 |           View Full Leaderboard →
  180 |         </p>
> 181 |       </Card>
      |              ^^^^^^^^^^^^^^^^^^^^^^^^^^^^^^^^^^^^^^^^^^^^^^^^^^^^^^^^^^^^^^^^^^^^^^^^^^^^^^^^^^^^
> 182 |     </section>
      | ^^^^
  183 |   );
  184 | }
  185 |

Parsing ecmascript source code failed

Import trace:
  Server Component:
    ./components/landing/LeaderboardSection.tsx
    ./app/page.tsx @ http://localhost:3000/_next/static/chunks/node_modules_next_dist_1e8vcs8._.js:1052
[ 7363633ms] [ERROR] ./components/landing/LeaderboardSection.tsx:181:14
Error: Expected '</', got 'jsx text'
  179 |           View Full Leaderboard →
  180 |         </p>
> 181 |       </Card>
      |              ^^^^^^^^^^^^^^^^^^^^^^^^^^^^^^^^^^^^^^^^^^^^^^^^^^^^^^^^^^^^^^^^^^^^^^^^^^^^^^^^^^^^
> 182 |     </section>
      | ^^^^
  183 |   );
  184 | }
  185 |

Parsing ecmascript source code failed

Import trace:
  Server Component:
    ./components/landing/LeaderboardSection.tsx
    ./app/page.tsx @ http://localhost:3000/_next/static/chunks/node_modules_next_dist_1e8vcs8._.js:1052
[ 7363699ms] [ERROR] ./components/landing/LeaderboardSection.tsx:181:14
Error: Expected '</', got 'jsx text'
  179 |           View Full Leaderboard →
  180 |         </p>
> 181 |       </Card>
      |              ^^^^^^^^^^^^^^^^^^^^^^^^^^^^^^^^^^^^^^^^^^^^^^^^^^^^^^^^^^^^^^^^^^^^^^^^^^^^^^^^^^^^
> 182 |     </section>
      | ^^^^
  183 |   );
  184 | }
  185 |

Parsing ecmascript source code failed

Import trace:
  Server Component:
    ./components/landing/LeaderboardSection.tsx
    ./app/page.tsx @ http://localhost:3000/_next/static/chunks/node_modules_next_dist_1e8vcs8._.js:1052
[ 7363759ms] [ERROR] ./components/landing/LeaderboardSection.tsx:181:14
Error: Expected '</', got 'jsx text'
  179 |           View Full Leaderboard →
  180 |         </p>
> 181 |       </Card>
      |              ^^^^^^^^^^^^^^^^^^^^^^^^^^^^^^^^^^^^^^^^^^^^^^^^^^^^^^^^^^^^^^^^^^^^^^^^^^^^^^^^^^^^
> 182 |     </section>
      | ^^^^
  183 |   );
  184 | }
  185 |

Parsing ecmascript source code failed

Import trace:
  Server Component:
    ./components/landing/LeaderboardSection.tsx
    ./app/page.tsx @ http://localhost:3000/_next/static/chunks/node_modules_next_dist_1e8vcs8._.js:1052
[ 7363826ms] [ERROR] ./components/landing/LeaderboardSection.tsx:181:14
Error: Expected '</', got 'jsx text'
  179 |           View Full Leaderboard →
  180 |         </p>
> 181 |       </Card>
      |              ^^^^^^^^^^^^^^^^^^^^^^^^^^^^^^^^^^^^^^^^^^^^^^^^^^^^^^^^^^^^^^^^^^^^^^^^^^^^^^^^^^^^
> 182 |     </section>
      | ^^^^
  183 |   );
  184 | }
  185 |

Parsing ecmascript source code failed

Import trace:
  Server Component:
    ./components/landing/LeaderboardSection.tsx
    ./app/page.tsx @ http://localhost:3000/_next/static/chunks/node_modules_next_dist_1e8vcs8._.js:1052
[ 7363900ms] [ERROR] ./components/landing/LeaderboardSection.tsx:181:14
Error: Expected '</', got 'jsx text'
  179 |           View Full Leaderboard →
  180 |         </p>
> 181 |       </Card>
      |              ^^^^^^^^^^^^^^^^^^^^^^^^^^^^^^^^^^^^^^^^^^^^^^^^^^^^^^^^^^^^^^^^^^^^^^^^^^^^^^^^^^^^
> 182 |     </section>
      | ^^^^
  183 |   );
  184 | }
  185 |

Parsing ecmascript source code failed

Import trace:
  Server Component:
    ./components/landing/LeaderboardSection.tsx
    ./app/page.tsx @ http://localhost:3000/_next/static/chunks/node_modules_next_dist_1e8vcs8._.js:1052
[ 7363956ms] [ERROR] ./components/landing/LeaderboardSection.tsx:181:14
Error: Expected '</', got 'jsx text'
  179 |           View Full Leaderboard →
  180 |         </p>
> 181 |       </Card>
      |              ^^^^^^^^^^^^^^^^^^^^^^^^^^^^^^^^^^^^^^^^^^^^^^^^^^^^^^^^^^^^^^^^^^^^^^^^^^^^^^^^^^^^
> 182 |     </section>
      | ^^^^
  183 |   );
  184 | }
  185 |

Parsing ecmascript source code failed

Import trace:
  Server Component:
    ./components/landing/LeaderboardSection.tsx
    ./app/page.tsx @ http://localhost:3000/_next/static/chunks/node_modules_next_dist_1e8vcs8._.js:1052
[ 7364019ms] [ERROR] ./components/landing/LeaderboardSection.tsx:181:14
Error: Expected '</', got 'jsx text'
  179 |           View Full Leaderboard →
  180 |         </p>
> 181 |       </Card>
      |              ^^^^^^^^^^^^^^^^^^^^^^^^^^^^^^^^^^^^^^^^^^^^^^^^^^^^^^^^^^^^^^^^^^^^^^^^^^^^^^^^^^^^
> 182 |     </section>
      | ^^^^
  183 |   );
  184 | }
  185 |

Parsing ecmascript source code failed

Import trace:
  Server Component:
    ./components/landing/LeaderboardSection.tsx
    ./app/page.tsx @ http://localhost:3000/_next/static/chunks/node_modules_next_dist_1e8vcs8._.js:1052
[ 7364085ms] [ERROR] ./components/landing/LeaderboardSection.tsx:181:14
Error: Expected '</', got 'jsx text'
  179 |           View Full Leaderboard →
  180 |         </p>
> 181 |       </Card>
      |              ^^^^^^^^^^^^^^^^^^^^^^^^^^^^^^^^^^^^^^^^^^^^^^^^^^^^^^^^^^^^^^^^^^^^^^^^^^^^^^^^^^^^
> 182 |     </section>
      | ^^^^
  183 |   );
  184 | }
  185 |

Parsing ecmascript source code failed

Import trace:
  Server Component:
    ./components/landing/LeaderboardSection.tsx
    ./app/page.tsx @ http://localhost:3000/_next/static/chunks/node_modules_next_dist_1e8vcs8._.js:1052
[ 7364141ms] [ERROR] ./components/landing/LeaderboardSection.tsx:181:14
Error: Expected '</', got 'jsx text'
  179 |           View Full Leaderboard →
  180 |         </p>
> 181 |       </Card>
      |              ^^^^^^^^^^^^^^^^^^^^^^^^^^^^^^^^^^^^^^^^^^^^^^^^^^^^^^^^^^^^^^^^^^^^^^^^^^^^^^^^^^^^
> 182 |     </section>
      | ^^^^
  183 |   );
  184 | }
  185 |

Parsing ecmascript source code failed

Import trace:
  Server Component:
    ./components/landing/LeaderboardSection.tsx
    ./app/page.tsx @ http://localhost:3000/_next/static/chunks/node_modules_next_dist_1e8vcs8._.js:1052
[ 7364204ms] [ERROR] ./components/landing/LeaderboardSection.tsx:181:14
Error: Expected '</', got 'jsx text'
  179 |           View Full Leaderboard →
  180 |         </p>
> 181 |       </Card>
      |              ^^^^^^^^^^^^^^^^^^^^^^^^^^^^^^^^^^^^^^^^^^^^^^^^^^^^^^^^^^^^^^^^^^^^^^^^^^^^^^^^^^^^
> 182 |     </section>
      | ^^^^
  183 |   );
  184 | }
  185 |

Parsing ecmascript source code failed

Import trace:
  Server Component:
    ./components/landing/LeaderboardSection.tsx
    ./app/page.tsx @ http://localhost:3000/_next/static/chunks/node_modules_next_dist_1e8vcs8._.js:1052
[ 7364284ms] [ERROR] ./components/landing/LeaderboardSection.tsx:181:14
Error: Expected '</', got 'jsx text'
  179 |           View Full Leaderboard →
  180 |         </p>
> 181 |       </Card>
      |              ^^^^^^^^^^^^^^^^^^^^^^^^^^^^^^^^^^^^^^^^^^^^^^^^^^^^^^^^^^^^^^^^^^^^^^^^^^^^^^^^^^^^
> 182 |     </section>
      | ^^^^
  183 |   );
  184 | }
  185 |

Parsing ecmascript source code failed

Import trace:
  Server Component:
    ./components/landing/LeaderboardSection.tsx
    ./app/page.tsx @ http://localhost:3000/_next/static/chunks/node_modules_next_dist_1e8vcs8._.js:1052
[ 7364338ms] [ERROR] ./components/landing/LeaderboardSection.tsx:181:14
Error: Expected '</', got 'jsx text'
  179 |           View Full Leaderboard →
  180 |         </p>
> 181 |       </Card>
      |              ^^^^^^^^^^^^^^^^^^^^^^^^^^^^^^^^^^^^^^^^^^^^^^^^^^^^^^^^^^^^^^^^^^^^^^^^^^^^^^^^^^^^
> 182 |     </section>
      | ^^^^
  183 |   );
  184 | }
  185 |

Parsing ecmascript source code failed

Import trace:
  Server Component:
    ./components/landing/LeaderboardSection.tsx
    ./app/page.tsx @ http://localhost:3000/_next/static/chunks/node_modules_next_dist_1e8vcs8._.js:1052
[ 7364403ms] [ERROR] ./components/landing/LeaderboardSection.tsx:181:14
Error: Expected '</', got 'jsx text'
  179 |           View Full Leaderboard →
  180 |         </p>
> 181 |       </Card>
      |              ^^^^^^^^^^^^^^^^^^^^^^^^^^^^^^^^^^^^^^^^^^^^^^^^^^^^^^^^^^^^^^^^^^^^^^^^^^^^^^^^^^^^
> 182 |     </section>
      | ^^^^
  183 |   );
  184 | }
  185 |

Parsing ecmascript source code failed

Import trace:
  Server Component:
    ./components/landing/LeaderboardSection.tsx
    ./app/page.tsx @ http://localhost:3000/_next/static/chunks/node_modules_next_dist_1e8vcs8._.js:1052
[ 7364459ms] [ERROR] ./components/landing/LeaderboardSection.tsx:181:14
Error: Expected '</', got 'jsx text'
  179 |           View Full Leaderboard →
  180 |         </p>
> 181 |       </Card>
      |              ^^^^^^^^^^^^^^^^^^^^^^^^^^^^^^^^^^^^^^^^^^^^^^^^^^^^^^^^^^^^^^^^^^^^^^^^^^^^^^^^^^^^
> 182 |     </section>
      | ^^^^
  183 |   );
  184 | }
  185 |

Parsing ecmascript source code failed

Import trace:
  Server Component:
    ./components/landing/LeaderboardSection.tsx
    ./app/page.tsx @ http://localhost:3000/_next/static/chunks/node_modules_next_dist_1e8vcs8._.js:1052
[ 7364544ms] [ERROR] ./components/landing/LeaderboardSection.tsx:181:14
Error: Expected '</', got 'jsx text'
  179 |           View Full Leaderboard →
  180 |         </p>
> 181 |       </Card>
      |              ^^^^^^^^^^^^^^^^^^^^^^^^^^^^^^^^^^^^^^^^^^^^^^^^^^^^^^^^^^^^^^^^^^^^^^^^^^^^^^^^^^^^
> 182 |     </section>
      | ^^^^
  183 |   );
  184 | }
  185 |

Parsing ecmascript source code failed

Import trace:
  Server Component:
    ./components/landing/LeaderboardSection.tsx
    ./app/page.tsx @ http://localhost:3000/_next/static/chunks/node_modules_next_dist_1e8vcs8._.js:1052
[ 7364634ms] [ERROR] ./components/landing/LeaderboardSection.tsx:181:14
Error: Expected '</', got 'jsx text'
  179 |           View Full Leaderboard →
  180 |         </p>
> 181 |       </Card>
      |              ^^^^^^^^^^^^^^^^^^^^^^^^^^^^^^^^^^^^^^^^^^^^^^^^^^^^^^^^^^^^^^^^^^^^^^^^^^^^^^^^^^^^
> 182 |     </section>
      | ^^^^
  183 |   );
  184 | }
  185 |

Parsing ecmascript source code failed

Import trace:
  Server Component:
    ./components/landing/LeaderboardSection.tsx
    ./app/page.tsx @ http://localhost:3000/_next/static/chunks/node_modules_next_dist_1e8vcs8._.js:1052
[ 7364705ms] [ERROR] ./components/landing/LeaderboardSection.tsx:181:14
Error: Expected '</', got 'jsx text'
  179 |           View Full Leaderboard →
  180 |         </p>
> 181 |       </Card>
      |              ^^^^^^^^^^^^^^^^^^^^^^^^^^^^^^^^^^^^^^^^^^^^^^^^^^^^^^^^^^^^^^^^^^^^^^^^^^^^^^^^^^^^
> 182 |     </section>
      | ^^^^
  183 |   );
  184 | }
  185 |

Parsing ecmascript source code failed

Import trace:
  Server Component:
    ./components/landing/LeaderboardSection.tsx
    ./app/page.tsx @ http://localhost:3000/_next/static/chunks/node_modules_next_dist_1e8vcs8._.js:1052
[ 7364786ms] [ERROR] ./components/landing/LeaderboardSection.tsx:181:14
Error: Expected '</', got 'jsx text'
  179 |           View Full Leaderboard →
  180 |         </p>
> 181 |       </Card>
      |              ^^^^^^^^^^^^^^^^^^^^^^^^^^^^^^^^^^^^^^^^^^^^^^^^^^^^^^^^^^^^^^^^^^^^^^^^^^^^^^^^^^^^
> 182 |     </section>
      | ^^^^
  183 |   );
  184 | }
  185 |

Parsing ecmascript source code failed

Import trace:
  Server Component:
    ./components/landing/LeaderboardSection.tsx
    ./app/page.tsx @ http://localhost:3000/_next/static/chunks/node_modules_next_dist_1e8vcs8._.js:1052
[ 7364839ms] [ERROR] ./components/landing/LeaderboardSection.tsx:181:14
Error: Expected '</', got 'jsx text'
  179 |           View Full Leaderboard →
  180 |         </p>
> 181 |       </Card>
      |              ^^^^^^^^^^^^^^^^^^^^^^^^^^^^^^^^^^^^^^^^^^^^^^^^^^^^^^^^^^^^^^^^^^^^^^^^^^^^^^^^^^^^
> 182 |     </section>
      | ^^^^
  183 |   );
  184 | }
  185 |

Parsing ecmascript source code failed

Import trace:
  Server Component:
    ./components/landing/LeaderboardSection.tsx
    ./app/page.tsx @ http://localhost:3000/_next/static/chunks/node_modules_next_dist_1e8vcs8._.js:1052
[ 7364902ms] [ERROR] ./components/landing/LeaderboardSection.tsx:181:14
Error: Expected '</', got 'jsx text'
  179 |           View Full Leaderboard →
  180 |         </p>
> 181 |       </Card>
      |              ^^^^^^^^^^^^^^^^^^^^^^^^^^^^^^^^^^^^^^^^^^^^^^^^^^^^^^^^^^^^^^^^^^^^^^^^^^^^^^^^^^^^
> 182 |     </section>
      | ^^^^
  183 |   );
  184 | }
  185 |

Parsing ecmascript source code failed

Import trace:
  Server Component:
    ./components/landing/LeaderboardSection.tsx
    ./app/page.tsx @ http://localhost:3000/_next/static/chunks/node_modules_next_dist_1e8vcs8._.js:1052
[ 7364973ms] [ERROR] ./components/landing/LeaderboardSection.tsx:181:14
Error: Expected '</', got 'jsx text'
  179 |           View Full Leaderboard →
  180 |         </p>
> 181 |       </Card>
      |              ^^^^^^^^^^^^^^^^^^^^^^^^^^^^^^^^^^^^^^^^^^^^^^^^^^^^^^^^^^^^^^^^^^^^^^^^^^^^^^^^^^^^
> 182 |     </section>
      | ^^^^
  183 |   );
  184 | }
  185 |

Parsing ecmascript source code failed

Import trace:
  Server Component:
    ./components/landing/LeaderboardSection.tsx
    ./app/page.tsx @ http://localhost:3000/_next/static/chunks/node_modules_next_dist_1e8vcs8._.js:1052
[ 7365049ms] [ERROR] ./components/landing/LeaderboardSection.tsx:181:14
Error: Expected '</', got 'jsx text'
  179 |           View Full Leaderboard →
  180 |         </p>
> 181 |       </Card>
      |              ^^^^^^^^^^^^^^^^^^^^^^^^^^^^^^^^^^^^^^^^^^^^^^^^^^^^^^^^^^^^^^^^^^^^^^^^^^^^^^^^^^^^
> 182 |     </section>
      | ^^^^
  183 |   );
  184 | }
  185 |

Parsing ecmascript source code failed

Import trace:
  Server Component:
    ./components/landing/LeaderboardSection.tsx
    ./app/page.tsx @ http://localhost:3000/_next/static/chunks/node_modules_next_dist_1e8vcs8._.js:1052
[ 7365099ms] [ERROR] ./components/landing/LeaderboardSection.tsx:181:14
Error: Expected '</', got 'jsx text'
  179 |           View Full Leaderboard →
  180 |         </p>
> 181 |       </Card>
      |              ^^^^^^^^^^^^^^^^^^^^^^^^^^^^^^^^^^^^^^^^^^^^^^^^^^^^^^^^^^^^^^^^^^^^^^^^^^^^^^^^^^^^
> 182 |     </section>
      | ^^^^
  183 |   );
  184 | }
  185 |

Parsing ecmascript source code failed

Import trace:
  Server Component:
    ./components/landing/LeaderboardSection.tsx
    ./app/page.tsx @ http://localhost:3000/_next/static/chunks/node_modules_next_dist_1e8vcs8._.js:1052
[ 7365165ms] [ERROR] ./components/landing/LeaderboardSection.tsx:181:14
Error: Expected '</', got 'jsx text'
  179 |           View Full Leaderboard →
  180 |         </p>
> 181 |       </Card>
      |              ^^^^^^^^^^^^^^^^^^^^^^^^^^^^^^^^^^^^^^^^^^^^^^^^^^^^^^^^^^^^^^^^^^^^^^^^^^^^^^^^^^^^
> 182 |     </section>
      | ^^^^
  183 |   );
  184 | }
  185 |

Parsing ecmascript source code failed

Import trace:
  Server Component:
    ./components/landing/LeaderboardSection.tsx
    ./app/page.tsx @ http://localhost:3000/_next/static/chunks/node_modules_next_dist_1e8vcs8._.js:1052
[ 7365232ms] [ERROR] ./components/landing/LeaderboardSection.tsx:181:14
Error: Expected '</', got 'jsx text'
  179 |           View Full Leaderboard →
  180 |         </p>
> 181 |       </Card>
      |              ^^^^^^^^^^^^^^^^^^^^^^^^^^^^^^^^^^^^^^^^^^^^^^^^^^^^^^^^^^^^^^^^^^^^^^^^^^^^^^^^^^^^
> 182 |     </section>
      | ^^^^
  183 |   );
  184 | }
  185 |

Parsing ecmascript source code failed

Import trace:
  Server Component:
    ./components/landing/LeaderboardSection.tsx
    ./app/page.tsx @ http://localhost:3000/_next/static/chunks/node_modules_next_dist_1e8vcs8._.js:1052
[ 7365289ms] [ERROR] ./components/landing/LeaderboardSection.tsx:181:14
Error: Expected '</', got 'jsx text'
  179 |           View Full Leaderboard →
  180 |         </p>
> 181 |       </Card>
      |              ^^^^^^^^^^^^^^^^^^^^^^^^^^^^^^^^^^^^^^^^^^^^^^^^^^^^^^^^^^^^^^^^^^^^^^^^^^^^^^^^^^^^
> 182 |     </section>
      | ^^^^
  183 |   );
  184 | }
  185 |

Parsing ecmascript source code failed

Import trace:
  Server Component:
    ./components/landing/LeaderboardSection.tsx
    ./app/page.tsx @ http://localhost:3000/_next/static/chunks/node_modules_next_dist_1e8vcs8._.js:1052
[ 7365348ms] [ERROR] ./components/landing/LeaderboardSection.tsx:181:14
Error: Expected '</', got 'jsx text'
  179 |           View Full Leaderboard →
  180 |         </p>
> 181 |       </Card>
      |              ^^^^^^^^^^^^^^^^^^^^^^^^^^^^^^^^^^^^^^^^^^^^^^^^^^^^^^^^^^^^^^^^^^^^^^^^^^^^^^^^^^^^
> 182 |     </section>
      | ^^^^
  183 |   );
  184 | }
  185 |

Parsing ecmascript source code failed

Import trace:
  Server Component:
    ./components/landing/LeaderboardSection.tsx
    ./app/page.tsx @ http://localhost:3000/_next/static/chunks/node_modules_next_dist_1e8vcs8._.js:1052
[ 7365406ms] [ERROR] ./components/landing/LeaderboardSection.tsx:181:14
Error: Expected '</', got 'jsx text'
  179 |           View Full Leaderboard →
  180 |         </p>
> 181 |       </Card>
      |              ^^^^^^^^^^^^^^^^^^^^^^^^^^^^^^^^^^^^^^^^^^^^^^^^^^^^^^^^^^^^^^^^^^^^^^^^^^^^^^^^^^^^
> 182 |     </section>
      | ^^^^
  183 |   );
  184 | }
  185 |

Parsing ecmascript source code failed

Import trace:
  Server Component:
    ./components/landing/LeaderboardSection.tsx
    ./app/page.tsx @ http://localhost:3000/_next/static/chunks/node_modules_next_dist_1e8vcs8._.js:1052
[ 7365470ms] [ERROR] ./components/landing/LeaderboardSection.tsx:181:14
Error: Expected '</', got 'jsx text'
  179 |           View Full Leaderboard →
  180 |         </p>
> 181 |       </Card>
      |              ^^^^^^^^^^^^^^^^^^^^^^^^^^^^^^^^^^^^^^^^^^^^^^^^^^^^^^^^^^^^^^^^^^^^^^^^^^^^^^^^^^^^
> 182 |     </section>
      | ^^^^
  183 |   );
  184 | }
  185 |

Parsing ecmascript source code failed

Import trace:
  Server Component:
    ./components/landing/LeaderboardSection.tsx
    ./app/page.tsx @ http://localhost:3000/_next/static/chunks/node_modules_next_dist_1e8vcs8._.js:1052
[ 7365531ms] [ERROR] ./components/landing/LeaderboardSection.tsx:181:14
Error: Expected '</', got 'jsx text'
  179 |           View Full Leaderboard →
  180 |         </p>
> 181 |       </Card>
      |              ^^^^^^^^^^^^^^^^^^^^^^^^^^^^^^^^^^^^^^^^^^^^^^^^^^^^^^^^^^^^^^^^^^^^^^^^^^^^^^^^^^^^
> 182 |     </section>
      | ^^^^
  183 |   );
  184 | }
  185 |

Parsing ecmascript source code failed

Import trace:
  Server Component:
    ./components/landing/LeaderboardSection.tsx
    ./app/page.tsx @ http://localhost:3000/_next/static/chunks/node_modules_next_dist_1e8vcs8._.js:1052
[ 7365589ms] [ERROR] ./components/landing/LeaderboardSection.tsx:181:14
Error: Expected '</', got 'jsx text'
  179 |           View Full Leaderboard →
  180 |         </p>
> 181 |       </Card>
      |              ^^^^^^^^^^^^^^^^^^^^^^^^^^^^^^^^^^^^^^^^^^^^^^^^^^^^^^^^^^^^^^^^^^^^^^^^^^^^^^^^^^^^
> 182 |     </section>
      | ^^^^
  183 |   );
  184 | }
  185 |

Parsing ecmascript source code failed

Import trace:
  Server Component:
    ./components/landing/LeaderboardSection.tsx
    ./app/page.tsx @ http://localhost:3000/_next/static/chunks/node_modules_next_dist_1e8vcs8._.js:1052
[ 7365653ms] [ERROR] ./components/landing/LeaderboardSection.tsx:181:14
Error: Expected '</', got 'jsx text'
  179 |           View Full Leaderboard →
  180 |         </p>
> 181 |       </Card>
      |              ^^^^^^^^^^^^^^^^^^^^^^^^^^^^^^^^^^^^^^^^^^^^^^^^^^^^^^^^^^^^^^^^^^^^^^^^^^^^^^^^^^^^
> 182 |     </section>
      | ^^^^
  183 |   );
  184 | }
  185 |

Parsing ecmascript source code failed

Import trace:
  Server Component:
    ./components/landing/LeaderboardSection.tsx
    ./app/page.tsx @ http://localhost:3000/_next/static/chunks/node_modules_next_dist_1e8vcs8._.js:1052
[ 7365715ms] [ERROR] ./components/landing/LeaderboardSection.tsx:181:14
Error: Expected '</', got 'jsx text'
  179 |           View Full Leaderboard →
  180 |         </p>
> 181 |       </Card>
      |              ^^^^^^^^^^^^^^^^^^^^^^^^^^^^^^^^^^^^^^^^^^^^^^^^^^^^^^^^^^^^^^^^^^^^^^^^^^^^^^^^^^^^
> 182 |     </section>
      | ^^^^
  183 |   );
  184 | }
  185 |

Parsing ecmascript source code failed

Import trace:
  Server Component:
    ./components/landing/LeaderboardSection.tsx
    ./app/page.tsx @ http://localhost:3000/_next/static/chunks/node_modules_next_dist_1e8vcs8._.js:1052
[ 7365772ms] [ERROR] ./components/landing/LeaderboardSection.tsx:181:14
Error: Expected '</', got 'jsx text'
  179 |           View Full Leaderboard →
  180 |         </p>
> 181 |       </Card>
      |              ^^^^^^^^^^^^^^^^^^^^^^^^^^^^^^^^^^^^^^^^^^^^^^^^^^^^^^^^^^^^^^^^^^^^^^^^^^^^^^^^^^^^
> 182 |     </section>
      | ^^^^
  183 |   );
  184 | }
  185 |

Parsing ecmascript source code failed

Import trace:
  Server Component:
    ./components/landing/LeaderboardSection.tsx
    ./app/page.tsx @ http://localhost:3000/_next/static/chunks/node_modules_next_dist_1e8vcs8._.js:1052
[ 7365832ms] [ERROR] ./components/landing/LeaderboardSection.tsx:181:14
Error: Expected '</', got 'jsx text'
  179 |           View Full Leaderboard →
  180 |         </p>
> 181 |       </Card>
      |              ^^^^^^^^^^^^^^^^^^^^^^^^^^^^^^^^^^^^^^^^^^^^^^^^^^^^^^^^^^^^^^^^^^^^^^^^^^^^^^^^^^^^
> 182 |     </section>
      | ^^^^
  183 |   );
  184 | }
  185 |

Parsing ecmascript source code failed

Import trace:
  Server Component:
    ./components/landing/LeaderboardSection.tsx
    ./app/page.tsx @ http://localhost:3000/_next/static/chunks/node_modules_next_dist_1e8vcs8._.js:1052
[ 7365890ms] [ERROR] ./components/landing/LeaderboardSection.tsx:181:14
Error: Expected '</', got 'jsx text'
  179 |           View Full Leaderboard →
  180 |         </p>
> 181 |       </Card>
      |              ^^^^^^^^^^^^^^^^^^^^^^^^^^^^^^^^^^^^^^^^^^^^^^^^^^^^^^^^^^^^^^^^^^^^^^^^^^^^^^^^^^^^
> 182 |     </section>
      | ^^^^
  183 |   );
  184 | }
  185 |

Parsing ecmascript source code failed

Import trace:
  Server Component:
    ./components/landing/LeaderboardSection.tsx
    ./app/page.tsx @ http://localhost:3000/_next/static/chunks/node_modules_next_dist_1e8vcs8._.js:1052
[ 7365955ms] [ERROR] ./components/landing/LeaderboardSection.tsx:181:14
Error: Expected '</', got 'jsx text'
  179 |           View Full Leaderboard →
  180 |         </p>
> 181 |       </Card>
      |              ^^^^^^^^^^^^^^^^^^^^^^^^^^^^^^^^^^^^^^^^^^^^^^^^^^^^^^^^^^^^^^^^^^^^^^^^^^^^^^^^^^^^
> 182 |     </section>
      | ^^^^
  183 |   );
  184 | }
  185 |

Parsing ecmascript source code failed

Import trace:
  Server Component:
    ./components/landing/LeaderboardSection.tsx
    ./app/page.tsx @ http://localhost:3000/_next/static/chunks/node_modules_next_dist_1e8vcs8._.js:1052
[ 7366009ms] [ERROR] ./components/landing/LeaderboardSection.tsx:181:14
Error: Expected '</', got 'jsx text'
  179 |           View Full Leaderboard →
  180 |         </p>
> 181 |       </Card>
      |              ^^^^^^^^^^^^^^^^^^^^^^^^^^^^^^^^^^^^^^^^^^^^^^^^^^^^^^^^^^^^^^^^^^^^^^^^^^^^^^^^^^^^
> 182 |     </section>
      | ^^^^
  183 |   );
  184 | }
  185 |

Parsing ecmascript source code failed

Import trace:
  Server Component:
    ./components/landing/LeaderboardSection.tsx
    ./app/page.tsx @ http://localhost:3000/_next/static/chunks/node_modules_next_dist_1e8vcs8._.js:1052
[ 7366087ms] [ERROR] ./components/landing/LeaderboardSection.tsx:181:14
Error: Expected '</', got 'jsx text'
  179 |           View Full Leaderboard →
  180 |         </p>
> 181 |       </Card>
      |              ^^^^^^^^^^^^^^^^^^^^^^^^^^^^^^^^^^^^^^^^^^^^^^^^^^^^^^^^^^^^^^^^^^^^^^^^^^^^^^^^^^^^
> 182 |     </section>
      | ^^^^
  183 |   );
  184 | }
  185 |

Parsing ecmascript source code failed

Import trace:
  Server Component:
    ./components/landing/LeaderboardSection.tsx
    ./app/page.tsx @ http://localhost:3000/_next/static/chunks/node_modules_next_dist_1e8vcs8._.js:1052
[ 7366159ms] [ERROR] ./components/landing/LeaderboardSection.tsx:181:14
Error: Expected '</', got 'jsx text'
  179 |           View Full Leaderboard →
  180 |         </p>
> 181 |       </Card>
      |              ^^^^^^^^^^^^^^^^^^^^^^^^^^^^^^^^^^^^^^^^^^^^^^^^^^^^^^^^^^^^^^^^^^^^^^^^^^^^^^^^^^^^
> 182 |     </section>
      | ^^^^
  183 |   );
  184 | }
  185 |

Parsing ecmascript source code failed

Import trace:
  Server Component:
    ./components/landing/LeaderboardSection.tsx
    ./app/page.tsx @ http://localhost:3000/_next/static/chunks/node_modules_next_dist_1e8vcs8._.js:1052
[ 7366222ms] [ERROR] ./components/landing/LeaderboardSection.tsx:181:14
Error: Expected '</', got 'jsx text'
  179 |           View Full Leaderboard →
  180 |         </p>
> 181 |       </Card>
      |              ^^^^^^^^^^^^^^^^^^^^^^^^^^^^^^^^^^^^^^^^^^^^^^^^^^^^^^^^^^^^^^^^^^^^^^^^^^^^^^^^^^^^
> 182 |     </section>
      | ^^^^
  183 |   );
  184 | }
  185 |

Parsing ecmascript source code failed

Import trace:
  Server Component:
    ./components/landing/LeaderboardSection.tsx
    ./app/page.tsx @ http://localhost:3000/_next/static/chunks/node_modules_next_dist_1e8vcs8._.js:1052
[ 7366287ms] [ERROR] ./components/landing/LeaderboardSection.tsx:181:14
Error: Expected '</', got 'jsx text'
  179 |           View Full Leaderboard →
  180 |         </p>
> 181 |       </Card>
      |              ^^^^^^^^^^^^^^^^^^^^^^^^^^^^^^^^^^^^^^^^^^^^^^^^^^^^^^^^^^^^^^^^^^^^^^^^^^^^^^^^^^^^
> 182 |     </section>
      | ^^^^
  183 |   );
  184 | }
  185 |

Parsing ecmascript source code failed

Import trace:
  Server Component:
    ./components/landing/LeaderboardSection.tsx
    ./app/page.tsx @ http://localhost:3000/_next/static/chunks/node_modules_next_dist_1e8vcs8._.js:1052
[ 7366358ms] [ERROR] ./components/landing/LeaderboardSection.tsx:181:14
Error: Expected '</', got 'jsx text'
  179 |           View Full Leaderboard →
  180 |         </p>
> 181 |       </Card>
      |              ^^^^^^^^^^^^^^^^^^^^^^^^^^^^^^^^^^^^^^^^^^^^^^^^^^^^^^^^^^^^^^^^^^^^^^^^^^^^^^^^^^^^
> 182 |     </section>
      | ^^^^
  183 |   );
  184 | }
  185 |

Parsing ecmascript source code failed

Import trace:
  Server Component:
    ./components/landing/LeaderboardSection.tsx
    ./app/page.tsx @ http://localhost:3000/_next/static/chunks/node_modules_next_dist_1e8vcs8._.js:1052
[ 7366431ms] [ERROR] ./components/landing/LeaderboardSection.tsx:181:14
Error: Expected '</', got 'jsx text'
  179 |           View Full Leaderboard →
  180 |         </p>
> 181 |       </Card>
      |              ^^^^^^^^^^^^^^^^^^^^^^^^^^^^^^^^^^^^^^^^^^^^^^^^^^^^^^^^^^^^^^^^^^^^^^^^^^^^^^^^^^^^
> 182 |     </section>
      | ^^^^
  183 |   );
  184 | }
  185 |

Parsing ecmascript source code failed

Import trace:
  Server Component:
    ./components/landing/LeaderboardSection.tsx
    ./app/page.tsx @ http://localhost:3000/_next/static/chunks/node_modules_next_dist_1e8vcs8._.js:1052
[ 7366489ms] [ERROR] ./components/landing/LeaderboardSection.tsx:181:14
Error: Expected '</', got 'jsx text'
  179 |           View Full Leaderboard →
  180 |         </p>
> 181 |       </Card>
      |              ^^^^^^^^^^^^^^^^^^^^^^^^^^^^^^^^^^^^^^^^^^^^^^^^^^^^^^^^^^^^^^^^^^^^^^^^^^^^^^^^^^^^
> 182 |     </section>
      | ^^^^
  183 |   );
  184 | }
  185 |

Parsing ecmascript source code failed

Import trace:
  Server Component:
    ./components/landing/LeaderboardSection.tsx
    ./app/page.tsx @ http://localhost:3000/_next/static/chunks/node_modules_next_dist_1e8vcs8._.js:1052
[ 7366553ms] [ERROR] ./components/landing/LeaderboardSection.tsx:181:14
Error: Expected '</', got 'jsx text'
  179 |           View Full Leaderboard →
  180 |         </p>
> 181 |       </Card>
      |              ^^^^^^^^^^^^^^^^^^^^^^^^^^^^^^^^^^^^^^^^^^^^^^^^^^^^^^^^^^^^^^^^^^^^^^^^^^^^^^^^^^^^
> 182 |     </section>
      | ^^^^
  183 |   );
  184 | }
  185 |

Parsing ecmascript source code failed

Import trace:
  Server Component:
    ./components/landing/LeaderboardSection.tsx
    ./app/page.tsx @ http://localhost:3000/_next/static/chunks/node_modules_next_dist_1e8vcs8._.js:1052
[ 7366618ms] [ERROR] ./components/landing/LeaderboardSection.tsx:181:14
Error: Expected '</', got 'jsx text'
  179 |           View Full Leaderboard →
  180 |         </p>
> 181 |       </Card>
      |              ^^^^^^^^^^^^^^^^^^^^^^^^^^^^^^^^^^^^^^^^^^^^^^^^^^^^^^^^^^^^^^^^^^^^^^^^^^^^^^^^^^^^
> 182 |     </section>
      | ^^^^
  183 |   );
  184 | }
  185 |

Parsing ecmascript source code failed

Import trace:
  Server Component:
    ./components/landing/LeaderboardSection.tsx
    ./app/page.tsx @ http://localhost:3000/_next/static/chunks/node_modules_next_dist_1e8vcs8._.js:1052
[ 7366674ms] [ERROR] ./components/landing/LeaderboardSection.tsx:181:14
Error: Expected '</', got 'jsx text'
  179 |           View Full Leaderboard →
  180 |         </p>
> 181 |       </Card>
      |              ^^^^^^^^^^^^^^^^^^^^^^^^^^^^^^^^^^^^^^^^^^^^^^^^^^^^^^^^^^^^^^^^^^^^^^^^^^^^^^^^^^^^
> 182 |     </section>
      | ^^^^
  183 |   );
  184 | }
  185 |

Parsing ecmascript source code failed

Import trace:
  Server Component:
    ./components/landing/LeaderboardSection.tsx
    ./app/page.tsx @ http://localhost:3000/_next/static/chunks/node_modules_next_dist_1e8vcs8._.js:1052
[ 7366737ms] [ERROR] ./components/landing/LeaderboardSection.tsx:181:14
Error: Expected '</', got 'jsx text'
  179 |           View Full Leaderboard →
  180 |         </p>
> 181 |       </Card>
      |              ^^^^^^^^^^^^^^^^^^^^^^^^^^^^^^^^^^^^^^^^^^^^^^^^^^^^^^^^^^^^^^^^^^^^^^^^^^^^^^^^^^^^
> 182 |     </section>
      | ^^^^
  183 |   );
  184 | }
  185 |

Parsing ecmascript source code failed

Import trace:
  Server Component:
    ./components/landing/LeaderboardSection.tsx
    ./app/page.tsx @ http://localhost:3000/_next/static/chunks/node_modules_next_dist_1e8vcs8._.js:1052
[ 7366799ms] [ERROR] ./components/landing/LeaderboardSection.tsx:181:14
Error: Expected '</', got 'jsx text'
  179 |           View Full Leaderboard →
  180 |         </p>
> 181 |       </Card>
      |              ^^^^^^^^^^^^^^^^^^^^^^^^^^^^^^^^^^^^^^^^^^^^^^^^^^^^^^^^^^^^^^^^^^^^^^^^^^^^^^^^^^^^
> 182 |     </section>
      | ^^^^
  183 |   );
  184 | }
  185 |

Parsing ecmascript source code failed

Import trace:
  Server Component:
    ./components/landing/LeaderboardSection.tsx
    ./app/page.tsx @ http://localhost:3000/_next/static/chunks/node_modules_next_dist_1e8vcs8._.js:1052
[ 7366868ms] [ERROR] ./components/landing/LeaderboardSection.tsx:181:14
Error: Expected '</', got 'jsx text'
  179 |           View Full Leaderboard →
  180 |         </p>
> 181 |       </Card>
      |              ^^^^^^^^^^^^^^^^^^^^^^^^^^^^^^^^^^^^^^^^^^^^^^^^^^^^^^^^^^^^^^^^^^^^^^^^^^^^^^^^^^^^
> 182 |     </section>
      | ^^^^
  183 |   );
  184 | }
  185 |

Parsing ecmascript source code failed

Import trace:
  Server Component:
    ./components/landing/LeaderboardSection.tsx
    ./app/page.tsx @ http://localhost:3000/_next/static/chunks/node_modules_next_dist_1e8vcs8._.js:1052
[ 7366924ms] [ERROR] ./components/landing/LeaderboardSection.tsx:181:14
Error: Expected '</', got 'jsx text'
  179 |           View Full Leaderboard →
  180 |         </p>
> 181 |       </Card>
      |              ^^^^^^^^^^^^^^^^^^^^^^^^^^^^^^^^^^^^^^^^^^^^^^^^^^^^^^^^^^^^^^^^^^^^^^^^^^^^^^^^^^^^
> 182 |     </section>
      | ^^^^
  183 |   );
  184 | }
  185 |

Parsing ecmascript source code failed

Import trace:
  Server Component:
    ./components/landing/LeaderboardSection.tsx
    ./app/page.tsx @ http://localhost:3000/_next/static/chunks/node_modules_next_dist_1e8vcs8._.js:1052
[ 7366975ms] [ERROR] ./components/landing/LeaderboardSection.tsx:181:14
Error: Expected '</', got 'jsx text'
  179 |           View Full Leaderboard →
  180 |         </p>
> 181 |       </Card>
      |              ^^^^^^^^^^^^^^^^^^^^^^^^^^^^^^^^^^^^^^^^^^^^^^^^^^^^^^^^^^^^^^^^^^^^^^^^^^^^^^^^^^^^
> 182 |     </section>
      | ^^^^
  183 |   );
  184 | }
  185 |

Parsing ecmascript source code failed

Import trace:
  Server Component:
    ./components/landing/LeaderboardSection.tsx
    ./app/page.tsx @ http://localhost:3000/_next/static/chunks/node_modules_next_dist_1e8vcs8._.js:1052
[ 7367042ms] [ERROR] ./components/landing/LeaderboardSection.tsx:181:14
Error: Expected '</', got 'jsx text'
  179 |           View Full Leaderboard →
  180 |         </p>
> 181 |       </Card>
      |              ^^^^^^^^^^^^^^^^^^^^^^^^^^^^^^^^^^^^^^^^^^^^^^^^^^^^^^^^^^^^^^^^^^^^^^^^^^^^^^^^^^^^
> 182 |     </section>
      | ^^^^
  183 |   );
  184 | }
  185 |

Parsing ecmascript source code failed

Import trace:
  Server Component:
    ./components/landing/LeaderboardSection.tsx
    ./app/page.tsx @ http://localhost:3000/_next/static/chunks/node_modules_next_dist_1e8vcs8._.js:1052
[ 7367109ms] [ERROR] ./components/landing/LeaderboardSection.tsx:181:14
Error: Expected '</', got 'jsx text'
  179 |           View Full Leaderboard →
  180 |         </p>
> 181 |       </Card>
      |              ^^^^^^^^^^^^^^^^^^^^^^^^^^^^^^^^^^^^^^^^^^^^^^^^^^^^^^^^^^^^^^^^^^^^^^^^^^^^^^^^^^^^
> 182 |     </section>
      | ^^^^
  183 |   );
  184 | }
  185 |

Parsing ecmascript source code failed

Import trace:
  Server Component:
    ./components/landing/LeaderboardSection.tsx
    ./app/page.tsx @ http://localhost:3000/_next/static/chunks/node_modules_next_dist_1e8vcs8._.js:1052
[ 7367159ms] [ERROR] ./components/landing/LeaderboardSection.tsx:181:14
Error: Expected '</', got 'jsx text'
  179 |           View Full Leaderboard →
  180 |         </p>
> 181 |       </Card>
      |              ^^^^^^^^^^^^^^^^^^^^^^^^^^^^^^^^^^^^^^^^^^^^^^^^^^^^^^^^^^^^^^^^^^^^^^^^^^^^^^^^^^^^
> 182 |     </section>
      | ^^^^
  183 |   );
  184 | }
  185 |

Parsing ecmascript source code failed

Import trace:
  Server Component:
    ./components/landing/LeaderboardSection.tsx
    ./app/page.tsx @ http://localhost:3000/_next/static/chunks/node_modules_next_dist_1e8vcs8._.js:1052
[ 7367226ms] [ERROR] ./components/landing/LeaderboardSection.tsx:181:14
Error: Expected '</', got 'jsx text'
  179 |           View Full Leaderboard →
  180 |         </p>
> 181 |       </Card>
      |              ^^^^^^^^^^^^^^^^^^^^^^^^^^^^^^^^^^^^^^^^^^^^^^^^^^^^^^^^^^^^^^^^^^^^^^^^^^^^^^^^^^^^
> 182 |     </section>
      | ^^^^
  183 |   );
  184 | }
  185 |

Parsing ecmascript source code failed

Import trace:
  Server Component:
    ./components/landing/LeaderboardSection.tsx
    ./app/page.tsx @ http://localhost:3000/_next/static/chunks/node_modules_next_dist_1e8vcs8._.js:1052
[ 7367275ms] [ERROR] ./components/landing/LeaderboardSection.tsx:181:14
Error: Expected '</', got 'jsx text'
  179 |           View Full Leaderboard →
  180 |         </p>
> 181 |       </Card>
      |              ^^^^^^^^^^^^^^^^^^^^^^^^^^^^^^^^^^^^^^^^^^^^^^^^^^^^^^^^^^^^^^^^^^^^^^^^^^^^^^^^^^^^
> 182 |     </section>
      | ^^^^
  183 |   );
  184 | }
  185 |

Parsing ecmascript source code failed

Import trace:
  Server Component:
    ./components/landing/LeaderboardSection.tsx
    ./app/page.tsx @ http://localhost:3000/_next/static/chunks/node_modules_next_dist_1e8vcs8._.js:1052
[ 7367348ms] [ERROR] ./components/landing/LeaderboardSection.tsx:181:14
Error: Expected '</', got 'jsx text'
  179 |           View Full Leaderboard →
  180 |         </p>
> 181 |       </Card>
      |              ^^^^^^^^^^^^^^^^^^^^^^^^^^^^^^^^^^^^^^^^^^^^^^^^^^^^^^^^^^^^^^^^^^^^^^^^^^^^^^^^^^^^
> 182 |     </section>
      | ^^^^
  183 |   );
  184 | }
  185 |

Parsing ecmascript source code failed

Import trace:
  Server Component:
    ./components/landing/LeaderboardSection.tsx
    ./app/page.tsx @ http://localhost:3000/_next/static/chunks/node_modules_next_dist_1e8vcs8._.js:1052
[ 7367400ms] [ERROR] ./components/landing/LeaderboardSection.tsx:181:14
Error: Expected '</', got 'jsx text'
  179 |           View Full Leaderboard →
  180 |         </p>
> 181 |       </Card>
      |              ^^^^^^^^^^^^^^^^^^^^^^^^^^^^^^^^^^^^^^^^^^^^^^^^^^^^^^^^^^^^^^^^^^^^^^^^^^^^^^^^^^^^
> 182 |     </section>
      | ^^^^
  183 |   );
  184 | }
  185 |

Parsing ecmascript source code failed

Import trace:
  Server Component:
    ./components/landing/LeaderboardSection.tsx
    ./app/page.tsx @ http://localhost:3000/_next/static/chunks/node_modules_next_dist_1e8vcs8._.js:1052
[ 7367458ms] [ERROR] ./components/landing/LeaderboardSection.tsx:181:14
Error: Expected '</', got 'jsx text'
  179 |           View Full Leaderboard →
  180 |         </p>
> 181 |       </Card>
      |              ^^^^^^^^^^^^^^^^^^^^^^^^^^^^^^^^^^^^^^^^^^^^^^^^^^^^^^^^^^^^^^^^^^^^^^^^^^^^^^^^^^^^
> 182 |     </section>
      | ^^^^
  183 |   );
  184 | }
  185 |

Parsing ecmascript source code failed

Import trace:
  Server Component:
    ./components/landing/LeaderboardSection.tsx
    ./app/page.tsx @ http://localhost:3000/_next/static/chunks/node_modules_next_dist_1e8vcs8._.js:1052
[ 7367508ms] [ERROR] ./components/landing/LeaderboardSection.tsx:181:14
Error: Expected '</', got 'jsx text'
  179 |           View Full Leaderboard →
  180 |         </p>
> 181 |       </Card>
      |              ^^^^^^^^^^^^^^^^^^^^^^^^^^^^^^^^^^^^^^^^^^^^^^^^^^^^^^^^^^^^^^^^^^^^^^^^^^^^^^^^^^^^
> 182 |     </section>
      | ^^^^
  183 |   );
  184 | }
  185 |

Parsing ecmascript source code failed

Import trace:
  Server Component:
    ./components/landing/LeaderboardSection.tsx
    ./app/page.tsx @ http://localhost:3000/_next/static/chunks/node_modules_next_dist_1e8vcs8._.js:1052
[ 7367559ms] [ERROR] ./components/landing/LeaderboardSection.tsx:181:14
Error: Expected '</', got 'jsx text'
  179 |           View Full Leaderboard →
  180 |         </p>
> 181 |       </Card>
      |              ^^^^^^^^^^^^^^^^^^^^^^^^^^^^^^^^^^^^^^^^^^^^^^^^^^^^^^^^^^^^^^^^^^^^^^^^^^^^^^^^^^^^
> 182 |     </section>
      | ^^^^
  183 |   );
  184 | }
  185 |

Parsing ecmascript source code failed

Import trace:
  Server Component:
    ./components/landing/LeaderboardSection.tsx
    ./app/page.tsx @ http://localhost:3000/_next/static/chunks/node_modules_next_dist_1e8vcs8._.js:1052
[ 7367609ms] [ERROR] ./components/landing/LeaderboardSection.tsx:181:14
Error: Expected '</', got 'jsx text'
  179 |           View Full Leaderboard →
  180 |         </p>
> 181 |       </Card>
      |              ^^^^^^^^^^^^^^^^^^^^^^^^^^^^^^^^^^^^^^^^^^^^^^^^^^^^^^^^^^^^^^^^^^^^^^^^^^^^^^^^^^^^
> 182 |     </section>
      | ^^^^
  183 |   );
  184 | }
  185 |

Parsing ecmascript source code failed

Import trace:
  Server Component:
    ./components/landing/LeaderboardSection.tsx
    ./app/page.tsx @ http://localhost:3000/_next/static/chunks/node_modules_next_dist_1e8vcs8._.js:1052
[ 7367669ms] [ERROR] ./components/landing/LeaderboardSection.tsx:181:14
Error: Expected '</', got 'jsx text'
  179 |           View Full Leaderboard →
  180 |         </p>
> 181 |       </Card>
      |              ^^^^^^^^^^^^^^^^^^^^^^^^^^^^^^^^^^^^^^^^^^^^^^^^^^^^^^^^^^^^^^^^^^^^^^^^^^^^^^^^^^^^
> 182 |     </section>
      | ^^^^
  183 |   );
  184 | }
  185 |

Parsing ecmascript source code failed

Import trace:
  Server Component:
    ./components/landing/LeaderboardSection.tsx
    ./app/page.tsx @ http://localhost:3000/_next/static/chunks/node_modules_next_dist_1e8vcs8._.js:1052
[ 7367725ms] [ERROR] ./components/landing/LeaderboardSection.tsx:181:14
Error: Expected '</', got 'jsx text'
  179 |           View Full Leaderboard →
  180 |         </p>
> 181 |       </Card>
      |              ^^^^^^^^^^^^^^^^^^^^^^^^^^^^^^^^^^^^^^^^^^^^^^^^^^^^^^^^^^^^^^^^^^^^^^^^^^^^^^^^^^^^
> 182 |     </section>
      | ^^^^
  183 |   );
  184 | }
  185 |

Parsing ecmascript source code failed

Import trace:
  Server Component:
    ./components/landing/LeaderboardSection.tsx
    ./app/page.tsx @ http://localhost:3000/_next/static/chunks/node_modules_next_dist_1e8vcs8._.js:1052
[ 7367793ms] [ERROR] ./components/landing/LeaderboardSection.tsx:181:14
Error: Expected '</', got 'jsx text'
  179 |           View Full Leaderboard →
  180 |         </p>
> 181 |       </Card>
      |              ^^^^^^^^^^^^^^^^^^^^^^^^^^^^^^^^^^^^^^^^^^^^^^^^^^^^^^^^^^^^^^^^^^^^^^^^^^^^^^^^^^^^
> 182 |     </section>
      | ^^^^
  183 |   );
  184 | }
  185 |

Parsing ecmascript source code failed

Import trace:
  Server Component:
    ./components/landing/LeaderboardSection.tsx
    ./app/page.tsx @ http://localhost:3000/_next/static/chunks/node_modules_next_dist_1e8vcs8._.js:1052
[ 7367858ms] [ERROR] ./components/landing/LeaderboardSection.tsx:181:14
Error: Expected '</', got 'jsx text'
  179 |           View Full Leaderboard →
  180 |         </p>
> 181 |       </Card>
      |              ^^^^^^^^^^^^^^^^^^^^^^^^^^^^^^^^^^^^^^^^^^^^^^^^^^^^^^^^^^^^^^^^^^^^^^^^^^^^^^^^^^^^
> 182 |     </section>
      | ^^^^
  183 |   );
  184 | }
  185 |

Parsing ecmascript source code failed

Import trace:
  Server Component:
    ./components/landing/LeaderboardSection.tsx
    ./app/page.tsx @ http://localhost:3000/_next/static/chunks/node_modules_next_dist_1e8vcs8._.js:1052
[ 7367920ms] [ERROR] ./components/landing/LeaderboardSection.tsx:181:14
Error: Expected '</', got 'jsx text'
  179 |           View Full Leaderboard →
  180 |         </p>
> 181 |       </Card>
      |              ^^^^^^^^^^^^^^^^^^^^^^^^^^^^^^^^^^^^^^^^^^^^^^^^^^^^^^^^^^^^^^^^^^^^^^^^^^^^^^^^^^^^
> 182 |     </section>
      | ^^^^
  183 |   );
  184 | }
  185 |

Parsing ecmascript source code failed

Import trace:
  Server Component:
    ./components/landing/LeaderboardSection.tsx
    ./app/page.tsx @ http://localhost:3000/_next/static/chunks/node_modules_next_dist_1e8vcs8._.js:1052
[ 7367975ms] [ERROR] ./components/landing/LeaderboardSection.tsx:181:14
Error: Expected '</', got 'jsx text'
  179 |           View Full Leaderboard →
  180 |         </p>
> 181 |       </Card>
      |              ^^^^^^^^^^^^^^^^^^^^^^^^^^^^^^^^^^^^^^^^^^^^^^^^^^^^^^^^^^^^^^^^^^^^^^^^^^^^^^^^^^^^
> 182 |     </section>
      | ^^^^
  183 |   );
  184 | }
  185 |

Parsing ecmascript source code failed

Import trace:
  Server Component:
    ./components/landing/LeaderboardSection.tsx
    ./app/page.tsx @ http://localhost:3000/_next/static/chunks/node_modules_next_dist_1e8vcs8._.js:1052
[ 7368042ms] [ERROR] ./components/landing/LeaderboardSection.tsx:181:14
Error: Expected '</', got 'jsx text'
  179 |           View Full Leaderboard →
  180 |         </p>
> 181 |       </Card>
      |              ^^^^^^^^^^^^^^^^^^^^^^^^^^^^^^^^^^^^^^^^^^^^^^^^^^^^^^^^^^^^^^^^^^^^^^^^^^^^^^^^^^^^
> 182 |     </section>
      | ^^^^
  183 |   );
  184 | }
  185 |

Parsing ecmascript source code failed

Import trace:
  Server Component:
    ./components/landing/LeaderboardSection.tsx
    ./app/page.tsx @ http://localhost:3000/_next/static/chunks/node_modules_next_dist_1e8vcs8._.js:1052
[ 7368103ms] [ERROR] ./components/landing/LeaderboardSection.tsx:181:14
Error: Expected '</', got 'jsx text'
  179 |           View Full Leaderboard →
  180 |         </p>
> 181 |       </Card>
      |              ^^^^^^^^^^^^^^^^^^^^^^^^^^^^^^^^^^^^^^^^^^^^^^^^^^^^^^^^^^^^^^^^^^^^^^^^^^^^^^^^^^^^
> 182 |     </section>
      | ^^^^
  183 |   );
  184 | }
  185 |

Parsing ecmascript source code failed

Import trace:
  Server Component:
    ./components/landing/LeaderboardSection.tsx
    ./app/page.tsx @ http://localhost:3000/_next/static/chunks/node_modules_next_dist_1e8vcs8._.js:1052
[ 7368160ms] [ERROR] ./components/landing/LeaderboardSection.tsx:181:14
Error: Expected '</', got 'jsx text'
  179 |           View Full Leaderboard →
  180 |         </p>
> 181 |       </Card>
      |              ^^^^^^^^^^^^^^^^^^^^^^^^^^^^^^^^^^^^^^^^^^^^^^^^^^^^^^^^^^^^^^^^^^^^^^^^^^^^^^^^^^^^
> 182 |     </section>
      | ^^^^
  183 |   );
  184 | }
  185 |

Parsing ecmascript source code failed

Import trace:
  Server Component:
    ./components/landing/LeaderboardSection.tsx
    ./app/page.tsx @ http://localhost:3000/_next/static/chunks/node_modules_next_dist_1e8vcs8._.js:1052
[ 7368209ms] [ERROR] ./components/landing/LeaderboardSection.tsx:181:14
Error: Expected '</', got 'jsx text'
  179 |           View Full Leaderboard →
  180 |         </p>
> 181 |       </Card>
      |              ^^^^^^^^^^^^^^^^^^^^^^^^^^^^^^^^^^^^^^^^^^^^^^^^^^^^^^^^^^^^^^^^^^^^^^^^^^^^^^^^^^^^
> 182 |     </section>
      | ^^^^
  183 |   );
  184 | }
  185 |

Parsing ecmascript source code failed

Import trace:
  Server Component:
    ./components/landing/LeaderboardSection.tsx
    ./app/page.tsx @ http://localhost:3000/_next/static/chunks/node_modules_next_dist_1e8vcs8._.js:1052
[ 7368269ms] [ERROR] ./components/landing/LeaderboardSection.tsx:181:14
Error: Expected '</', got 'jsx text'
  179 |           View Full Leaderboard →
  180 |         </p>
> 181 |       </Card>
      |              ^^^^^^^^^^^^^^^^^^^^^^^^^^^^^^^^^^^^^^^^^^^^^^^^^^^^^^^^^^^^^^^^^^^^^^^^^^^^^^^^^^^^
> 182 |     </section>
      | ^^^^
  183 |   );
  184 | }
  185 |

Parsing ecmascript source code failed

Import trace:
  Server Component:
    ./components/landing/LeaderboardSection.tsx
    ./app/page.tsx @ http://localhost:3000/_next/static/chunks/node_modules_next_dist_1e8vcs8._.js:1052
[ 7368325ms] [ERROR] ./components/landing/LeaderboardSection.tsx:181:14
Error: Expected '</', got 'jsx text'
  179 |           View Full Leaderboard →
  180 |         </p>
> 181 |       </Card>
      |              ^^^^^^^^^^^^^^^^^^^^^^^^^^^^^^^^^^^^^^^^^^^^^^^^^^^^^^^^^^^^^^^^^^^^^^^^^^^^^^^^^^^^
> 182 |     </section>
      | ^^^^
  183 |   );
  184 | }
  185 |

Parsing ecmascript source code failed

Import trace:
  Server Component:
    ./components/landing/LeaderboardSection.tsx
    ./app/page.tsx @ http://localhost:3000/_next/static/chunks/node_modules_next_dist_1e8vcs8._.js:1052
[ 7368376ms] [ERROR] ./components/landing/LeaderboardSection.tsx:181:14
Error: Expected '</', got 'jsx text'
  179 |           View Full Leaderboard →
  180 |         </p>
> 181 |       </Card>
      |              ^^^^^^^^^^^^^^^^^^^^^^^^^^^^^^^^^^^^^^^^^^^^^^^^^^^^^^^^^^^^^^^^^^^^^^^^^^^^^^^^^^^^
> 182 |     </section>
      | ^^^^
  183 |   );
  184 | }
  185 |

Parsing ecmascript source code failed

Import trace:
  Server Component:
    ./components/landing/LeaderboardSection.tsx
    ./app/page.tsx @ http://localhost:3000/_next/static/chunks/node_modules_next_dist_1e8vcs8._.js:1052
[ 7368451ms] [ERROR] ./components/landing/LeaderboardSection.tsx:181:14
Error: Expected '</', got 'jsx text'
  179 |           View Full Leaderboard →
  180 |         </p>
> 181 |       </Card>
      |              ^^^^^^^^^^^^^^^^^^^^^^^^^^^^^^^^^^^^^^^^^^^^^^^^^^^^^^^^^^^^^^^^^^^^^^^^^^^^^^^^^^^^
> 182 |     </section>
      | ^^^^
  183 |   );
  184 | }
  185 |

Parsing ecmascript source code failed

Import trace:
  Server Component:
    ./components/landing/LeaderboardSection.tsx
    ./app/page.tsx @ http://localhost:3000/_next/static/chunks/node_modules_next_dist_1e8vcs8._.js:1052
[ 7368516ms] [ERROR] ./components/landing/LeaderboardSection.tsx:181:14
Error: Expected '</', got 'jsx text'
  179 |           View Full Leaderboard →
  180 |         </p>
> 181 |       </Card>
      |              ^^^^^^^^^^^^^^^^^^^^^^^^^^^^^^^^^^^^^^^^^^^^^^^^^^^^^^^^^^^^^^^^^^^^^^^^^^^^^^^^^^^^
> 182 |     </section>
      | ^^^^
  183 |   );
  184 | }
  185 |

Parsing ecmascript source code failed

Import trace:
  Server Component:
    ./components/landing/LeaderboardSection.tsx
    ./app/page.tsx @ http://localhost:3000/_next/static/chunks/node_modules_next_dist_1e8vcs8._.js:1052
[ 7368568ms] [ERROR] ./components/landing/LeaderboardSection.tsx:181:14
Error: Expected '</', got 'jsx text'
  179 |           View Full Leaderboard →
  180 |         </p>
> 181 |       </Card>
      |              ^^^^^^^^^^^^^^^^^^^^^^^^^^^^^^^^^^^^^^^^^^^^^^^^^^^^^^^^^^^^^^^^^^^^^^^^^^^^^^^^^^^^
> 182 |     </section>
      | ^^^^
  183 |   );
  184 | }
  185 |

Parsing ecmascript source code failed

Import trace:
  Server Component:
    ./components/landing/LeaderboardSection.tsx
    ./app/page.tsx @ http://localhost:3000/_next/static/chunks/node_modules_next_dist_1e8vcs8._.js:1052
[ 7368625ms] [ERROR] ./components/landing/LeaderboardSection.tsx:181:14
Error: Expected '</', got 'jsx text'
  179 |           View Full Leaderboard →
  180 |         </p>
> 181 |       </Card>
      |              ^^^^^^^^^^^^^^^^^^^^^^^^^^^^^^^^^^^^^^^^^^^^^^^^^^^^^^^^^^^^^^^^^^^^^^^^^^^^^^^^^^^^
> 182 |     </section>
      | ^^^^
  183 |   );
  184 | }
  185 |

Parsing ecmascript source code failed

Import trace:
  Server Component:
    ./components/landing/LeaderboardSection.tsx
    ./app/page.tsx @ http://localhost:3000/_next/static/chunks/node_modules_next_dist_1e8vcs8._.js:1052
[ 7368692ms] [ERROR] ./components/landing/LeaderboardSection.tsx:181:14
Error: Expected '</', got 'jsx text'
  179 |           View Full Leaderboard →
  180 |         </p>
> 181 |       </Card>
      |              ^^^^^^^^^^^^^^^^^^^^^^^^^^^^^^^^^^^^^^^^^^^^^^^^^^^^^^^^^^^^^^^^^^^^^^^^^^^^^^^^^^^^
> 182 |     </section>
      | ^^^^
  183 |   );
  184 | }
  185 |

Parsing ecmascript source code failed

Import trace:
  Server Component:
    ./components/landing/LeaderboardSection.tsx
    ./app/page.tsx @ http://localhost:3000/_next/static/chunks/node_modules_next_dist_1e8vcs8._.js:1052
[ 7368753ms] [ERROR] ./components/landing/LeaderboardSection.tsx:181:14
Error: Expected '</', got 'jsx text'
  179 |           View Full Leaderboard →
  180 |         </p>
> 181 |       </Card>
      |              ^^^^^^^^^^^^^^^^^^^^^^^^^^^^^^^^^^^^^^^^^^^^^^^^^^^^^^^^^^^^^^^^^^^^^^^^^^^^^^^^^^^^
> 182 |     </section>
      | ^^^^
  183 |   );
  184 | }
  185 |

Parsing ecmascript source code failed

Import trace:
  Server Component:
    ./components/landing/LeaderboardSection.tsx
    ./app/page.tsx @ http://localhost:3000/_next/static/chunks/node_modules_next_dist_1e8vcs8._.js:1052
[ 7368805ms] [ERROR] ./components/landing/LeaderboardSection.tsx:181:14
Error: Expected '</', got 'jsx text'
  179 |           View Full Leaderboard →
  180 |         </p>
> 181 |       </Card>
      |              ^^^^^^^^^^^^^^^^^^^^^^^^^^^^^^^^^^^^^^^^^^^^^^^^^^^^^^^^^^^^^^^^^^^^^^^^^^^^^^^^^^^^
> 182 |     </section>
      | ^^^^
  183 |   );
  184 | }
  185 |

Parsing ecmascript source code failed

Import trace:
  Server Component:
    ./components/landing/LeaderboardSection.tsx
    ./app/page.tsx @ http://localhost:3000/_next/static/chunks/node_modules_next_dist_1e8vcs8._.js:1052
[ 7368869ms] [ERROR] ./components/landing/LeaderboardSection.tsx:181:14
Error: Expected '</', got 'jsx text'
  179 |           View Full Leaderboard →
  180 |         </p>
> 181 |       </Card>
      |              ^^^^^^^^^^^^^^^^^^^^^^^^^^^^^^^^^^^^^^^^^^^^^^^^^^^^^^^^^^^^^^^^^^^^^^^^^^^^^^^^^^^^
> 182 |     </section>
      | ^^^^
  183 |   );
  184 | }
  185 |

Parsing ecmascript source code failed

Import trace:
  Server Component:
    ./components/landing/LeaderboardSection.tsx
    ./app/page.tsx @ http://localhost:3000/_next/static/chunks/node_modules_next_dist_1e8vcs8._.js:1052
[ 7368928ms] [ERROR] ./components/landing/LeaderboardSection.tsx:181:14
Error: Expected '</', got 'jsx text'
  179 |           View Full Leaderboard →
  180 |         </p>
> 181 |       </Card>
      |              ^^^^^^^^^^^^^^^^^^^^^^^^^^^^^^^^^^^^^^^^^^^^^^^^^^^^^^^^^^^^^^^^^^^^^^^^^^^^^^^^^^^^
> 182 |     </section>
      | ^^^^
  183 |   );
  184 | }
  185 |

Parsing ecmascript source code failed

Import trace:
  Server Component:
    ./components/landing/LeaderboardSection.tsx
    ./app/page.tsx @ http://localhost:3000/_next/static/chunks/node_modules_next_dist_1e8vcs8._.js:1052
[ 7368987ms] [ERROR] ./components/landing/LeaderboardSection.tsx:181:14
Error: Expected '</', got 'jsx text'
  179 |           View Full Leaderboard →
  180 |         </p>
> 181 |       </Card>
      |              ^^^^^^^^^^^^^^^^^^^^^^^^^^^^^^^^^^^^^^^^^^^^^^^^^^^^^^^^^^^^^^^^^^^^^^^^^^^^^^^^^^^^
> 182 |     </section>
      | ^^^^
  183 |   );
  184 | }
  185 |

Parsing ecmascript source code failed

Import trace:
  Server Component:
    ./components/landing/LeaderboardSection.tsx
    ./app/page.tsx @ http://localhost:3000/_next/static/chunks/node_modules_next_dist_1e8vcs8._.js:1052
[ 7369050ms] [ERROR] ./components/landing/LeaderboardSection.tsx:181:14
Error: Expected '</', got 'jsx text'
  179 |           View Full Leaderboard →
  180 |         </p>
> 181 |       </Card>
      |              ^^^^^^^^^^^^^^^^^^^^^^^^^^^^^^^^^^^^^^^^^^^^^^^^^^^^^^^^^^^^^^^^^^^^^^^^^^^^^^^^^^^^
> 182 |     </section>
      | ^^^^
  183 |   );
  184 | }
  185 |

Parsing ecmascript source code failed

Import trace:
  Server Component:
    ./components/landing/LeaderboardSection.tsx
    ./app/page.tsx @ http://localhost:3000/_next/static/chunks/node_modules_next_dist_1e8vcs8._.js:1052
[ 7369107ms] [ERROR] ./components/landing/LeaderboardSection.tsx:181:14
Error: Expected '</', got 'jsx text'
  179 |           View Full Leaderboard →
  180 |         </p>
> 181 |       </Card>
      |              ^^^^^^^^^^^^^^^^^^^^^^^^^^^^^^^^^^^^^^^^^^^^^^^^^^^^^^^^^^^^^^^^^^^^^^^^^^^^^^^^^^^^
> 182 |     </section>
      | ^^^^
  183 |   );
  184 | }
  185 |

Parsing ecmascript source code failed

Import trace:
  Server Component:
    ./components/landing/LeaderboardSection.tsx
    ./app/page.tsx @ http://localhost:3000/_next/static/chunks/node_modules_next_dist_1e8vcs8._.js:1052
[ 7369170ms] [ERROR] ./components/landing/LeaderboardSection.tsx:181:14
Error: Expected '</', got 'jsx text'
  179 |           View Full Leaderboard →
  180 |         </p>
> 181 |       </Card>
      |              ^^^^^^^^^^^^^^^^^^^^^^^^^^^^^^^^^^^^^^^^^^^^^^^^^^^^^^^^^^^^^^^^^^^^^^^^^^^^^^^^^^^^
> 182 |     </section>
      | ^^^^
  183 |   );
  184 | }
  185 |

Parsing ecmascript source code failed

Import trace:
  Server Component:
    ./components/landing/LeaderboardSection.tsx
    ./app/page.tsx @ http://localhost:3000/_next/static/chunks/node_modules_next_dist_1e8vcs8._.js:1052
[ 7369233ms] [ERROR] ./components/landing/LeaderboardSection.tsx:181:14
Error: Expected '</', got 'jsx text'
  179 |           View Full Leaderboard →
  180 |         </p>
> 181 |       </Card>
      |              ^^^^^^^^^^^^^^^^^^^^^^^^^^^^^^^^^^^^^^^^^^^^^^^^^^^^^^^^^^^^^^^^^^^^^^^^^^^^^^^^^^^^
> 182 |     </section>
      | ^^^^
  183 |   );
  184 | }
  185 |

Parsing ecmascript source code failed

Import trace:
  Server Component:
    ./components/landing/LeaderboardSection.tsx
    ./app/page.tsx @ http://localhost:3000/_next/static/chunks/node_modules_next_dist_1e8vcs8._.js:1052
[ 7369290ms] [ERROR] ./components/landing/LeaderboardSection.tsx:181:14
Error: Expected '</', got 'jsx text'
  179 |           View Full Leaderboard →
  180 |         </p>
> 181 |       </Card>
      |              ^^^^^^^^^^^^^^^^^^^^^^^^^^^^^^^^^^^^^^^^^^^^^^^^^^^^^^^^^^^^^^^^^^^^^^^^^^^^^^^^^^^^
> 182 |     </section>
      | ^^^^
  183 |   );
  184 | }
  185 |

Parsing ecmascript source code failed

Import trace:
  Server Component:
    ./components/landing/LeaderboardSection.tsx
    ./app/page.tsx @ http://localhost:3000/_next/static/chunks/node_modules_next_dist_1e8vcs8._.js:1052
[ 7369353ms] [ERROR] ./components/landing/LeaderboardSection.tsx:181:14
Error: Expected '</', got 'jsx text'
  179 |           View Full Leaderboard →
  180 |         </p>
> 181 |       </Card>
      |              ^^^^^^^^^^^^^^^^^^^^^^^^^^^^^^^^^^^^^^^^^^^^^^^^^^^^^^^^^^^^^^^^^^^^^^^^^^^^^^^^^^^^
> 182 |     </section>
      | ^^^^
  183 |   );
  184 | }
  185 |

Parsing ecmascript source code failed

Import trace:
  Server Component:
    ./components/landing/LeaderboardSection.tsx
    ./app/page.tsx @ http://localhost:3000/_next/static/chunks/node_modules_next_dist_1e8vcs8._.js:1052
[ 7369414ms] [ERROR] ./components/landing/LeaderboardSection.tsx:181:14
Error: Expected '</', got 'jsx text'
  179 |           View Full Leaderboard →
  180 |         </p>
> 181 |       </Card>
      |              ^^^^^^^^^^^^^^^^^^^^^^^^^^^^^^^^^^^^^^^^^^^^^^^^^^^^^^^^^^^^^^^^^^^^^^^^^^^^^^^^^^^^
> 182 |     </section>
      | ^^^^
  183 |   );
  184 | }
  185 |

Parsing ecmascript source code failed

Import trace:
  Server Component:
    ./components/landing/LeaderboardSection.tsx
    ./app/page.tsx @ http://localhost:3000/_next/static/chunks/node_modules_next_dist_1e8vcs8._.js:1052
[ 7369473ms] [ERROR] ./components/landing/LeaderboardSection.tsx:181:14
Error: Expected '</', got 'jsx text'
  179 |           View Full Leaderboard →
  180 |         </p>
> 181 |       </Card>
      |              ^^^^^^^^^^^^^^^^^^^^^^^^^^^^^^^^^^^^^^^^^^^^^^^^^^^^^^^^^^^^^^^^^^^^^^^^^^^^^^^^^^^^
> 182 |     </section>
      | ^^^^
  183 |   );
  184 | }
  185 |

Parsing ecmascript source code failed

Import trace:
  Server Component:
    ./components/landing/LeaderboardSection.tsx
    ./app/page.tsx @ http://localhost:3000/_next/static/chunks/node_modules_next_dist_1e8vcs8._.js:1052
[ 7369536ms] [ERROR] ./components/landing/LeaderboardSection.tsx:181:14
Error: Expected '</', got 'jsx text'
  179 |           View Full Leaderboard →
  180 |         </p>
> 181 |       </Card>
      |              ^^^^^^^^^^^^^^^^^^^^^^^^^^^^^^^^^^^^^^^^^^^^^^^^^^^^^^^^^^^^^^^^^^^^^^^^^^^^^^^^^^^^
> 182 |     </section>
      | ^^^^
  183 |   );
  184 | }
  185 |

Parsing ecmascript source code failed

Import trace:
  Server Component:
    ./components/landing/LeaderboardSection.tsx
    ./app/page.tsx @ http://localhost:3000/_next/static/chunks/node_modules_next_dist_1e8vcs8._.js:1052
[ 7369591ms] [ERROR] ./components/landing/LeaderboardSection.tsx:181:14
Error: Expected '</', got 'jsx text'
  179 |           View Full Leaderboard →
  180 |         </p>
> 181 |       </Card>
      |              ^^^^^^^^^^^^^^^^^^^^^^^^^^^^^^^^^^^^^^^^^^^^^^^^^^^^^^^^^^^^^^^^^^^^^^^^^^^^^^^^^^^^
> 182 |     </section>
      | ^^^^
  183 |   );
  184 | }
  185 |

Parsing ecmascript source code failed

Import trace:
  Server Component:
    ./components/landing/LeaderboardSection.tsx
    ./app/page.tsx @ http://localhost:3000/_next/static/chunks/node_modules_next_dist_1e8vcs8._.js:1052
[ 7369667ms] [ERROR] ./components/landing/LeaderboardSection.tsx:181:14
Error: Expected '</', got 'jsx text'
  179 |           View Full Leaderboard →
  180 |         </p>
> 181 |       </Card>
      |              ^^^^^^^^^^^^^^^^^^^^^^^^^^^^^^^^^^^^^^^^^^^^^^^^^^^^^^^^^^^^^^^^^^^^^^^^^^^^^^^^^^^^
> 182 |     </section>
      | ^^^^
  183 |   );
  184 | }
  185 |

Parsing ecmascript source code failed

Import trace:
  Server Component:
    ./components/landing/LeaderboardSection.tsx
    ./app/page.tsx @ http://localhost:3000/_next/static/chunks/node_modules_next_dist_1e8vcs8._.js:1052
[ 7369724ms] [ERROR] ./components/landing/LeaderboardSection.tsx:181:14
Error: Expected '</', got 'jsx text'
  179 |           View Full Leaderboard →
  180 |         </p>
> 181 |       </Card>
      |              ^^^^^^^^^^^^^^^^^^^^^^^^^^^^^^^^^^^^^^^^^^^^^^^^^^^^^^^^^^^^^^^^^^^^^^^^^^^^^^^^^^^^
> 182 |     </section>
      | ^^^^
  183 |   );
  184 | }
  185 |

Parsing ecmascript source code failed

Import trace:
  Server Component:
    ./components/landing/LeaderboardSection.tsx
    ./app/page.tsx @ http://localhost:3000/_next/static/chunks/node_modules_next_dist_1e8vcs8._.js:1052
[ 7369792ms] [ERROR] ./components/landing/LeaderboardSection.tsx:181:14
Error: Expected '</', got 'jsx text'
  179 |           View Full Leaderboard →
  180 |         </p>
> 181 |       </Card>
      |              ^^^^^^^^^^^^^^^^^^^^^^^^^^^^^^^^^^^^^^^^^^^^^^^^^^^^^^^^^^^^^^^^^^^^^^^^^^^^^^^^^^^^
> 182 |     </section>
      | ^^^^
  183 |   );
  184 | }
  185 |

Parsing ecmascript source code failed

Import trace:
  Server Component:
    ./components/landing/LeaderboardSection.tsx
    ./app/page.tsx @ http://localhost:3000/_next/static/chunks/node_modules_next_dist_1e8vcs8._.js:1052
[ 7369854ms] [ERROR] ./components/landing/LeaderboardSection.tsx:181:14
Error: Expected '</', got 'jsx text'
  179 |           View Full Leaderboard →
  180 |         </p>
> 181 |       </Card>
      |              ^^^^^^^^^^^^^^^^^^^^^^^^^^^^^^^^^^^^^^^^^^^^^^^^^^^^^^^^^^^^^^^^^^^^^^^^^^^^^^^^^^^^
> 182 |     </section>
      | ^^^^
  183 |   );
  184 | }
  185 |

Parsing ecmascript source code failed

Import trace:
  Server Component:
    ./components/landing/LeaderboardSection.tsx
    ./app/page.tsx @ http://localhost:3000/_next/static/chunks/node_modules_next_dist_1e8vcs8._.js:1052
[ 7369916ms] [ERROR] ./components/landing/LeaderboardSection.tsx:181:14
Error: Expected '</', got 'jsx text'
  179 |           View Full Leaderboard →
  180 |         </p>
> 181 |       </Card>
      |              ^^^^^^^^^^^^^^^^^^^^^^^^^^^^^^^^^^^^^^^^^^^^^^^^^^^^^^^^^^^^^^^^^^^^^^^^^^^^^^^^^^^^
> 182 |     </section>
      | ^^^^
  183 |   );
  184 | }
  185 |

Parsing ecmascript source code failed

Import trace:
  Server Component:
    ./components/landing/LeaderboardSection.tsx
    ./app/page.tsx @ http://localhost:3000/_next/static/chunks/node_modules_next_dist_1e8vcs8._.js:1052
[ 7369973ms] [ERROR] ./components/landing/LeaderboardSection.tsx:181:14
Error: Expected '</', got 'jsx text'
  179 |           View Full Leaderboard →
  180 |         </p>
> 181 |       </Card>
      |              ^^^^^^^^^^^^^^^^^^^^^^^^^^^^^^^^^^^^^^^^^^^^^^^^^^^^^^^^^^^^^^^^^^^^^^^^^^^^^^^^^^^^
> 182 |     </section>
      | ^^^^
  183 |   );
  184 | }
  185 |

Parsing ecmascript source code failed

Import trace:
  Server Component:
    ./components/landing/LeaderboardSection.tsx
    ./app/page.tsx @ http://localhost:3000/_next/static/chunks/node_modules_next_dist_1e8vcs8._.js:1052
[ 7370024ms] [ERROR] ./components/landing/LeaderboardSection.tsx:181:14
Error: Expected '</', got 'jsx text'
  179 |           View Full Leaderboard →
  180 |         </p>
> 181 |       </Card>
      |              ^^^^^^^^^^^^^^^^^^^^^^^^^^^^^^^^^^^^^^^^^^^^^^^^^^^^^^^^^^^^^^^^^^^^^^^^^^^^^^^^^^^^
> 182 |     </section>
      | ^^^^
  183 |   );
  184 | }
  185 |

Parsing ecmascript source code failed

Import trace:
  Server Component:
    ./components/landing/LeaderboardSection.tsx
    ./app/page.tsx @ http://localhost:3000/_next/static/chunks/node_modules_next_dist_1e8vcs8._.js:1052
[ 7370073ms] [ERROR] ./components/landing/LeaderboardSection.tsx:181:14
Error: Expected '</', got 'jsx text'
  179 |           View Full Leaderboard →
  180 |         </p>
> 181 |       </Card>
      |              ^^^^^^^^^^^^^^^^^^^^^^^^^^^^^^^^^^^^^^^^^^^^^^^^^^^^^^^^^^^^^^^^^^^^^^^^^^^^^^^^^^^^
> 182 |     </section>
      | ^^^^
  183 |   );
  184 | }
  185 |

Parsing ecmascript source code failed

Import trace:
  Server Component:
    ./components/landing/LeaderboardSection.tsx
    ./app/page.tsx @ http://localhost:3000/_next/static/chunks/node_modules_next_dist_1e8vcs8._.js:1052
[ 7370128ms] [ERROR] ./components/landing/LeaderboardSection.tsx:181:14
Error: Expected '</', got 'jsx text'
  179 |           View Full Leaderboard →
  180 |         </p>
> 181 |       </Card>
      |              ^^^^^^^^^^^^^^^^^^^^^^^^^^^^^^^^^^^^^^^^^^^^^^^^^^^^^^^^^^^^^^^^^^^^^^^^^^^^^^^^^^^^
> 182 |     </section>
      | ^^^^
  183 |   );
  184 | }
  185 |

Parsing ecmascript source code failed

Import trace:
  Server Component:
    ./components/landing/LeaderboardSection.tsx
    ./app/page.tsx @ http://localhost:3000/_next/static/chunks/node_modules_next_dist_1e8vcs8._.js:1052
[ 7370185ms] [ERROR] ./components/landing/LeaderboardSection.tsx:181:14
Error: Expected '</', got 'jsx text'
  179 |           View Full Leaderboard →
  180 |         </p>
> 181 |       </Card>
      |              ^^^^^^^^^^^^^^^^^^^^^^^^^^^^^^^^^^^^^^^^^^^^^^^^^^^^^^^^^^^^^^^^^^^^^^^^^^^^^^^^^^^^
> 182 |     </section>
      | ^^^^
  183 |   );
  184 | }
  185 |

Parsing ecmascript source code failed

Import trace:
  Server Component:
    ./components/landing/LeaderboardSection.tsx
    ./app/page.tsx @ http://localhost:3000/_next/static/chunks/node_modules_next_dist_1e8vcs8._.js:1052
[ 7370240ms] [ERROR] ./components/landing/LeaderboardSection.tsx:181:14
Error: Expected '</', got 'jsx text'
  179 |           View Full Leaderboard →
  180 |         </p>
> 181 |       </Card>
      |              ^^^^^^^^^^^^^^^^^^^^^^^^^^^^^^^^^^^^^^^^^^^^^^^^^^^^^^^^^^^^^^^^^^^^^^^^^^^^^^^^^^^^
> 182 |     </section>
      | ^^^^
  183 |   );
  184 | }
  185 |

Parsing ecmascript source code failed

Import trace:
  Server Component:
    ./components/landing/LeaderboardSection.tsx
    ./app/page.tsx @ http://localhost:3000/_next/static/chunks/node_modules_next_dist_1e8vcs8._.js:1052
[ 7370316ms] [ERROR] ./components/landing/LeaderboardSection.tsx:181:14
Error: Expected '</', got 'jsx text'
  179 |           View Full Leaderboard →
  180 |         </p>
> 181 |       </Card>
      |              ^^^^^^^^^^^^^^^^^^^^^^^^^^^^^^^^^^^^^^^^^^^^^^^^^^^^^^^^^^^^^^^^^^^^^^^^^^^^^^^^^^^^
> 182 |     </section>
      | ^^^^
  183 |   );
  184 | }
  185 |

Parsing ecmascript source code failed

Import trace:
  Server Component:
    ./components/landing/LeaderboardSection.tsx
    ./app/page.tsx @ http://localhost:3000/_next/static/chunks/node_modules_next_dist_1e8vcs8._.js:1052
[ 7370373ms] [ERROR] ./components/landing/LeaderboardSection.tsx:181:14
Error: Expected '</', got 'jsx text'
  179 |           View Full Leaderboard →
  180 |         </p>
> 181 |       </Card>
      |              ^^^^^^^^^^^^^^^^^^^^^^^^^^^^^^^^^^^^^^^^^^^^^^^^^^^^^^^^^^^^^^^^^^^^^^^^^^^^^^^^^^^^
> 182 |     </section>
      | ^^^^
  183 |   );
  184 | }
  185 |

Parsing ecmascript source code failed

Import trace:
  Server Component:
    ./components/landing/LeaderboardSection.tsx
    ./app/page.tsx @ http://localhost:3000/_next/static/chunks/node_modules_next_dist_1e8vcs8._.js:1052
[ 7370437ms] [ERROR] ./components/landing/LeaderboardSection.tsx:181:14
Error: Expected '</', got 'jsx text'
  179 |           View Full Leaderboard →
  180 |         </p>
> 181 |       </Card>
      |              ^^^^^^^^^^^^^^^^^^^^^^^^^^^^^^^^^^^^^^^^^^^^^^^^^^^^^^^^^^^^^^^^^^^^^^^^^^^^^^^^^^^^
> 182 |     </section>
      | ^^^^
  183 |   );
  184 | }
  185 |

Parsing ecmascript source code failed

Import trace:
  Server Component:
    ./components/landing/LeaderboardSection.tsx
    ./app/page.tsx @ http://localhost:3000/_next/static/chunks/node_modules_next_dist_1e8vcs8._.js:1052
[ 7370493ms] [ERROR] ./components/landing/LeaderboardSection.tsx:181:14
Error: Expected '</', got 'jsx text'
  179 |           View Full Leaderboard →
  180 |         </p>
> 181 |       </Card>
      |              ^^^^^^^^^^^^^^^^^^^^^^^^^^^^^^^^^^^^^^^^^^^^^^^^^^^^^^^^^^^^^^^^^^^^^^^^^^^^^^^^^^^^
> 182 |     </section>
      | ^^^^
  183 |   );
  184 | }
  185 |

Parsing ecmascript source code failed

Import trace:
  Server Component:
    ./components/landing/LeaderboardSection.tsx
    ./app/page.tsx @ http://localhost:3000/_next/static/chunks/node_modules_next_dist_1e8vcs8._.js:1052
[ 7370556ms] [ERROR] ./components/landing/LeaderboardSection.tsx:181:14
Error: Expected '</', got 'jsx text'
  179 |           View Full Leaderboard →
  180 |         </p>
> 181 |       </Card>
      |              ^^^^^^^^^^^^^^^^^^^^^^^^^^^^^^^^^^^^^^^^^^^^^^^^^^^^^^^^^^^^^^^^^^^^^^^^^^^^^^^^^^^^
> 182 |     </section>
      | ^^^^
  183 |   );
  184 | }
  185 |

Parsing ecmascript source code failed

Import trace:
  Server Component:
    ./components/landing/LeaderboardSection.tsx
    ./app/page.tsx @ http://localhost:3000/_next/static/chunks/node_modules_next_dist_1e8vcs8._.js:1052
[ 7370619ms] [ERROR] ./components/landing/LeaderboardSection.tsx:181:14
Error: Expected '</', got 'jsx text'
  179 |           View Full Leaderboard →
  180 |         </p>
> 181 |       </Card>
      |              ^^^^^^^^^^^^^^^^^^^^^^^^^^^^^^^^^^^^^^^^^^^^^^^^^^^^^^^^^^^^^^^^^^^^^^^^^^^^^^^^^^^^
> 182 |     </section>
      | ^^^^
  183 |   );
  184 | }
  185 |

Parsing ecmascript source code failed

Import trace:
  Server Component:
    ./components/landing/LeaderboardSection.tsx
    ./app/page.tsx @ http://localhost:3000/_next/static/chunks/node_modules_next_dist_1e8vcs8._.js:1052
[ 7370679ms] [ERROR] ./components/landing/LeaderboardSection.tsx:181:14
Error: Expected '</', got 'jsx text'
  179 |           View Full Leaderboard →
  180 |         </p>
> 181 |       </Card>
      |              ^^^^^^^^^^^^^^^^^^^^^^^^^^^^^^^^^^^^^^^^^^^^^^^^^^^^^^^^^^^^^^^^^^^^^^^^^^^^^^^^^^^^
> 182 |     </section>
      | ^^^^
  183 |   );
  184 | }
  185 |

Parsing ecmascript source code failed

Import trace:
  Server Component:
    ./components/landing/LeaderboardSection.tsx
    ./app/page.tsx @ http://localhost:3000/_next/static/chunks/node_modules_next_dist_1e8vcs8._.js:1052
[ 7370738ms] [ERROR] ./components/landing/LeaderboardSection.tsx:181:14
Error: Expected '</', got 'jsx text'
  179 |           View Full Leaderboard →
  180 |         </p>
> 181 |       </Card>
      |              ^^^^^^^^^^^^^^^^^^^^^^^^^^^^^^^^^^^^^^^^^^^^^^^^^^^^^^^^^^^^^^^^^^^^^^^^^^^^^^^^^^^^
> 182 |     </section>
      | ^^^^
  183 |   );
  184 | }
  185 |

Parsing ecmascript source code failed

Import trace:
  Server Component:
    ./components/landing/LeaderboardSection.tsx
    ./app/page.tsx @ http://localhost:3000/_next/static/chunks/node_modules_next_dist_1e8vcs8._.js:1052
[ 7370798ms] [ERROR] ./components/landing/LeaderboardSection.tsx:181:14
Error: Expected '</', got 'jsx text'
  179 |           View Full Leaderboard →
  180 |         </p>
> 181 |       </Card>
      |              ^^^^^^^^^^^^^^^^^^^^^^^^^^^^^^^^^^^^^^^^^^^^^^^^^^^^^^^^^^^^^^^^^^^^^^^^^^^^^^^^^^^^
> 182 |     </section>
      | ^^^^
  183 |   );
  184 | }
  185 |

Parsing ecmascript source code failed

Import trace:
  Server Component:
    ./components/landing/LeaderboardSection.tsx
    ./app/page.tsx @ http://localhost:3000/_next/static/chunks/node_modules_next_dist_1e8vcs8._.js:1052
[ 7370865ms] [ERROR] ./components/landing/LeaderboardSection.tsx:181:14
Error: Expected '</', got 'jsx text'
  179 |           View Full Leaderboard →
  180 |         </p>
> 181 |       </Card>
      |              ^^^^^^^^^^^^^^^^^^^^^^^^^^^^^^^^^^^^^^^^^^^^^^^^^^^^^^^^^^^^^^^^^^^^^^^^^^^^^^^^^^^^
> 182 |     </section>
      | ^^^^
  183 |   );
  184 | }
  185 |

Parsing ecmascript source code failed

Import trace:
  Server Component:
    ./components/landing/LeaderboardSection.tsx
    ./app/page.tsx @ http://localhost:3000/_next/static/chunks/node_modules_next_dist_1e8vcs8._.js:1052
[ 7370932ms] [ERROR] ./components/landing/LeaderboardSection.tsx:181:14
Error: Expected '</', got 'jsx text'
  179 |           View Full Leaderboard →
  180 |         </p>
> 181 |       </Card>
      |              ^^^^^^^^^^^^^^^^^^^^^^^^^^^^^^^^^^^^^^^^^^^^^^^^^^^^^^^^^^^^^^^^^^^^^^^^^^^^^^^^^^^^
> 182 |     </section>
      | ^^^^
  183 |   );
  184 | }
  185 |

Parsing ecmascript source code failed

Import trace:
  Server Component:
    ./components/landing/LeaderboardSection.tsx
    ./app/page.tsx @ http://localhost:3000/_next/static/chunks/node_modules_next_dist_1e8vcs8._.js:1052
[ 7370990ms] [ERROR] ./components/landing/LeaderboardSection.tsx:181:14
Error: Expected '</', got 'jsx text'
  179 |           View Full Leaderboard →
  180 |         </p>
> 181 |       </Card>
      |              ^^^^^^^^^^^^^^^^^^^^^^^^^^^^^^^^^^^^^^^^^^^^^^^^^^^^^^^^^^^^^^^^^^^^^^^^^^^^^^^^^^^^
> 182 |     </section>
      | ^^^^
  183 |   );
  184 | }
  185 |

Parsing ecmascript source code failed

Import trace:
  Server Component:
    ./components/landing/LeaderboardSection.tsx
    ./app/page.tsx @ http://localhost:3000/_next/static/chunks/node_modules_next_dist_1e8vcs8._.js:1052
[ 7371052ms] [ERROR] ./components/landing/LeaderboardSection.tsx:181:14
Error: Expected '</', got 'jsx text'
  179 |           View Full Leaderboard →
  180 |         </p>
> 181 |       </Card>
      |              ^^^^^^^^^^^^^^^^^^^^^^^^^^^^^^^^^^^^^^^^^^^^^^^^^^^^^^^^^^^^^^^^^^^^^^^^^^^^^^^^^^^^
> 182 |     </section>
      | ^^^^
  183 |   );
  184 | }
  185 |

Parsing ecmascript source code failed

Import trace:
  Server Component:
    ./components/landing/LeaderboardSection.tsx
    ./app/page.tsx @ http://localhost:3000/_next/static/chunks/node_modules_next_dist_1e8vcs8._.js:1052
[ 7371111ms] [ERROR] ./components/landing/LeaderboardSection.tsx:181:14
Error: Expected '</', got 'jsx text'
  179 |           View Full Leaderboard →
  180 |         </p>
> 181 |       </Card>
      |              ^^^^^^^^^^^^^^^^^^^^^^^^^^^^^^^^^^^^^^^^^^^^^^^^^^^^^^^^^^^^^^^^^^^^^^^^^^^^^^^^^^^^
> 182 |     </section>
      | ^^^^
  183 |   );
  184 | }
  185 |

Parsing ecmascript source code failed

Import trace:
  Server Component:
    ./components/landing/LeaderboardSection.tsx
    ./app/page.tsx @ http://localhost:3000/_next/static/chunks/node_modules_next_dist_1e8vcs8._.js:1052
[ 7371171ms] [ERROR] ./components/landing/LeaderboardSection.tsx:181:14
Error: Expected '</', got 'jsx text'
  179 |           View Full Leaderboard →
  180 |         </p>
> 181 |       </Card>
      |              ^^^^^^^^^^^^^^^^^^^^^^^^^^^^^^^^^^^^^^^^^^^^^^^^^^^^^^^^^^^^^^^^^^^^^^^^^^^^^^^^^^^^
> 182 |     </section>
      | ^^^^
  183 |   );
  184 | }
  185 |

Parsing ecmascript source code failed

Import trace:
  Server Component:
    ./components/landing/LeaderboardSection.tsx
    ./app/page.tsx @ http://localhost:3000/_next/static/chunks/node_modules_next_dist_1e8vcs8._.js:1052
[ 7371233ms] [ERROR] ./components/landing/LeaderboardSection.tsx:181:14
Error: Expected '</', got 'jsx text'
  179 |           View Full Leaderboard →
  180 |         </p>
> 181 |       </Card>
      |              ^^^^^^^^^^^^^^^^^^^^^^^^^^^^^^^^^^^^^^^^^^^^^^^^^^^^^^^^^^^^^^^^^^^^^^^^^^^^^^^^^^^^
> 182 |     </section>
      | ^^^^
  183 |   );
  184 | }
  185 |

Parsing ecmascript source code failed

Import trace:
  Server Component:
    ./components/landing/LeaderboardSection.tsx
    ./app/page.tsx @ http://localhost:3000/_next/static/chunks/node_modules_next_dist_1e8vcs8._.js:1052
[ 7371305ms] [ERROR] ./components/landing/LeaderboardSection.tsx:181:14
Error: Expected '</', got 'jsx text'
  179 |           View Full Leaderboard →
  180 |         </p>
> 181 |       </Card>
      |              ^^^^^^^^^^^^^^^^^^^^^^^^^^^^^^^^^^^^^^^^^^^^^^^^^^^^^^^^^^^^^^^^^^^^^^^^^^^^^^^^^^^^
> 182 |     </section>
      | ^^^^
  183 |   );
  184 | }
  185 |

Parsing ecmascript source code failed

Import trace:
  Server Component:
    ./components/landing/LeaderboardSection.tsx
    ./app/page.tsx @ http://localhost:3000/_next/static/chunks/node_modules_next_dist_1e8vcs8._.js:1052
[ 7371369ms] [ERROR] ./components/landing/LeaderboardSection.tsx:181:14
Error: Expected '</', got 'jsx text'
  179 |           View Full Leaderboard →
  180 |         </p>
> 181 |       </Card>
      |              ^^^^^^^^^^^^^^^^^^^^^^^^^^^^^^^^^^^^^^^^^^^^^^^^^^^^^^^^^^^^^^^^^^^^^^^^^^^^^^^^^^^^
> 182 |     </section>
      | ^^^^
  183 |   );
  184 | }
  185 |

Parsing ecmascript source code failed

Import trace:
  Server Component:
    ./components/landing/LeaderboardSection.tsx
    ./app/page.tsx @ http://localhost:3000/_next/static/chunks/node_modules_next_dist_1e8vcs8._.js:1052
[ 7371420ms] [ERROR] ./components/landing/LeaderboardSection.tsx:181:14
Error: Expected '</', got 'jsx text'
  179 |           View Full Leaderboard →
  180 |         </p>
> 181 |       </Card>
      |              ^^^^^^^^^^^^^^^^^^^^^^^^^^^^^^^^^^^^^^^^^^^^^^^^^^^^^^^^^^^^^^^^^^^^^^^^^^^^^^^^^^^^
> 182 |     </section>
      | ^^^^
  183 |   );
  184 | }
  185 |

Parsing ecmascript source code failed

Import trace:
  Server Component:
    ./components/landing/LeaderboardSection.tsx
    ./app/page.tsx @ http://localhost:3000/_next/static/chunks/node_modules_next_dist_1e8vcs8._.js:1052
[ 7371475ms] [ERROR] ./components/landing/LeaderboardSection.tsx:181:14
Error: Expected '</', got 'jsx text'
  179 |           View Full Leaderboard →
  180 |         </p>
> 181 |       </Card>
      |              ^^^^^^^^^^^^^^^^^^^^^^^^^^^^^^^^^^^^^^^^^^^^^^^^^^^^^^^^^^^^^^^^^^^^^^^^^^^^^^^^^^^^
> 182 |     </section>
      | ^^^^
  183 |   );
  184 | }
  185 |

Parsing ecmascript source code failed

Import trace:
  Server Component:
    ./components/landing/LeaderboardSection.tsx
    ./app/page.tsx @ http://localhost:3000/_next/static/chunks/node_modules_next_dist_1e8vcs8._.js:1052
[ 7371541ms] [ERROR] ./components/landing/LeaderboardSection.tsx:181:14
Error: Expected '</', got 'jsx text'
  179 |           View Full Leaderboard →
  180 |         </p>
> 181 |       </Card>
      |              ^^^^^^^^^^^^^^^^^^^^^^^^^^^^^^^^^^^^^^^^^^^^^^^^^^^^^^^^^^^^^^^^^^^^^^^^^^^^^^^^^^^^
> 182 |     </section>
      | ^^^^
  183 |   );
  184 | }
  185 |

Parsing ecmascript source code failed

Import trace:
  Server Component:
    ./components/landing/LeaderboardSection.tsx
    ./app/page.tsx @ http://localhost:3000/_next/static/chunks/node_modules_next_dist_1e8vcs8._.js:1052
[ 7371601ms] [ERROR] ./components/landing/LeaderboardSection.tsx:181:14
Error: Expected '</', got 'jsx text'
  179 |           View Full Leaderboard →
  180 |         </p>
> 181 |       </Card>
      |              ^^^^^^^^^^^^^^^^^^^^^^^^^^^^^^^^^^^^^^^^^^^^^^^^^^^^^^^^^^^^^^^^^^^^^^^^^^^^^^^^^^^^
> 182 |     </section>
      | ^^^^
  183 |   );
  184 | }
  185 |

Parsing ecmascript source code failed

Import trace:
  Server Component:
    ./components/landing/LeaderboardSection.tsx
    ./app/page.tsx @ http://localhost:3000/_next/static/chunks/node_modules_next_dist_1e8vcs8._.js:1052
[ 7371666ms] [ERROR] ./components/landing/LeaderboardSection.tsx:181:14
Error: Expected '</', got 'jsx text'
  179 |           View Full Leaderboard →
  180 |         </p>
> 181 |       </Card>
      |              ^^^^^^^^^^^^^^^^^^^^^^^^^^^^^^^^^^^^^^^^^^^^^^^^^^^^^^^^^^^^^^^^^^^^^^^^^^^^^^^^^^^^
> 182 |     </section>
      | ^^^^
  183 |   );
  184 | }
  185 |

Parsing ecmascript source code failed

Import trace:
  Server Component:
    ./components/landing/LeaderboardSection.tsx
    ./app/page.tsx @ http://localhost:3000/_next/static/chunks/node_modules_next_dist_1e8vcs8._.js:1052
[ 7371722ms] [ERROR] ./components/landing/LeaderboardSection.tsx:181:14
Error: Expected '</', got 'jsx text'
  179 |           View Full Leaderboard →
  180 |         </p>
> 181 |       </Card>
      |              ^^^^^^^^^^^^^^^^^^^^^^^^^^^^^^^^^^^^^^^^^^^^^^^^^^^^^^^^^^^^^^^^^^^^^^^^^^^^^^^^^^^^
> 182 |     </section>
      | ^^^^
  183 |   );
  184 | }
  185 |

Parsing ecmascript source code failed

Import trace:
  Server Component:
    ./components/landing/LeaderboardSection.tsx
    ./app/page.tsx @ http://localhost:3000/_next/static/chunks/node_modules_next_dist_1e8vcs8._.js:1052
[ 7371782ms] [ERROR] ./components/landing/LeaderboardSection.tsx:181:14
Error: Expected '</', got 'jsx text'
  179 |           View Full Leaderboard →
  180 |         </p>
> 181 |       </Card>
      |              ^^^^^^^^^^^^^^^^^^^^^^^^^^^^^^^^^^^^^^^^^^^^^^^^^^^^^^^^^^^^^^^^^^^^^^^^^^^^^^^^^^^^
> 182 |     </section>
      | ^^^^
  183 |   );
  184 | }
  185 |

Parsing ecmascript source code failed

Import trace:
  Server Component:
    ./components/landing/LeaderboardSection.tsx
    ./app/page.tsx @ http://localhost:3000/_next/static/chunks/node_modules_next_dist_1e8vcs8._.js:1052
[ 7371850ms] [ERROR] ./components/landing/LeaderboardSection.tsx:181:14
Error: Expected '</', got 'jsx text'
  179 |           View Full Leaderboard →
  180 |         </p>
> 181 |       </Card>
      |              ^^^^^^^^^^^^^^^^^^^^^^^^^^^^^^^^^^^^^^^^^^^^^^^^^^^^^^^^^^^^^^^^^^^^^^^^^^^^^^^^^^^^
> 182 |     </section>
      | ^^^^
  183 |   );
  184 | }
  185 |

Parsing ecmascript source code failed

Import trace:
  Server Component:
    ./components/landing/LeaderboardSection.tsx
    ./app/page.tsx @ http://localhost:3000/_next/static/chunks/node_modules_next_dist_1e8vcs8._.js:1052
[ 7371902ms] [ERROR] ./components/landing/LeaderboardSection.tsx:181:14
Error: Expected '</', got 'jsx text'
  179 |           View Full Leaderboard →
  180 |         </p>
> 181 |       </Card>
      |              ^^^^^^^^^^^^^^^^^^^^^^^^^^^^^^^^^^^^^^^^^^^^^^^^^^^^^^^^^^^^^^^^^^^^^^^^^^^^^^^^^^^^
> 182 |     </section>
      | ^^^^
  183 |   );
  184 | }
  185 |

Parsing ecmascript source code failed

Import trace:
  Server Component:
    ./components/landing/LeaderboardSection.tsx
    ./app/page.tsx @ http://localhost:3000/_next/static/chunks/node_modules_next_dist_1e8vcs8._.js:1052
[ 7371976ms] [ERROR] ./components/landing/LeaderboardSection.tsx:181:14
Error: Expected '</', got 'jsx text'
  179 |           View Full Leaderboard →
  180 |         </p>
> 181 |       </Card>
      |              ^^^^^^^^^^^^^^^^^^^^^^^^^^^^^^^^^^^^^^^^^^^^^^^^^^^^^^^^^^^^^^^^^^^^^^^^^^^^^^^^^^^^
> 182 |     </section>
      | ^^^^
  183 |   );
  184 | }
  185 |

Parsing ecmascript source code failed

Import trace:
  Server Component:
    ./components/landing/LeaderboardSection.tsx
    ./app/page.tsx @ http://localhost:3000/_next/static/chunks/node_modules_next_dist_1e8vcs8._.js:1052
[ 7372051ms] [ERROR] ./components/landing/LeaderboardSection.tsx:181:14
Error: Expected '</', got 'jsx text'
  179 |           View Full Leaderboard →
  180 |         </p>
> 181 |       </Card>
      |              ^^^^^^^^^^^^^^^^^^^^^^^^^^^^^^^^^^^^^^^^^^^^^^^^^^^^^^^^^^^^^^^^^^^^^^^^^^^^^^^^^^^^
> 182 |     </section>
      | ^^^^
  183 |   );
  184 | }
  185 |

Parsing ecmascript source code failed

Import trace:
  Server Component:
    ./components/landing/LeaderboardSection.tsx
    ./app/page.tsx @ http://localhost:3000/_next/static/chunks/node_modules_next_dist_1e8vcs8._.js:1052
[ 7372118ms] [ERROR] ./components/landing/LeaderboardSection.tsx:181:14
Error: Expected '</', got 'jsx text'
  179 |           View Full Leaderboard →
  180 |         </p>
> 181 |       </Card>
      |              ^^^^^^^^^^^^^^^^^^^^^^^^^^^^^^^^^^^^^^^^^^^^^^^^^^^^^^^^^^^^^^^^^^^^^^^^^^^^^^^^^^^^
> 182 |     </section>
      | ^^^^
  183 |   );
  184 | }
  185 |

Parsing ecmascript source code failed

Import trace:
  Server Component:
    ./components/landing/LeaderboardSection.tsx
    ./app/page.tsx @ http://localhost:3000/_next/static/chunks/node_modules_next_dist_1e8vcs8._.js:1052
[ 7372175ms] [ERROR] ./components/landing/LeaderboardSection.tsx:181:14
Error: Expected '</', got 'jsx text'
  179 |           View Full Leaderboard →
  180 |         </p>
> 181 |       </Card>
      |              ^^^^^^^^^^^^^^^^^^^^^^^^^^^^^^^^^^^^^^^^^^^^^^^^^^^^^^^^^^^^^^^^^^^^^^^^^^^^^^^^^^^^
> 182 |     </section>
      | ^^^^
  183 |   );
  184 | }
  185 |

Parsing ecmascript source code failed

Import trace:
  Server Component:
    ./components/landing/LeaderboardSection.tsx
    ./app/page.tsx @ http://localhost:3000/_next/static/chunks/node_modules_next_dist_1e8vcs8._.js:1052
[ 7372239ms] [ERROR] ./components/landing/LeaderboardSection.tsx:181:14
Error: Expected '</', got 'jsx text'
  179 |           View Full Leaderboard →
  180 |         </p>
> 181 |       </Card>
      |              ^^^^^^^^^^^^^^^^^^^^^^^^^^^^^^^^^^^^^^^^^^^^^^^^^^^^^^^^^^^^^^^^^^^^^^^^^^^^^^^^^^^^
> 182 |     </section>
      | ^^^^
  183 |   );
  184 | }
  185 |

Parsing ecmascript source code failed

Import trace:
  Server Component:
    ./components/landing/LeaderboardSection.tsx
    ./app/page.tsx @ http://localhost:3000/_next/static/chunks/node_modules_next_dist_1e8vcs8._.js:1052
[ 7372300ms] [ERROR] ./components/landing/LeaderboardSection.tsx:181:14
Error: Expected '</', got 'jsx text'
  179 |           View Full Leaderboard →
  180 |         </p>
> 181 |       </Card>
      |              ^^^^^^^^^^^^^^^^^^^^^^^^^^^^^^^^^^^^^^^^^^^^^^^^^^^^^^^^^^^^^^^^^^^^^^^^^^^^^^^^^^^^
> 182 |     </section>
      | ^^^^
  183 |   );
  184 | }
  185 |

Parsing ecmascript source code failed

Import trace:
  Server Component:
    ./components/landing/LeaderboardSection.tsx
    ./app/page.tsx @ http://localhost:3000/_next/static/chunks/node_modules_next_dist_1e8vcs8._.js:1052
[ 7372359ms] [ERROR] ./components/landing/LeaderboardSection.tsx:181:14
Error: Expected '</', got 'jsx text'
  179 |           View Full Leaderboard →
  180 |         </p>
> 181 |       </Card>
      |              ^^^^^^^^^^^^^^^^^^^^^^^^^^^^^^^^^^^^^^^^^^^^^^^^^^^^^^^^^^^^^^^^^^^^^^^^^^^^^^^^^^^^
> 182 |     </section>
      | ^^^^
  183 |   );
  184 | }
  185 |

Parsing ecmascript source code failed

Import trace:
  Server Component:
    ./components/landing/LeaderboardSection.tsx
    ./app/page.tsx @ http://localhost:3000/_next/static/chunks/node_modules_next_dist_1e8vcs8._.js:1052
[ 7372409ms] [ERROR] ./components/landing/LeaderboardSection.tsx:181:14
Error: Expected '</', got 'jsx text'
  179 |           View Full Leaderboard →
  180 |         </p>
> 181 |       </Card>
      |              ^^^^^^^^^^^^^^^^^^^^^^^^^^^^^^^^^^^^^^^^^^^^^^^^^^^^^^^^^^^^^^^^^^^^^^^^^^^^^^^^^^^^
> 182 |     </section>
      | ^^^^
  183 |   );
  184 | }
  185 |

Parsing ecmascript source code failed

Import trace:
  Server Component:
    ./components/landing/LeaderboardSection.tsx
    ./app/page.tsx @ http://localhost:3000/_next/static/chunks/node_modules_next_dist_1e8vcs8._.js:1052
[ 7372475ms] [ERROR] ./components/landing/LeaderboardSection.tsx:181:14
Error: Expected '</', got 'jsx text'
  179 |           View Full Leaderboard →
  180 |         </p>
> 181 |       </Card>
      |              ^^^^^^^^^^^^^^^^^^^^^^^^^^^^^^^^^^^^^^^^^^^^^^^^^^^^^^^^^^^^^^^^^^^^^^^^^^^^^^^^^^^^
> 182 |     </section>
      | ^^^^
  183 |   );
  184 | }
  185 |

Parsing ecmascript source code failed

Import trace:
  Server Component:
    ./components/landing/LeaderboardSection.tsx
    ./app/page.tsx @ http://localhost:3000/_next/static/chunks/node_modules_next_dist_1e8vcs8._.js:1052
[ 7372539ms] [ERROR] ./components/landing/LeaderboardSection.tsx:181:14
Error: Expected '</', got 'jsx text'
  179 |           View Full Leaderboard →
  180 |         </p>
> 181 |       </Card>
      |              ^^^^^^^^^^^^^^^^^^^^^^^^^^^^^^^^^^^^^^^^^^^^^^^^^^^^^^^^^^^^^^^^^^^^^^^^^^^^^^^^^^^^
> 182 |     </section>
      | ^^^^
  183 |   );
  184 | }
  185 |

Parsing ecmascript source code failed

Import trace:
  Server Component:
    ./components/landing/LeaderboardSection.tsx
    ./app/page.tsx @ http://localhost:3000/_next/static/chunks/node_modules_next_dist_1e8vcs8._.js:1052
[ 7372609ms] [ERROR] ./components/landing/LeaderboardSection.tsx:181:14
Error: Expected '</', got 'jsx text'
  179 |           View Full Leaderboard →
  180 |         </p>
> 181 |       </Card>
      |              ^^^^^^^^^^^^^^^^^^^^^^^^^^^^^^^^^^^^^^^^^^^^^^^^^^^^^^^^^^^^^^^^^^^^^^^^^^^^^^^^^^^^
> 182 |     </section>
      | ^^^^
  183 |   );
  184 | }
  185 |

Parsing ecmascript source code failed

Import trace:
  Server Component:
    ./components/landing/LeaderboardSection.tsx
    ./app/page.tsx @ http://localhost:3000/_next/static/chunks/node_modules_next_dist_1e8vcs8._.js:1052
[ 7372676ms] [ERROR] ./components/landing/LeaderboardSection.tsx:181:14
Error: Expected '</', got 'jsx text'
  179 |           View Full Leaderboard →
  180 |         </p>
> 181 |       </Card>
      |              ^^^^^^^^^^^^^^^^^^^^^^^^^^^^^^^^^^^^^^^^^^^^^^^^^^^^^^^^^^^^^^^^^^^^^^^^^^^^^^^^^^^^
> 182 |     </section>
      | ^^^^
  183 |   );
  184 | }
  185 |

Parsing ecmascript source code failed

Import trace:
  Server Component:
    ./components/landing/LeaderboardSection.tsx
    ./app/page.tsx @ http://localhost:3000/_next/static/chunks/node_modules_next_dist_1e8vcs8._.js:1052
[ 7372739ms] [ERROR] ./components/landing/LeaderboardSection.tsx:181:14
Error: Expected '</', got 'jsx text'
  179 |           View Full Leaderboard →
  180 |         </p>
> 181 |       </Card>
      |              ^^^^^^^^^^^^^^^^^^^^^^^^^^^^^^^^^^^^^^^^^^^^^^^^^^^^^^^^^^^^^^^^^^^^^^^^^^^^^^^^^^^^
> 182 |     </section>
      | ^^^^
  183 |   );
  184 | }
  185 |

Parsing ecmascript source code failed

Import trace:
  Server Component:
    ./components/landing/LeaderboardSection.tsx
    ./app/page.tsx @ http://localhost:3000/_next/static/chunks/node_modules_next_dist_1e8vcs8._.js:1052
[ 7372805ms] [ERROR] ./components/landing/LeaderboardSection.tsx:181:14
Error: Expected '</', got 'jsx text'
  179 |           View Full Leaderboard →
  180 |         </p>
> 181 |       </Card>
      |              ^^^^^^^^^^^^^^^^^^^^^^^^^^^^^^^^^^^^^^^^^^^^^^^^^^^^^^^^^^^^^^^^^^^^^^^^^^^^^^^^^^^^
> 182 |     </section>
      | ^^^^
  183 |   );
  184 | }
  185 |

Parsing ecmascript source code failed

Import trace:
  Server Component:
    ./components/landing/LeaderboardSection.tsx
    ./app/page.tsx @ http://localhost:3000/_next/static/chunks/node_modules_next_dist_1e8vcs8._.js:1052
[ 7373092ms] [ERROR] ./components/landing/LeaderboardSection.tsx:181:14
Error: Expected '</', got 'jsx text'
  179 |           View Full Leaderboard →
  180 |         </p>
> 181 |       </Card>
      |              ^^^^^^^^^^^^^^^^^^^^^^^^^^^^^^^^^^^^^^^^^^^^^^^^^^^^^^^^^^^^^^^^^^^^^^^^^^^^^^^^^^^^
> 182 |     </section>
      | ^^^^
  183 |   );
  184 | }
  185 |

Parsing ecmascript source code failed

Import trace:
  Server Component:
    ./components/landing/LeaderboardSection.tsx
    ./app/page.tsx @ http://localhost:3000/_next/static/chunks/node_modules_next_dist_1e8vcs8._.js:1052
[ 7373157ms] [ERROR] ./components/landing/LeaderboardSection.tsx:181:14
Error: Expected '</', got 'jsx text'
  179 |           View Full Leaderboard →
  180 |         </p>
> 181 |       </Card>
      |              ^^^^^^^^^^^^^^^^^^^^^^^^^^^^^^^^^^^^^^^^^^^^^^^^^^^^^^^^^^^^^^^^^^^^^^^^^^^^^^^^^^^^
> 182 |     </section>
      | ^^^^
  183 |   );
  184 | }
  185 |

Parsing ecmascript source code failed

Import trace:
  Server Component:
    ./components/landing/LeaderboardSection.tsx
    ./app/page.tsx @ http://localhost:3000/_next/static/chunks/node_modules_next_dist_1e8vcs8._.js:1052
[ 7373223ms] [ERROR] ./components/landing/LeaderboardSection.tsx:181:14
Error: Expected '</', got 'jsx text'
  179 |           View Full Leaderboard →
  180 |         </p>
> 181 |       </Card>
      |              ^^^^^^^^^^^^^^^^^^^^^^^^^^^^^^^^^^^^^^^^^^^^^^^^^^^^^^^^^^^^^^^^^^^^^^^^^^^^^^^^^^^^
> 182 |     </section>
      | ^^^^
  183 |   );
  184 | }
  185 |

Parsing ecmascript source code failed

Import trace:
  Server Component:
    ./components/landing/LeaderboardSection.tsx
    ./app/page.tsx @ http://localhost:3000/_next/static/chunks/node_modules_next_dist_1e8vcs8._.js:1052
[ 7373316ms] [ERROR] ./components/landing/LeaderboardSection.tsx:181:14
Error: Expected '</', got 'jsx text'
  179 |           View Full Leaderboard →
  180 |         </p>
> 181 |       </Card>
      |              ^^^^^^^^^^^^^^^^^^^^^^^^^^^^^^^^^^^^^^^^^^^^^^^^^^^^^^^^^^^^^^^^^^^^^^^^^^^^^^^^^^^^
> 182 |     </section>
      | ^^^^
  183 |   );
  184 | }
  185 |

Parsing ecmascript source code failed

Import trace:
  Server Component:
    ./components/landing/LeaderboardSection.tsx
    ./app/page.tsx @ http://localhost:3000/_next/static/chunks/node_modules_next_dist_1e8vcs8._.js:1052
[ 7373527ms] [LOG] [Fast Refresh] rebuilding @ http://localhost:3000/_next/static/chunks/node_modules_next_dist_1e8vcs8._.js:776
[ 7373850ms] [LOG] [Fast Refresh] done in 389ms @ http://localhost:3000/_next/static/chunks/node_modules_next_dist_1e8vcs8._.js:776
[ 7373918ms] [LOG] [Fast Refresh] done in 389ms @ http://localhost:3000/_next/static/chunks/node_modules_next_dist_1e8vcs8._.js:776
[ 7374115ms] [LOG] [Fast Refresh] done in 389ms @ http://localhost:3000/_next/static/chunks/node_modules_next_dist_1e8vcs8._.js:776
[ 7374118ms] [LOG] [Fast Refresh] done in 389ms @ http://localhost:3000/_next/static/chunks/node_modules_next_dist_1e8vcs8._.js:776
[ 7488858ms] [INFO] %cDownload the React DevTools for a better development experience: https://react.dev/link/react-devtools font-weight:bold @ http://localhost:3000/_next/static/chunks/node_modules_next_dist_1e8vcs8._.js:776
[ 7488910ms] [LOG] [HMR] connected @ http://localhost:3000/_next/static/chunks/node_modules_next_dist_1e8vcs8._.js:776
[ 7681596ms] [LOG] [Fast Refresh] rebuilding @ http://localhost:3000/_next/static/chunks/node_modules_next_dist_1e8vcs8._.js:776
[ 7682199ms] [LOG] [Fast Refresh] done in 672ms @ http://localhost:3000/_next/static/chunks/node_modules_next_dist_1e8vcs8._.js:776
[ 7682387ms] [LOG] [Fast Refresh] done in 672ms @ http://localhost:3000/_next/static/chunks/node_modules_next_dist_1e8vcs8._.js:776
[ 7682508ms] [LOG] [Fast Refresh] done in 672ms @ http://localhost:3000/_next/static/chunks/node_modules_next_dist_1e8vcs8._.js:776
[ 7682586ms] [LOG] [Fast Refresh] done in 672ms @ http://localhost:3000/_next/static/chunks/node_modules_next_dist_1e8vcs8._.js:776
[ 7682651ms] [LOG] [Fast Refresh] done in 672ms @ http://localhost:3000/_next/static/chunks/node_modules_next_dist_1e8vcs8._.js:776
[ 7682716ms] [LOG] [Fast Refresh] done in 672ms @ http://localhost:3000/_next/static/chunks/node_modules_next_dist_1e8vcs8._.js:776
[ 7682796ms] [LOG] [Fast Refresh] done in 672ms @ http://localhost:3000/_next/static/chunks/node_modules_next_dist_1e8vcs8._.js:776
[ 7682865ms] [LOG] [Fast Refresh] done in 672ms @ http://localhost:3000/_next/static/chunks/node_modules_next_dist_1e8vcs8._.js:776
[ 7682932ms] [LOG] [Fast Refresh] done in 672ms @ http://localhost:3000/_next/static/chunks/node_modules_next_dist_1e8vcs8._.js:776
[ 7683016ms] [LOG] [Fast Refresh] done in 672ms @ http://localhost:3000/_next/static/chunks/node_modules_next_dist_1e8vcs8._.js:776
[ 7683167ms] [LOG] [Fast Refresh] done in 672ms @ http://localhost:3000/_next/static/chunks/node_modules_next_dist_1e8vcs8._.js:776
[ 7683252ms] [LOG] [Fast Refresh] done in 672ms @ http://localhost:3000/_next/static/chunks/node_modules_next_dist_1e8vcs8._.js:776
[ 7683334ms] [LOG] [Fast Refresh] done in 672ms @ http://localhost:3000/_next/static/chunks/node_modules_next_dist_1e8vcs8._.js:776
[ 7683398ms] [LOG] [Fast Refresh] done in 672ms @ http://localhost:3000/_next/static/chunks/node_modules_next_dist_1e8vcs8._.js:776
[ 7683469ms] [LOG] [Fast Refresh] done in 672ms @ http://localhost:3000/_next/static/chunks/node_modules_next_dist_1e8vcs8._.js:776
[ 7683546ms] [LOG] [Fast Refresh] done in 672ms @ http://localhost:3000/_next/static/chunks/node_modules_next_dist_1e8vcs8._.js:776
[ 7683612ms] [LOG] [Fast Refresh] done in 672ms @ http://localhost:3000/_next/static/chunks/node_modules_next_dist_1e8vcs8._.js:776
[ 7683683ms] [LOG] [Fast Refresh] done in 672ms @ http://localhost:3000/_next/static/chunks/node_modules_next_dist_1e8vcs8._.js:776
[ 7683747ms] [LOG] [Fast Refresh] done in 672ms @ http://localhost:3000/_next/static/chunks/node_modules_next_dist_1e8vcs8._.js:776
[ 7683812ms] [LOG] [Fast Refresh] done in 672ms @ http://localhost:3000/_next/static/chunks/node_modules_next_dist_1e8vcs8._.js:776
[ 7683885ms] [LOG] [Fast Refresh] done in 672ms @ http://localhost:3000/_next/static/chunks/node_modules_next_dist_1e8vcs8._.js:776
[ 7683951ms] [LOG] [Fast Refresh] done in 672ms @ http://localhost:3000/_next/static/chunks/node_modules_next_dist_1e8vcs8._.js:776
[ 7684014ms] [LOG] [Fast Refresh] done in 672ms @ http://localhost:3000/_next/static/chunks/node_modules_next_dist_1e8vcs8._.js:776
[ 7684078ms] [LOG] [Fast Refresh] done in 672ms @ http://localhost:3000/_next/static/chunks/node_modules_next_dist_1e8vcs8._.js:776
[ 7684144ms] [LOG] [Fast Refresh] done in 672ms @ http://localhost:3000/_next/static/chunks/node_modules_next_dist_1e8vcs8._.js:776
[ 7684214ms] [LOG] [Fast Refresh] done in 672ms @ http://localhost:3000/_next/static/chunks/node_modules_next_dist_1e8vcs8._.js:776
[ 7684282ms] [LOG] [Fast Refresh] done in 672ms @ http://localhost:3000/_next/static/chunks/node_modules_next_dist_1e8vcs8._.js:776
[ 7684347ms] [LOG] [Fast Refresh] done in 672ms @ http://localhost:3000/_next/static/chunks/node_modules_next_dist_1e8vcs8._.js:776
[ 7684412ms] [LOG] [Fast Refresh] done in 672ms @ http://localhost:3000/_next/static/chunks/node_modules_next_dist_1e8vcs8._.js:776
[ 7684483ms] [LOG] [Fast Refresh] done in 672ms @ http://localhost:3000/_next/static/chunks/node_modules_next_dist_1e8vcs8._.js:776
[ 7684552ms] [LOG] [Fast Refresh] done in 672ms @ http://localhost:3000/_next/static/chunks/node_modules_next_dist_1e8vcs8._.js:776
[ 7684617ms] [LOG] [Fast Refresh] done in 672ms @ http://localhost:3000/_next/static/chunks/node_modules_next_dist_1e8vcs8._.js:776
[ 7684696ms] [LOG] [Fast Refresh] done in 672ms @ http://localhost:3000/_next/static/chunks/node_modules_next_dist_1e8vcs8._.js:776
[ 7684763ms] [LOG] [Fast Refresh] done in 672ms @ http://localhost:3000/_next/static/chunks/node_modules_next_dist_1e8vcs8._.js:776
[ 7684829ms] [LOG] [Fast Refresh] done in 672ms @ http://localhost:3000/_next/static/chunks/node_modules_next_dist_1e8vcs8._.js:776
[ 7684883ms] [LOG] [Fast Refresh] done in 672ms @ http://localhost:3000/_next/static/chunks/node_modules_next_dist_1e8vcs8._.js:776
[ 7684947ms] [LOG] [Fast Refresh] done in 672ms @ http://localhost:3000/_next/static/chunks/node_modules_next_dist_1e8vcs8._.js:776
[ 7685011ms] [LOG] [Fast Refresh] done in 672ms @ http://localhost:3000/_next/static/chunks/node_modules_next_dist_1e8vcs8._.js:776
[ 7685078ms] [LOG] [Fast Refresh] done in 672ms @ http://localhost:3000/_next/static/chunks/node_modules_next_dist_1e8vcs8._.js:776
[ 7685142ms] [LOG] [Fast Refresh] done in 672ms @ http://localhost:3000/_next/static/chunks/node_modules_next_dist_1e8vcs8._.js:776
[ 7685199ms] [LOG] [Fast Refresh] done in 672ms @ http://localhost:3000/_next/static/chunks/node_modules_next_dist_1e8vcs8._.js:776
[ 7685263ms] [LOG] [Fast Refresh] done in 672ms @ http://localhost:3000/_next/static/chunks/node_modules_next_dist_1e8vcs8._.js:776
[ 7685332ms] [LOG] [Fast Refresh] done in 672ms @ http://localhost:3000/_next/static/chunks/node_modules_next_dist_1e8vcs8._.js:776
[ 7685393ms] [LOG] [Fast Refresh] done in 672ms @ http://localhost:3000/_next/static/chunks/node_modules_next_dist_1e8vcs8._.js:776
[ 7685460ms] [LOG] [Fast Refresh] done in 672ms @ http://localhost:3000/_next/static/chunks/node_modules_next_dist_1e8vcs8._.js:776
[ 7685516ms] [LOG] [Fast Refresh] done in 672ms @ http://localhost:3000/_next/static/chunks/node_modules_next_dist_1e8vcs8._.js:776
[ 7685581ms] [LOG] [Fast Refresh] done in 672ms @ http://localhost:3000/_next/static/chunks/node_modules_next_dist_1e8vcs8._.js:776
[ 7685648ms] [LOG] [Fast Refresh] done in 672ms @ http://localhost:3000/_next/static/chunks/node_modules_next_dist_1e8vcs8._.js:776
[ 7685713ms] [LOG] [Fast Refresh] done in 672ms @ http://localhost:3000/_next/static/chunks/node_modules_next_dist_1e8vcs8._.js:776
[ 7685778ms] [LOG] [Fast Refresh] done in 672ms @ http://localhost:3000/_next/static/chunks/node_modules_next_dist_1e8vcs8._.js:776
[ 7685834ms] [LOG] [Fast Refresh] done in 672ms @ http://localhost:3000/_next/static/chunks/node_modules_next_dist_1e8vcs8._.js:776
[ 7685898ms] [LOG] [Fast Refresh] done in 672ms @ http://localhost:3000/_next/static/chunks/node_modules_next_dist_1e8vcs8._.js:776
[ 7685962ms] [LOG] [Fast Refresh] done in 672ms @ http://localhost:3000/_next/static/chunks/node_modules_next_dist_1e8vcs8._.js:776
[ 7686029ms] [LOG] [Fast Refresh] done in 672ms @ http://localhost:3000/_next/static/chunks/node_modules_next_dist_1e8vcs8._.js:776
[ 7686094ms] [LOG] [Fast Refresh] done in 672ms @ http://localhost:3000/_next/static/chunks/node_modules_next_dist_1e8vcs8._.js:776
[ 7686151ms] [LOG] [Fast Refresh] done in 672ms @ http://localhost:3000/_next/static/chunks/node_modules_next_dist_1e8vcs8._.js:776
[ 7686214ms] [LOG] [Fast Refresh] done in 672ms @ http://localhost:3000/_next/static/chunks/node_modules_next_dist_1e8vcs8._.js:776
[ 7686280ms] [LOG] [Fast Refresh] done in 672ms @ http://localhost:3000/_next/static/chunks/node_modules_next_dist_1e8vcs8._.js:776
[ 7686342ms] [LOG] [Fast Refresh] done in 672ms @ http://localhost:3000/_next/static/chunks/node_modules_next_dist_1e8vcs8._.js:776
[ 7686410ms] [LOG] [Fast Refresh] done in 672ms @ http://localhost:3000/_next/static/chunks/node_modules_next_dist_1e8vcs8._.js:776
[ 7686479ms] [LOG] [Fast Refresh] done in 672ms @ http://localhost:3000/_next/static/chunks/node_modules_next_dist_1e8vcs8._.js:776
[ 7686532ms] [LOG] [Fast Refresh] done in 672ms @ http://localhost:3000/_next/static/chunks/node_modules_next_dist_1e8vcs8._.js:776
[ 7686596ms] [LOG] [Fast Refresh] done in 672ms @ http://localhost:3000/_next/static/chunks/node_modules_next_dist_1e8vcs8._.js:776
[ 7686663ms] [LOG] [Fast Refresh] done in 672ms @ http://localhost:3000/_next/static/chunks/node_modules_next_dist_1e8vcs8._.js:776
[ 7686727ms] [LOG] [Fast Refresh] done in 672ms @ http://localhost:3000/_next/static/chunks/node_modules_next_dist_1e8vcs8._.js:776
[ 7686794ms] [LOG] [Fast Refresh] done in 672ms @ http://localhost:3000/_next/static/chunks/node_modules_next_dist_1e8vcs8._.js:776
[ 7686851ms] [LOG] [Fast Refresh] done in 672ms @ http://localhost:3000/_next/static/chunks/node_modules_next_dist_1e8vcs8._.js:776
[ 7686915ms] [LOG] [Fast Refresh] done in 672ms @ http://localhost:3000/_next/static/chunks/node_modules_next_dist_1e8vcs8._.js:776
[ 7686978ms] [LOG] [Fast Refresh] done in 672ms @ http://localhost:3000/_next/static/chunks/node_modules_next_dist_1e8vcs8._.js:776
[ 7687043ms] [LOG] [Fast Refresh] done in 672ms @ http://localhost:3000/_next/static/chunks/node_modules_next_dist_1e8vcs8._.js:776
[ 7687111ms] [LOG] [Fast Refresh] done in 672ms @ http://localhost:3000/_next/static/chunks/node_modules_next_dist_1e8vcs8._.js:776
[ 7687168ms] [LOG] [Fast Refresh] done in 672ms @ http://localhost:3000/_next/static/chunks/node_modules_next_dist_1e8vcs8._.js:776
[ 7687233ms] [LOG] [Fast Refresh] done in 672ms @ http://localhost:3000/_next/static/chunks/node_modules_next_dist_1e8vcs8._.js:776
[ 7687296ms] [LOG] [Fast Refresh] done in 672ms @ http://localhost:3000/_next/static/chunks/node_modules_next_dist_1e8vcs8._.js:776
[ 7687360ms] [LOG] [Fast Refresh] done in 672ms @ http://localhost:3000/_next/static/chunks/node_modules_next_dist_1e8vcs8._.js:776
[ 7687433ms] [LOG] [Fast Refresh] done in 672ms @ http://localhost:3000/_next/static/chunks/node_modules_next_dist_1e8vcs8._.js:776
[ 7687515ms] [LOG] [Fast Refresh] done in 672ms @ http://localhost:3000/_next/static/chunks/node_modules_next_dist_1e8vcs8._.js:776
[ 7687584ms] [LOG] [Fast Refresh] done in 672ms @ http://localhost:3000/_next/static/chunks/node_modules_next_dist_1e8vcs8._.js:776
[ 7687647ms] [LOG] [Fast Refresh] done in 672ms @ http://localhost:3000/_next/static/chunks/node_modules_next_dist_1e8vcs8._.js:776
[ 7687714ms] [LOG] [Fast Refresh] done in 672ms @ http://localhost:3000/_next/static/chunks/node_modules_next_dist_1e8vcs8._.js:776
[ 7687780ms] [LOG] [Fast Refresh] done in 672ms @ http://localhost:3000/_next/static/chunks/node_modules_next_dist_1e8vcs8._.js:776
[ 7687846ms] [LOG] [Fast Refresh] done in 672ms @ http://localhost:3000/_next/static/chunks/node_modules_next_dist_1e8vcs8._.js:776
[ 7687900ms] [LOG] [Fast Refresh] done in 672ms @ http://localhost:3000/_next/static/chunks/node_modules_next_dist_1e8vcs8._.js:776
[ 7687964ms] [LOG] [Fast Refresh] done in 672ms @ http://localhost:3000/_next/static/chunks/node_modules_next_dist_1e8vcs8._.js:776
[ 7688030ms] [LOG] [Fast Refresh] done in 672ms @ http://localhost:3000/_next/static/chunks/node_modules_next_dist_1e8vcs8._.js:776
[ 7688098ms] [LOG] [Fast Refresh] done in 672ms @ http://localhost:3000/_next/static/chunks/node_modules_next_dist_1e8vcs8._.js:776
[ 7688164ms] [LOG] [Fast Refresh] done in 672ms @ http://localhost:3000/_next/static/chunks/node_modules_next_dist_1e8vcs8._.js:776
[ 7688231ms] [LOG] [Fast Refresh] done in 672ms @ http://localhost:3000/_next/static/chunks/node_modules_next_dist_1e8vcs8._.js:776
[ 7688298ms] [LOG] [Fast Refresh] done in 672ms @ http://localhost:3000/_next/static/chunks/node_modules_next_dist_1e8vcs8._.js:776
[ 7688364ms] [LOG] [Fast Refresh] done in 672ms @ http://localhost:3000/_next/static/chunks/node_modules_next_dist_1e8vcs8._.js:776
[ 7688431ms] [LOG] [Fast Refresh] done in 672ms @ http://localhost:3000/_next/static/chunks/node_modules_next_dist_1e8vcs8._.js:776
[ 7688497ms] [LOG] [Fast Refresh] done in 672ms @ http://localhost:3000/_next/static/chunks/node_modules_next_dist_1e8vcs8._.js:776
[ 7688553ms] [LOG] [Fast Refresh] done in 672ms @ http://localhost:3000/_next/static/chunks/node_modules_next_dist_1e8vcs8._.js:776
[ 7688615ms] [LOG] [Fast Refresh] done in 672ms @ http://localhost:3000/_next/static/chunks/node_modules_next_dist_1e8vcs8._.js:776
[ 7688681ms] [LOG] [Fast Refresh] done in 672ms @ http://localhost:3000/_next/static/chunks/node_modules_next_dist_1e8vcs8._.js:776
[ 7688748ms] [LOG] [Fast Refresh] done in 672ms @ http://localhost:3000/_next/static/chunks/node_modules_next_dist_1e8vcs8._.js:776
[ 7688814ms] [LOG] [Fast Refresh] done in 672ms @ http://localhost:3000/_next/static/chunks/node_modules_next_dist_1e8vcs8._.js:776
[ 7688886ms] [LOG] [Fast Refresh] done in 672ms @ http://localhost:3000/_next/static/chunks/node_modules_next_dist_1e8vcs8._.js:776
[ 7688948ms] [LOG] [Fast Refresh] done in 672ms @ http://localhost:3000/_next/static/chunks/node_modules_next_dist_1e8vcs8._.js:776
[ 7689011ms] [LOG] [Fast Refresh] done in 672ms @ http://localhost:3000/_next/static/chunks/node_modules_next_dist_1e8vcs8._.js:776
[ 7689077ms] [LOG] [Fast Refresh] done in 672ms @ http://localhost:3000/_next/static/chunks/node_modules_next_dist_1e8vcs8._.js:776
[ 7689143ms] [LOG] [Fast Refresh] done in 672ms @ http://localhost:3000/_next/static/chunks/node_modules_next_dist_1e8vcs8._.js:776
[ 7689202ms] [LOG] [Fast Refresh] done in 672ms @ http://localhost:3000/_next/static/chunks/node_modules_next_dist_1e8vcs8._.js:776
[ 7689266ms] [LOG] [Fast Refresh] done in 672ms @ http://localhost:3000/_next/static/chunks/node_modules_next_dist_1e8vcs8._.js:776
[ 7689329ms] [LOG] [Fast Refresh] done in 672ms @ http://localhost:3000/_next/static/chunks/node_modules_next_dist_1e8vcs8._.js:776
[ 7689394ms] [LOG] [Fast Refresh] done in 672ms @ http://localhost:3000/_next/static/chunks/node_modules_next_dist_1e8vcs8._.js:776
[ 7689460ms] [LOG] [Fast Refresh] done in 672ms @ http://localhost:3000/_next/static/chunks/node_modules_next_dist_1e8vcs8._.js:776
[ 7689527ms] [LOG] [Fast Refresh] done in 672ms @ http://localhost:3000/_next/static/chunks/node_modules_next_dist_1e8vcs8._.js:776
[ 7689583ms] [LOG] [Fast Refresh] done in 672ms @ http://localhost:3000/_next/static/chunks/node_modules_next_dist_1e8vcs8._.js:776
[ 7689647ms] [LOG] [Fast Refresh] done in 672ms @ http://localhost:3000/_next/static/chunks/node_modules_next_dist_1e8vcs8._.js:776
[ 7689710ms] [LOG] [Fast Refresh] done in 672ms @ http://localhost:3000/_next/static/chunks/node_modules_next_dist_1e8vcs8._.js:776
[ 7689781ms] [LOG] [Fast Refresh] done in 672ms @ http://localhost:3000/_next/static/chunks/node_modules_next_dist_1e8vcs8._.js:776
[ 7689845ms] [LOG] [Fast Refresh] done in 672ms @ http://localhost:3000/_next/static/chunks/node_modules_next_dist_1e8vcs8._.js:776
[ 7689902ms] [LOG] [Fast Refresh] done in 672ms @ http://localhost:3000/_next/static/chunks/node_modules_next_dist_1e8vcs8._.js:776
[ 7689965ms] [LOG] [Fast Refresh] done in 672ms @ http://localhost:3000/_next/static/chunks/node_modules_next_dist_1e8vcs8._.js:776
[ 7690028ms] [LOG] [Fast Refresh] done in 672ms @ http://localhost:3000/_next/static/chunks/node_modules_next_dist_1e8vcs8._.js:776
[ 7690093ms] [LOG] [Fast Refresh] done in 672ms @ http://localhost:3000/_next/static/chunks/node_modules_next_dist_1e8vcs8._.js:776
[ 7690160ms] [LOG] [Fast Refresh] done in 672ms @ http://localhost:3000/_next/static/chunks/node_modules_next_dist_1e8vcs8._.js:776
[ 7690218ms] [LOG] [Fast Refresh] done in 672ms @ http://localhost:3000/_next/static/chunks/node_modules_next_dist_1e8vcs8._.js:776
[ 7690281ms] [LOG] [Fast Refresh] done in 672ms @ http://localhost:3000/_next/static/chunks/node_modules_next_dist_1e8vcs8._.js:776
[ 7690347ms] [LOG] [Fast Refresh] done in 672ms @ http://localhost:3000/_next/static/chunks/node_modules_next_dist_1e8vcs8._.js:776
[ 7690413ms] [LOG] [Fast Refresh] done in 672ms @ http://localhost:3000/_next/static/chunks/node_modules_next_dist_1e8vcs8._.js:776
[ 7690481ms] [LOG] [Fast Refresh] done in 672ms @ http://localhost:3000/_next/static/chunks/node_modules_next_dist_1e8vcs8._.js:776
[ 7690550ms] [LOG] [Fast Refresh] done in 672ms @ http://localhost:3000/_next/static/chunks/node_modules_next_dist_1e8vcs8._.js:776
[ 7690614ms] [LOG] [Fast Refresh] done in 672ms @ http://localhost:3000/_next/static/chunks/node_modules_next_dist_1e8vcs8._.js:776
[ 7690677ms] [LOG] [Fast Refresh] done in 672ms @ http://localhost:3000/_next/static/chunks/node_modules_next_dist_1e8vcs8._.js:776
[ 7690744ms] [LOG] [Fast Refresh] done in 672ms @ http://localhost:3000/_next/static/chunks/node_modules_next_dist_1e8vcs8._.js:776
[ 7690810ms] [LOG] [Fast Refresh] done in 672ms @ http://localhost:3000/_next/static/chunks/node_modules_next_dist_1e8vcs8._.js:776
[ 7690868ms] [LOG] [Fast Refresh] done in 672ms @ http://localhost:3000/_next/static/chunks/node_modules_next_dist_1e8vcs8._.js:776
[ 7690931ms] [LOG] [Fast Refresh] done in 672ms @ http://localhost:3000/_next/static/chunks/node_modules_next_dist_1e8vcs8._.js:776
[ 7690994ms] [LOG] [Fast Refresh] done in 672ms @ http://localhost:3000/_next/static/chunks/node_modules_next_dist_1e8vcs8._.js:776
[ 7691049ms] [LOG] [Fast Refresh] done in 672ms @ http://localhost:3000/_next/static/chunks/node_modules_next_dist_1e8vcs8._.js:776
[ 7691101ms] [LOG] [Fast Refresh] done in 672ms @ http://localhost:3000/_next/static/chunks/node_modules_next_dist_1e8vcs8._.js:776
[ 7691165ms] [LOG] [Fast Refresh] done in 672ms @ http://localhost:3000/_next/static/chunks/node_modules_next_dist_1e8vcs8._.js:776
[ 7691228ms] [LOG] [Fast Refresh] done in 672ms @ http://localhost:3000/_next/static/chunks/node_modules_next_dist_1e8vcs8._.js:776
[ 7691293ms] [LOG] [Fast Refresh] done in 672ms @ http://localhost:3000/_next/static/chunks/node_modules_next_dist_1e8vcs8._.js:776
[ 7691362ms] [LOG] [Fast Refresh] done in 672ms @ http://localhost:3000/_next/static/chunks/node_modules_next_dist_1e8vcs8._.js:776
[ 7691416ms] [LOG] [Fast Refresh] done in 672ms @ http://localhost:3000/_next/static/chunks/node_modules_next_dist_1e8vcs8._.js:776
[ 7691497ms] [LOG] [Fast Refresh] done in 672ms @ http://localhost:3000/_next/static/chunks/node_modules_next_dist_1e8vcs8._.js:776
[ 7691594ms] [LOG] [Fast Refresh] done in 672ms @ http://localhost:3000/_next/static/chunks/node_modules_next_dist_1e8vcs8._.js:776
[ 7691662ms] [LOG] [Fast Refresh] done in 672ms @ http://localhost:3000/_next/static/chunks/node_modules_next_dist_1e8vcs8._.js:776
[ 7691720ms] [LOG] [Fast Refresh] done in 672ms @ http://localhost:3000/_next/static/chunks/node_modules_next_dist_1e8vcs8._.js:776
[ 7691785ms] [LOG] [Fast Refresh] done in 672ms @ http://localhost:3000/_next/static/chunks/node_modules_next_dist_1e8vcs8._.js:776
[ 7691832ms] [LOG] [Fast Refresh] done in 672ms @ http://localhost:3000/_next/static/chunks/node_modules_next_dist_1e8vcs8._.js:776
[ 7691897ms] [LOG] [Fast Refresh] done in 672ms @ http://localhost:3000/_next/static/chunks/node_modules_next_dist_1e8vcs8._.js:776
[ 7691959ms] [LOG] [Fast Refresh] done in 672ms @ http://localhost:3000/_next/static/chunks/node_modules_next_dist_1e8vcs8._.js:776
[ 7692026ms] [LOG] [Fast Refresh] done in 672ms @ http://localhost:3000/_next/static/chunks/node_modules_next_dist_1e8vcs8._.js:776
[ 7692087ms] [LOG] [Fast Refresh] done in 672ms @ http://localhost:3000/_next/static/chunks/node_modules_next_dist_1e8vcs8._.js:776
[ 7692147ms] [LOG] [Fast Refresh] done in 672ms @ http://localhost:3000/_next/static/chunks/node_modules_next_dist_1e8vcs8._.js:776
[ 7692210ms] [LOG] [Fast Refresh] done in 672ms @ http://localhost:3000/_next/static/chunks/node_modules_next_dist_1e8vcs8._.js:776
[ 7692267ms] [LOG] [Fast Refresh] done in 672ms @ http://localhost:3000/_next/static/chunks/node_modules_next_dist_1e8vcs8._.js:776
[ 7692330ms] [LOG] [Fast Refresh] done in 672ms @ http://localhost:3000/_next/static/chunks/node_modules_next_dist_1e8vcs8._.js:776
[ 7692394ms] [LOG] [Fast Refresh] done in 672ms @ http://localhost:3000/_next/static/chunks/node_modules_next_dist_1e8vcs8._.js:776
[ 7692459ms] [LOG] [Fast Refresh] done in 672ms @ http://localhost:3000/_next/static/chunks/node_modules_next_dist_1e8vcs8._.js:776
[ 7692515ms] [LOG] [Fast Refresh] done in 672ms @ http://localhost:3000/_next/static/chunks/node_modules_next_dist_1e8vcs8._.js:776
[ 7692579ms] [LOG] [Fast Refresh] done in 672ms @ http://localhost:3000/_next/static/chunks/node_modules_next_dist_1e8vcs8._.js:776
[ 7692643ms] [LOG] [Fast Refresh] done in 672ms @ http://localhost:3000/_next/static/chunks/node_modules_next_dist_1e8vcs8._.js:776
[ 7692711ms] [LOG] [Fast Refresh] done in 672ms @ http://localhost:3000/_next/static/chunks/node_modules_next_dist_1e8vcs8._.js:776
[ 7692775ms] [LOG] [Fast Refresh] done in 672ms @ http://localhost:3000/_next/static/chunks/node_modules_next_dist_1e8vcs8._.js:776
[ 7692834ms] [LOG] [Fast Refresh] done in 672ms @ http://localhost:3000/_next/static/chunks/node_modules_next_dist_1e8vcs8._.js:776
[ 7692893ms] [LOG] [Fast Refresh] done in 672ms @ http://localhost:3000/_next/static/chunks/node_modules_next_dist_1e8vcs8._.js:776
[ 7692960ms] [LOG] [Fast Refresh] done in 672ms @ http://localhost:3000/_next/static/chunks/node_modules_next_dist_1e8vcs8._.js:776
[ 7693015ms] [LOG] [Fast Refresh] done in 672ms @ http://localhost:3000/_next/static/chunks/node_modules_next_dist_1e8vcs8._.js:776
[ 7693078ms] [LOG] [Fast Refresh] done in 672ms @ http://localhost:3000/_next/static/chunks/node_modules_next_dist_1e8vcs8._.js:776
[ 7693141ms] [LOG] [Fast Refresh] done in 672ms @ http://localhost:3000/_next/static/chunks/node_modules_next_dist_1e8vcs8._.js:776
[ 7693199ms] [LOG] [Fast Refresh] done in 672ms @ http://localhost:3000/_next/static/chunks/node_modules_next_dist_1e8vcs8._.js:776
[ 7693259ms] [LOG] [Fast Refresh] done in 672ms @ http://localhost:3000/_next/static/chunks/node_modules_next_dist_1e8vcs8._.js:776
[ 7693318ms] [LOG] [Fast Refresh] done in 672ms @ http://localhost:3000/_next/static/chunks/node_modules_next_dist_1e8vcs8._.js:776
[ 7693385ms] [LOG] [Fast Refresh] done in 672ms @ http://localhost:3000/_next/static/chunks/node_modules_next_dist_1e8vcs8._.js:776
[ 7693454ms] [LOG] [Fast Refresh] done in 672ms @ http://localhost:3000/_next/static/chunks/node_modules_next_dist_1e8vcs8._.js:776
[ 7693514ms] [LOG] [Fast Refresh] done in 672ms @ http://localhost:3000/_next/static/chunks/node_modules_next_dist_1e8vcs8._.js:776
[ 7693578ms] [LOG] [Fast Refresh] done in 672ms @ http://localhost:3000/_next/static/chunks/node_modules_next_dist_1e8vcs8._.js:776
[ 7693644ms] [LOG] [Fast Refresh] done in 672ms @ http://localhost:3000/_next/static/chunks/node_modules_next_dist_1e8vcs8._.js:776
[ 7693700ms] [LOG] [Fast Refresh] done in 672ms @ http://localhost:3000/_next/static/chunks/node_modules_next_dist_1e8vcs8._.js:776
[ 7693764ms] [LOG] [Fast Refresh] done in 672ms @ http://localhost:3000/_next/static/chunks/node_modules_next_dist_1e8vcs8._.js:776
[ 7693835ms] [LOG] [Fast Refresh] done in 672ms @ http://localhost:3000/_next/static/chunks/node_modules_next_dist_1e8vcs8._.js:776
[ 7693898ms] [LOG] [Fast Refresh] done in 672ms @ http://localhost:3000/_next/static/chunks/node_modules_next_dist_1e8vcs8._.js:776
[ 7693962ms] [LOG] [Fast Refresh] done in 672ms @ http://localhost:3000/_next/static/chunks/node_modules_next_dist_1e8vcs8._.js:776
[ 7694018ms] [LOG] [Fast Refresh] done in 672ms @ http://localhost:3000/_next/static/chunks/node_modules_next_dist_1e8vcs8._.js:776
[ 7694082ms] [LOG] [Fast Refresh] done in 672ms @ http://localhost:3000/_next/static/chunks/node_modules_next_dist_1e8vcs8._.js:776
[ 7694146ms] [LOG] [Fast Refresh] done in 672ms @ http://localhost:3000/_next/static/chunks/node_modules_next_dist_1e8vcs8._.js:776
[ 7694213ms] [LOG] [Fast Refresh] done in 672ms @ http://localhost:3000/_next/static/chunks/node_modules_next_dist_1e8vcs8._.js:776
[ 7694279ms] [LOG] [Fast Refresh] done in 672ms @ http://localhost:3000/_next/static/chunks/node_modules_next_dist_1e8vcs8._.js:776
[ 7694345ms] [LOG] [Fast Refresh] done in 672ms @ http://localhost:3000/_next/static/chunks/node_modules_next_dist_1e8vcs8._.js:776
[ 7694405ms] [LOG] [Fast Refresh] done in 672ms @ http://localhost:3000/_next/static/chunks/node_modules_next_dist_1e8vcs8._.js:776
[ 7694463ms] [LOG] [Fast Refresh] done in 672ms @ http://localhost:3000/_next/static/chunks/node_modules_next_dist_1e8vcs8._.js:776
[ 7694528ms] [LOG] [Fast Refresh] done in 672ms @ http://localhost:3000/_next/static/chunks/node_modules_next_dist_1e8vcs8._.js:776
[ 7694585ms] [LOG] [Fast Refresh] done in 672ms @ http://localhost:3000/_next/static/chunks/node_modules_next_dist_1e8vcs8._.js:776
[ 7694649ms] [LOG] [Fast Refresh] done in 672ms @ http://localhost:3000/_next/static/chunks/node_modules_next_dist_1e8vcs8._.js:776
[ 7694713ms] [LOG] [Fast Refresh] done in 672ms @ http://localhost:3000/_next/static/chunks/node_modules_next_dist_1e8vcs8._.js:776
[ 7694779ms] [LOG] [Fast Refresh] done in 672ms @ http://localhost:3000/_next/static/chunks/node_modules_next_dist_1e8vcs8._.js:776
[ 7694846ms] [LOG] [Fast Refresh] done in 672ms @ http://localhost:3000/_next/static/chunks/node_modules_next_dist_1e8vcs8._.js:776
[ 7694900ms] [LOG] [Fast Refresh] done in 672ms @ http://localhost:3000/_next/static/chunks/node_modules_next_dist_1e8vcs8._.js:776
[ 7694964ms] [LOG] [Fast Refresh] done in 672ms @ http://localhost:3000/_next/static/chunks/node_modules_next_dist_1e8vcs8._.js:776
[ 7695028ms] [LOG] [Fast Refresh] done in 672ms @ http://localhost:3000/_next/static/chunks/node_modules_next_dist_1e8vcs8._.js:776
[ 7695087ms] [LOG] [Fast Refresh] done in 672ms @ http://localhost:3000/_next/static/chunks/node_modules_next_dist_1e8vcs8._.js:776
[ 7695147ms] [LOG] [Fast Refresh] done in 672ms @ http://localhost:3000/_next/static/chunks/node_modules_next_dist_1e8vcs8._.js:776
[ 7695209ms] [LOG] [Fast Refresh] done in 672ms @ http://localhost:3000/_next/static/chunks/node_modules_next_dist_1e8vcs8._.js:776
[ 7695260ms] [LOG] [Fast Refresh] done in 672ms @ http://localhost:3000/_next/static/chunks/node_modules_next_dist_1e8vcs8._.js:776
[ 7695310ms] [LOG] [Fast Refresh] done in 672ms @ http://localhost:3000/_next/static/chunks/node_modules_next_dist_1e8vcs8._.js:776
[ 7695368ms] [LOG] [Fast Refresh] done in 672ms @ http://localhost:3000/_next/static/chunks/node_modules_next_dist_1e8vcs8._.js:776
[ 7695435ms] [LOG] [Fast Refresh] done in 672ms @ http://localhost:3000/_next/static/chunks/node_modules_next_dist_1e8vcs8._.js:776
[ 7695499ms] [LOG] [Fast Refresh] done in 672ms @ http://localhost:3000/_next/static/chunks/node_modules_next_dist_1e8vcs8._.js:776
[ 7695584ms] [LOG] [Fast Refresh] done in 672ms @ http://localhost:3000/_next/static/chunks/node_modules_next_dist_1e8vcs8._.js:776
[ 7695651ms] [LOG] [Fast Refresh] done in 672ms @ http://localhost:3000/_next/static/chunks/node_modules_next_dist_1e8vcs8._.js:776
[ 7695717ms] [LOG] [Fast Refresh] done in 672ms @ http://localhost:3000/_next/static/chunks/node_modules_next_dist_1e8vcs8._.js:776
[ 7695774ms] [LOG] [Fast Refresh] done in 672ms @ http://localhost:3000/_next/static/chunks/node_modules_next_dist_1e8vcs8._.js:776
[ 7695832ms] [LOG] [Fast Refresh] done in 672ms @ http://localhost:3000/_next/static/chunks/node_modules_next_dist_1e8vcs8._.js:776
[ 7695894ms] [LOG] [Fast Refresh] done in 672ms @ http://localhost:3000/_next/static/chunks/node_modules_next_dist_1e8vcs8._.js:776
[ 7695950ms] [LOG] [Fast Refresh] done in 672ms @ http://localhost:3000/_next/static/chunks/node_modules_next_dist_1e8vcs8._.js:776
[ 7696013ms] [LOG] [Fast Refresh] done in 672ms @ http://localhost:3000/_next/static/chunks/node_modules_next_dist_1e8vcs8._.js:776
[ 7696068ms] [LOG] [Fast Refresh] done in 672ms @ http://localhost:3000/_next/static/chunks/node_modules_next_dist_1e8vcs8._.js:776
[ 7696132ms] [LOG] [Fast Refresh] done in 672ms @ http://localhost:3000/_next/static/chunks/node_modules_next_dist_1e8vcs8._.js:776
[ 7696196ms] [LOG] [Fast Refresh] done in 672ms @ http://localhost:3000/_next/static/chunks/node_modules_next_dist_1e8vcs8._.js:776
[ 7696251ms] [LOG] [Fast Refresh] done in 672ms @ http://localhost:3000/_next/static/chunks/node_modules_next_dist_1e8vcs8._.js:776
[ 7696314ms] [LOG] [Fast Refresh] done in 672ms @ http://localhost:3000/_next/static/chunks/node_modules_next_dist_1e8vcs8._.js:776
[ 7696380ms] [LOG] [Fast Refresh] done in 672ms @ http://localhost:3000/_next/static/chunks/node_modules_next_dist_1e8vcs8._.js:776
[ 7696432ms] [LOG] [Fast Refresh] done in 672ms @ http://localhost:3000/_next/static/chunks/node_modules_next_dist_1e8vcs8._.js:776
[ 7696497ms] [LOG] [Fast Refresh] done in 672ms @ http://localhost:3000/_next/static/chunks/node_modules_next_dist_1e8vcs8._.js:776
[ 7696552ms] [LOG] [Fast Refresh] done in 672ms @ http://localhost:3000/_next/static/chunks/node_modules_next_dist_1e8vcs8._.js:776
[ 7696614ms] [LOG] [Fast Refresh] done in 672ms @ http://localhost:3000/_next/static/chunks/node_modules_next_dist_1e8vcs8._.js:776
[ 7696676ms] [LOG] [Fast Refresh] done in 672ms @ http://localhost:3000/_next/static/chunks/node_modules_next_dist_1e8vcs8._.js:776
[ 7696733ms] [LOG] [Fast Refresh] done in 672ms @ http://localhost:3000/_next/static/chunks/node_modules_next_dist_1e8vcs8._.js:776
[ 7696794ms] [LOG] [Fast Refresh] done in 672ms @ http://localhost:3000/_next/static/chunks/node_modules_next_dist_1e8vcs8._.js:776
[ 7696850ms] [LOG] [Fast Refresh] done in 672ms @ http://localhost:3000/_next/static/chunks/node_modules_next_dist_1e8vcs8._.js:776
[ 7696917ms] [LOG] [Fast Refresh] done in 672ms @ http://localhost:3000/_next/static/chunks/node_modules_next_dist_1e8vcs8._.js:776
[ 7696976ms] [LOG] [Fast Refresh] done in 672ms @ http://localhost:3000/_next/static/chunks/node_modules_next_dist_1e8vcs8._.js:776
[ 7697034ms] [LOG] [Fast Refresh] done in 672ms @ http://localhost:3000/_next/static/chunks/node_modules_next_dist_1e8vcs8._.js:776
[ 7697098ms] [LOG] [Fast Refresh] done in 672ms @ http://localhost:3000/_next/static/chunks/node_modules_next_dist_1e8vcs8._.js:776
[ 7697161ms] [LOG] [Fast Refresh] done in 672ms @ http://localhost:3000/_next/static/chunks/node_modules_next_dist_1e8vcs8._.js:776
[ 7697217ms] [LOG] [Fast Refresh] done in 672ms @ http://localhost:3000/_next/static/chunks/node_modules_next_dist_1e8vcs8._.js:776
[ 7697281ms] [LOG] [Fast Refresh] done in 672ms @ http://localhost:3000/_next/static/chunks/node_modules_next_dist_1e8vcs8._.js:776
[ 7697344ms] [LOG] [Fast Refresh] done in 672ms @ http://localhost:3000/_next/static/chunks/node_modules_next_dist_1e8vcs8._.js:776
[ 7697401ms] [LOG] [Fast Refresh] done in 672ms @ http://localhost:3000/_next/static/chunks/node_modules_next_dist_1e8vcs8._.js:776
[ 7697469ms] [LOG] [Fast Refresh] done in 672ms @ http://localhost:3000/_next/static/chunks/node_modules_next_dist_1e8vcs8._.js:776
[ 7697536ms] [LOG] [Fast Refresh] done in 672ms @ http://localhost:3000/_next/static/chunks/node_modules_next_dist_1e8vcs8._.js:776
[ 7697614ms] [LOG] [Fast Refresh] done in 672ms @ http://localhost:3000/_next/static/chunks/node_modules_next_dist_1e8vcs8._.js:776
[ 7697667ms] [LOG] [Fast Refresh] done in 672ms @ http://localhost:3000/_next/static/chunks/node_modules_next_dist_1e8vcs8._.js:776
[ 7697718ms] [LOG] [Fast Refresh] done in 672ms @ http://localhost:3000/_next/static/chunks/node_modules_next_dist_1e8vcs8._.js:776
[ 7697781ms] [LOG] [Fast Refresh] done in 672ms @ http://localhost:3000/_next/static/chunks/node_modules_next_dist_1e8vcs8._.js:776
[ 7697846ms] [LOG] [Fast Refresh] done in 672ms @ http://localhost:3000/_next/static/chunks/node_modules_next_dist_1e8vcs8._.js:776
[ 7697898ms] [LOG] [Fast Refresh] done in 672ms @ http://localhost:3000/_next/static/chunks/node_modules_next_dist_1e8vcs8._.js:776
[ 7698113ms] [LOG] [Fast Refresh] rebuilding @ http://localhost:3000/_next/static/chunks/node_modules_next_dist_1e8vcs8._.js:776
[ 7698264ms] [LOG] [Fast Refresh] done in 226ms @ http://localhost:3000/_next/static/chunks/node_modules_next_dist_1e8vcs8._.js:776
[ 7761110ms] [INFO] %cDownload the React DevTools for a better development experience: https://react.dev/link/react-devtools font-weight:bold @ http://localhost:3000/_next/static/chunks/node_modules_next_dist_1e8vcs8._.js:776
[ 7761145ms] [LOG] [HMR] connected @ http://localhost:3000/_next/static/chunks/node_modules_next_dist_1e8vcs8._.js:776
[ 7839356ms] [LOG] [Fast Refresh] rebuilding @ http://localhost:3000/_next/static/chunks/node_modules_next_dist_1e8vcs8._.js:776
[ 7839533ms] [WARNING] [Fast Refresh] performing full reload

Fast Refresh will perform a full reload when you edit a file that's imported by modules outside of the React rendering tree.
You might have a file which exports a React component but also exports a value that is imported by a non-React component file.
Consider migrating the non-React component export to a separate file and importing it into both files.

It is also possible the parent component of the component you edited is a class component, which disables Fast Refresh.
Fast Refresh requires at least one parent function component in your React tree. @ http://localhost:3000/_next/static/chunks/node_modules_next_dist_1e8vcs8._.js:776
[ 7839644ms] [LOG] [Fast Refresh] done in 286ms @ http://localhost:3000/_next/static/chunks/node_modules_next_dist_1e8vcs8._.js:776
[ 7839676ms] [LOG] [Fast Refresh] done in 286ms @ http://localhost:3000/_next/static/chunks/node_modules_next_dist_1e8vcs8._.js:776
[ 7840745ms] [LOG] [Fast Refresh] rebuilding @ http://localhost:3000/_next/static/chunks/node_modules_next_dist_1e8vcs8._.js:776
[ 7840771ms] [LOG] [Fast Refresh] done in 140ms @ http://localhost:3000/_next/static/chunks/node_modules_next_dist_1e8vcs8._.js:776
[ 7841337ms] [INFO] %cDownload the React DevTools for a better development experience: https://react.dev/link/react-devtools font-weight:bold @ http://localhost:3000/_next/static/chunks/node_modules_next_dist_1e8vcs8._.js:776
[ 7841399ms] [LOG] [HMR] connected @ http://localhost:3000/_next/static/chunks/node_modules_next_dist_1e8vcs8._.js:776
[ 7858388ms] [LOG] [Fast Refresh] rebuilding @ http://localhost:3000/_next/static/chunks/node_modules_next_dist_1e8vcs8._.js:776
[ 7859586ms] [LOG] [Fast Refresh] done in 1285ms @ http://localhost:3000/_next/static/chunks/node_modules_next_dist_1e8vcs8._.js:776
[ 7918441ms] [LOG] [Fast Refresh] rebuilding @ http://localhost:3000/_next/static/chunks/node_modules_next_dist_1e8vcs8._.js:776
[ 7918889ms] [LOG] [Fast Refresh] done in 552ms @ http://localhost:3000/_next/static/chunks/node_modules_next_dist_1e8vcs8._.js:776
[ 7919191ms] [INFO] %cDownload the React DevTools for a better development experience: https://react.dev/link/react-devtools font-weight:bold @ http://localhost:3000/_next/static/chunks/node_modules_next_dist_1e8vcs8._.js:776
[ 7919237ms] [LOG] [HMR] connected @ http://localhost:3000/_next/static/chunks/node_modules_next_dist_1e8vcs8._.js:776
[ 7972211ms] [LOG] [Fast Refresh] rebuilding @ http://localhost:3000/_next/static/chunks/node_modules_next_dist_1e8vcs8._.js:776
[ 7972559ms] [WARNING] [Fast Refresh] performing full reload

Fast Refresh will perform a full reload when you edit a file that's imported by modules outside of the React rendering tree.
You might have a file which exports a React component but also exports a value that is imported by a non-React component file.
Consider migrating the non-React component export to a separate file and importing it into both files.

It is also possible the parent component of the component you edited is a class component, which disables Fast Refresh.
Fast Refresh requires at least one parent function component in your React tree. @ http://localhost:3000/_next/static/chunks/node_modules_next_dist_1e8vcs8._.js:776
[ 7972568ms] [LOG] [Fast Refresh] done in 461ms @ http://localhost:3000/_next/static/chunks/node_modules_next_dist_1e8vcs8._.js:776
[ 7972768ms] [LOG] [Fast Refresh] done in 461ms @ http://localhost:3000/_next/static/chunks/node_modules_next_dist_1e8vcs8._.js:776
[ 7972783ms] [LOG] [Fast Refresh] done in 461ms @ http://localhost:3000/_next/static/chunks/node_modules_next_dist_1e8vcs8._.js:776
[ 7974780ms] [INFO] %cDownload the React DevTools for a better development experience: https://react.dev/link/react-devtools font-weight:bold @ http://localhost:3000/_next/static/chunks/node_modules_next_dist_1e8vcs8._.js:776
[ 7974832ms] [LOG] [HMR] connected @ http://localhost:3000/_next/static/chunks/node_modules_next_dist_1e8vcs8._.js:776
