[     513ms] [INFO] %cDownload the React DevTools for a better development experience: https://react.dev/link/react-devtools font-weight:bold @ http://localhost:3000/_next/static/chunks/node_modules_next_dist_1e8vcs8._.js:776
[     570ms] [LOG] [HMR] connected @ http://localhost:3000/_next/static/chunks/node_modules_next_dist_1e8vcs8._.js:776
[  185932ms] [LOG] [Fast Refresh] rebuilding @ http://localhost:3000/_next/static/chunks/node_modules_next_dist_1e8vcs8._.js:776
[  185972ms] [ERROR] ./lib/keySound.ts:93:12
Error: Return statement is not allowed here
  91 | }
  92 |   const ac = getContext();
> 93 |   if (!ac) return;
     |            ^^^^^^^
  94 |   try {
  95 |     const t = ac.currentTime;
  96 |     const freq = NOTES[index] ?? NOTES[2];

Parsing ecmascript source code failed

Import traces:
  Client Component Browser:
    ./lib/keySound.ts [Client Component Browser]
    ./components/layout/Navbar.tsx [Client Component Browser]
    ./components/layout/Navbar.tsx [Server Component]
    ./app/page.tsx [Server Component]

  Client Component SSR:
    ./lib/keySound.ts [Client Component SSR]
    ./components/layout/Navbar.tsx [Client Component SSR]
    ./components/layout/Navbar.tsx [Server Component]
    ./app/page.tsx [Server Component] @ http://localhost:3000/_next/static/chunks/node_modules_next_dist_1e8vcs8._.js:1052
[  186236ms] [ERROR] ./lib/keySound.ts:93:12
Error: Return statement is not allowed here
  91 | }
  92 |   const ac = getContext();
> 93 |   if (!ac) return;
     |            ^^^^^^^
  94 |   try {
  95 |     const t = ac.currentTime;
  96 |     const freq = NOTES[index] ?? NOTES[2];

Parsing ecmascript source code failed

Import traces:
  Client Component Browser:
    ./lib/keySound.ts [Client Component Browser]
    ./components/layout/Navbar.tsx [Client Component Browser]
    ./components/layout/Navbar.tsx [Server Component]
    ./app/page.tsx [Server Component]

  Client Component SSR:
    ./lib/keySound.ts [Client Component SSR]
    ./components/layout/Navbar.tsx [Client Component SSR]
    ./components/layout/Navbar.tsx [Server Component]
    ./app/page.tsx [Server Component] @ http://localhost:3000/_next/static/chunks/node_modules_next_dist_1e8vcs8._.js:1052
[  186308ms] [ERROR] ./lib/keySound.ts:93:12
Error: Return statement is not allowed here
  91 | }
  92 |   const ac = getContext();
> 93 |   if (!ac) return;
     |            ^^^^^^^
  94 |   try {
  95 |     const t = ac.currentTime;
  96 |     const freq = NOTES[index] ?? NOTES[2];

Parsing ecmascript source code failed

Import traces:
  Client Component Browser:
    ./lib/keySound.ts [Client Component Browser]
    ./components/layout/Navbar.tsx [Client Component Browser]
    ./components/layout/Navbar.tsx [Server Component]
    ./app/page.tsx [Server Component]

  Client Component SSR:
    ./lib/keySound.ts [Client Component SSR]
    ./components/layout/Navbar.tsx [Client Component SSR]
    ./components/layout/Navbar.tsx [Server Component]
    ./app/page.tsx [Server Component] @ http://localhost:3000/_next/static/chunks/node_modules_next_dist_1e8vcs8._.js:1052
[  186369ms] [ERROR] ./lib/keySound.ts:93:12
Error: Return statement is not allowed here
  91 | }
  92 |   const ac = getContext();
> 93 |   if (!ac) return;
     |            ^^^^^^^
  94 |   try {
  95 |     const t = ac.currentTime;
  96 |     const freq = NOTES[index] ?? NOTES[2];

Parsing ecmascript source code failed

Import traces:
  Client Component Browser:
    ./lib/keySound.ts [Client Component Browser]
    ./components/layout/Navbar.tsx [Client Component Browser]
    ./components/layout/Navbar.tsx [Server Component]
    ./app/page.tsx [Server Component]

  Client Component SSR:
    ./lib/keySound.ts [Client Component SSR]
    ./components/layout/Navbar.tsx [Client Component SSR]
    ./components/layout/Navbar.tsx [Server Component]
    ./app/page.tsx [Server Component] @ http://localhost:3000/_next/static/chunks/node_modules_next_dist_1e8vcs8._.js:1052
[  186428ms] [ERROR] ./lib/keySound.ts:93:12
Error: Return statement is not allowed here
  91 | }
  92 |   const ac = getContext();
> 93 |   if (!ac) return;
     |            ^^^^^^^
  94 |   try {
  95 |     const t = ac.currentTime;
  96 |     const freq = NOTES[index] ?? NOTES[2];

Parsing ecmascript source code failed

Import traces:
  Client Component Browser:
    ./lib/keySound.ts [Client Component Browser]
    ./components/layout/Navbar.tsx [Client Component Browser]
    ./components/layout/Navbar.tsx [Server Component]
    ./app/page.tsx [Server Component]

  Client Component SSR:
    ./lib/keySound.ts [Client Component SSR]
    ./components/layout/Navbar.tsx [Client Component SSR]
    ./components/layout/Navbar.tsx [Server Component]
    ./app/page.tsx [Server Component] @ http://localhost:3000/_next/static/chunks/node_modules_next_dist_1e8vcs8._.js:1052
[  186479ms] [ERROR] ./lib/keySound.ts:93:12
Error: Return statement is not allowed here
  91 | }
  92 |   const ac = getContext();
> 93 |   if (!ac) return;
     |            ^^^^^^^
  94 |   try {
  95 |     const t = ac.currentTime;
  96 |     const freq = NOTES[index] ?? NOTES[2];

Parsing ecmascript source code failed

Import traces:
  Client Component Browser:
    ./lib/keySound.ts [Client Component Browser]
    ./components/layout/Navbar.tsx [Client Component Browser]
    ./components/layout/Navbar.tsx [Server Component]
    ./app/page.tsx [Server Component]

  Client Component SSR:
    ./lib/keySound.ts [Client Component SSR]
    ./components/layout/Navbar.tsx [Client Component SSR]
    ./components/layout/Navbar.tsx [Server Component]
    ./app/page.tsx [Server Component] @ http://localhost:3000/_next/static/chunks/node_modules_next_dist_1e8vcs8._.js:1052
[  186529ms] [ERROR] ./lib/keySound.ts:93:12
Error: Return statement is not allowed here
  91 | }
  92 |   const ac = getContext();
> 93 |   if (!ac) return;
     |            ^^^^^^^
  94 |   try {
  95 |     const t = ac.currentTime;
  96 |     const freq = NOTES[index] ?? NOTES[2];

Parsing ecmascript source code failed

Import traces:
  Client Component Browser:
    ./lib/keySound.ts [Client Component Browser]
    ./components/layout/Navbar.tsx [Client Component Browser]
    ./components/layout/Navbar.tsx [Server Component]
    ./app/page.tsx [Server Component]

  Client Component SSR:
    ./lib/keySound.ts [Client Component SSR]
    ./components/layout/Navbar.tsx [Client Component SSR]
    ./components/layout/Navbar.tsx [Server Component]
    ./app/page.tsx [Server Component] @ http://localhost:3000/_next/static/chunks/node_modules_next_dist_1e8vcs8._.js:1052
[  186594ms] [ERROR] ./lib/keySound.ts:93:12
Error: Return statement is not allowed here
  91 | }
  92 |   const ac = getContext();
> 93 |   if (!ac) return;
     |            ^^^^^^^
  94 |   try {
  95 |     const t = ac.currentTime;
  96 |     const freq = NOTES[index] ?? NOTES[2];

Parsing ecmascript source code failed

Import traces:
  Client Component Browser:
    ./lib/keySound.ts [Client Component Browser]
    ./components/layout/Navbar.tsx [Client Component Browser]
    ./components/layout/Navbar.tsx [Server Component]
    ./app/page.tsx [Server Component]

  Client Component SSR:
    ./lib/keySound.ts [Client Component SSR]
    ./components/layout/Navbar.tsx [Client Component SSR]
    ./components/layout/Navbar.tsx [Server Component]
    ./app/page.tsx [Server Component] @ http://localhost:3000/_next/static/chunks/node_modules_next_dist_1e8vcs8._.js:1052
[  186655ms] [ERROR] ./lib/keySound.ts:93:12
Error: Return statement is not allowed here
  91 | }
  92 |   const ac = getContext();
> 93 |   if (!ac) return;
     |            ^^^^^^^
  94 |   try {
  95 |     const t = ac.currentTime;
  96 |     const freq = NOTES[index] ?? NOTES[2];

Parsing ecmascript source code failed

Import traces:
  Client Component Browser:
    ./lib/keySound.ts [Client Component Browser]
    ./components/layout/Navbar.tsx [Client Component Browser]
    ./components/layout/Navbar.tsx [Server Component]
    ./app/page.tsx [Server Component]

  Client Component SSR:
    ./lib/keySound.ts [Client Component SSR]
    ./components/layout/Navbar.tsx [Client Component SSR]
    ./components/layout/Navbar.tsx [Server Component]
    ./app/page.tsx [Server Component] @ http://localhost:3000/_next/static/chunks/node_modules_next_dist_1e8vcs8._.js:1052
[  186731ms] [ERROR] ./lib/keySound.ts:93:12
Error: Return statement is not allowed here
  91 | }
  92 |   const ac = getContext();
> 93 |   if (!ac) return;
     |            ^^^^^^^
  94 |   try {
  95 |     const t = ac.currentTime;
  96 |     const freq = NOTES[index] ?? NOTES[2];

Parsing ecmascript source code failed

Import traces:
  Client Component Browser:
    ./lib/keySound.ts [Client Component Browser]
    ./components/layout/Navbar.tsx [Client Component Browser]
    ./components/layout/Navbar.tsx [Server Component]
    ./app/page.tsx [Server Component]

  Client Component SSR:
    ./lib/keySound.ts [Client Component SSR]
    ./components/layout/Navbar.tsx [Client Component SSR]
    ./components/layout/Navbar.tsx [Server Component]
    ./app/page.tsx [Server Component] @ http://localhost:3000/_next/static/chunks/node_modules_next_dist_1e8vcs8._.js:1052
[  186797ms] [ERROR] ./lib/keySound.ts:93:12
Error: Return statement is not allowed here
  91 | }
  92 |   const ac = getContext();
> 93 |   if (!ac) return;
     |            ^^^^^^^
  94 |   try {
  95 |     const t = ac.currentTime;
  96 |     const freq = NOTES[index] ?? NOTES[2];

Parsing ecmascript source code failed

Import traces:
  Client Component Browser:
    ./lib/keySound.ts [Client Component Browser]
    ./components/layout/Navbar.tsx [Client Component Browser]
    ./components/layout/Navbar.tsx [Server Component]
    ./app/page.tsx [Server Component]

  Client Component SSR:
    ./lib/keySound.ts [Client Component SSR]
    ./components/layout/Navbar.tsx [Client Component SSR]
    ./components/layout/Navbar.tsx [Server Component]
    ./app/page.tsx [Server Component] @ http://localhost:3000/_next/static/chunks/node_modules_next_dist_1e8vcs8._.js:1052
[  186848ms] [ERROR] ./lib/keySound.ts:93:12
Error: Return statement is not allowed here
  91 | }
  92 |   const ac = getContext();
> 93 |   if (!ac) return;
     |            ^^^^^^^
  94 |   try {
  95 |     const t = ac.currentTime;
  96 |     const freq = NOTES[index] ?? NOTES[2];

Parsing ecmascript source code failed

Import traces:
  Client Component Browser:
    ./lib/keySound.ts [Client Component Browser]
    ./components/layout/Navbar.tsx [Client Component Browser]
    ./components/layout/Navbar.tsx [Server Component]
    ./app/page.tsx [Server Component]

  Client Component SSR:
    ./lib/keySound.ts [Client Component SSR]
    ./components/layout/Navbar.tsx [Client Component SSR]
    ./components/layout/Navbar.tsx [Server Component]
    ./app/page.tsx [Server Component] @ http://localhost:3000/_next/static/chunks/node_modules_next_dist_1e8vcs8._.js:1052
[  186899ms] [ERROR] ./lib/keySound.ts:93:12
Error: Return statement is not allowed here
  91 | }
  92 |   const ac = getContext();
> 93 |   if (!ac) return;
     |            ^^^^^^^
  94 |   try {
  95 |     const t = ac.currentTime;
  96 |     const freq = NOTES[index] ?? NOTES[2];

Parsing ecmascript source code failed

Import traces:
  Client Component Browser:
    ./lib/keySound.ts [Client Component Browser]
    ./components/layout/Navbar.tsx [Client Component Browser]
    ./components/layout/Navbar.tsx [Server Component]
    ./app/page.tsx [Server Component]

  Client Component SSR:
    ./lib/keySound.ts [Client Component SSR]
    ./components/layout/Navbar.tsx [Client Component SSR]
    ./components/layout/Navbar.tsx [Server Component]
    ./app/page.tsx [Server Component] @ http://localhost:3000/_next/static/chunks/node_modules_next_dist_1e8vcs8._.js:1052
[  186953ms] [ERROR] ./lib/keySound.ts:93:12
Error: Return statement is not allowed here
  91 | }
  92 |   const ac = getContext();
> 93 |   if (!ac) return;
     |            ^^^^^^^
  94 |   try {
  95 |     const t = ac.currentTime;
  96 |     const freq = NOTES[index] ?? NOTES[2];

Parsing ecmascript source code failed

Import traces:
  Client Component Browser:
    ./lib/keySound.ts [Client Component Browser]
    ./components/layout/Navbar.tsx [Client Component Browser]
    ./components/layout/Navbar.tsx [Server Component]
    ./app/page.tsx [Server Component]

  Client Component SSR:
    ./lib/keySound.ts [Client Component SSR]
    ./components/layout/Navbar.tsx [Client Component SSR]
    ./components/layout/Navbar.tsx [Server Component]
    ./app/page.tsx [Server Component] @ http://localhost:3000/_next/static/chunks/node_modules_next_dist_1e8vcs8._.js:1052
[  187016ms] [ERROR] ./lib/keySound.ts:93:12
Error: Return statement is not allowed here
  91 | }
  92 |   const ac = getContext();
> 93 |   if (!ac) return;
     |            ^^^^^^^
  94 |   try {
  95 |     const t = ac.currentTime;
  96 |     const freq = NOTES[index] ?? NOTES[2];

Parsing ecmascript source code failed

Import traces:
  Client Component Browser:
    ./lib/keySound.ts [Client Component Browser]
    ./components/layout/Navbar.tsx [Client Component Browser]
    ./components/layout/Navbar.tsx [Server Component]
    ./app/page.tsx [Server Component]

  Client Component SSR:
    ./lib/keySound.ts [Client Component SSR]
    ./components/layout/Navbar.tsx [Client Component SSR]
    ./components/layout/Navbar.tsx [Server Component]
    ./app/page.tsx [Server Component] @ http://localhost:3000/_next/static/chunks/node_modules_next_dist_1e8vcs8._.js:1052
[  187078ms] [ERROR] ./lib/keySound.ts:93:12
Error: Return statement is not allowed here
  91 | }
  92 |   const ac = getContext();
> 93 |   if (!ac) return;
     |            ^^^^^^^
  94 |   try {
  95 |     const t = ac.currentTime;
  96 |     const freq = NOTES[index] ?? NOTES[2];

Parsing ecmascript source code failed

Import traces:
  Client Component Browser:
    ./lib/keySound.ts [Client Component Browser]
    ./components/layout/Navbar.tsx [Client Component Browser]
    ./components/layout/Navbar.tsx [Server Component]
    ./app/page.tsx [Server Component]

  Client Component SSR:
    ./lib/keySound.ts [Client Component SSR]
    ./components/layout/Navbar.tsx [Client Component SSR]
    ./components/layout/Navbar.tsx [Server Component]
    ./app/page.tsx [Server Component] @ http://localhost:3000/_next/static/chunks/node_modules_next_dist_1e8vcs8._.js:1052
[  187137ms] [ERROR] ./lib/keySound.ts:93:12
Error: Return statement is not allowed here
  91 | }
  92 |   const ac = getContext();
> 93 |   if (!ac) return;
     |            ^^^^^^^
  94 |   try {
  95 |     const t = ac.currentTime;
  96 |     const freq = NOTES[index] ?? NOTES[2];

Parsing ecmascript source code failed

Import traces:
  Client Component Browser:
    ./lib/keySound.ts [Client Component Browser]
    ./components/layout/Navbar.tsx [Client Component Browser]
    ./components/layout/Navbar.tsx [Server Component]
    ./app/page.tsx [Server Component]

  Client Component SSR:
    ./lib/keySound.ts [Client Component SSR]
    ./components/layout/Navbar.tsx [Client Component SSR]
    ./components/layout/Navbar.tsx [Server Component]
    ./app/page.tsx [Server Component] @ http://localhost:3000/_next/static/chunks/node_modules_next_dist_1e8vcs8._.js:1052
[  187192ms] [ERROR] ./lib/keySound.ts:93:12
Error: Return statement is not allowed here
  91 | }
  92 |   const ac = getContext();
> 93 |   if (!ac) return;
     |            ^^^^^^^
  94 |   try {
  95 |     const t = ac.currentTime;
  96 |     const freq = NOTES[index] ?? NOTES[2];

Parsing ecmascript source code failed

Import traces:
  Client Component Browser:
    ./lib/keySound.ts [Client Component Browser]
    ./components/layout/Navbar.tsx [Client Component Browser]
    ./components/layout/Navbar.tsx [Server Component]
    ./app/page.tsx [Server Component]

  Client Component SSR:
    ./lib/keySound.ts [Client Component SSR]
    ./components/layout/Navbar.tsx [Client Component SSR]
    ./components/layout/Navbar.tsx [Server Component]
    ./app/page.tsx [Server Component] @ http://localhost:3000/_next/static/chunks/node_modules_next_dist_1e8vcs8._.js:1052
[  187250ms] [ERROR] ./lib/keySound.ts:93:12
Error: Return statement is not allowed here
  91 | }
  92 |   const ac = getContext();
> 93 |   if (!ac) return;
     |            ^^^^^^^
  94 |   try {
  95 |     const t = ac.currentTime;
  96 |     const freq = NOTES[index] ?? NOTES[2];

Parsing ecmascript source code failed

Import traces:
  Client Component Browser:
    ./lib/keySound.ts [Client Component Browser]
    ./components/layout/Navbar.tsx [Client Component Browser]
    ./components/layout/Navbar.tsx [Server Component]
    ./app/page.tsx [Server Component]

  Client Component SSR:
    ./lib/keySound.ts [Client Component SSR]
    ./components/layout/Navbar.tsx [Client Component SSR]
    ./components/layout/Navbar.tsx [Server Component]
    ./app/page.tsx [Server Component] @ http://localhost:3000/_next/static/chunks/node_modules_next_dist_1e8vcs8._.js:1052
[  187312ms] [ERROR] ./lib/keySound.ts:93:12
Error: Return statement is not allowed here
  91 | }
  92 |   const ac = getContext();
> 93 |   if (!ac) return;
     |            ^^^^^^^
  94 |   try {
  95 |     const t = ac.currentTime;
  96 |     const freq = NOTES[index] ?? NOTES[2];

Parsing ecmascript source code failed

Import traces:
  Client Component Browser:
    ./lib/keySound.ts [Client Component Browser]
    ./components/layout/Navbar.tsx [Client Component Browser]
    ./components/layout/Navbar.tsx [Server Component]
    ./app/page.tsx [Server Component]

  Client Component SSR:
    ./lib/keySound.ts [Client Component SSR]
    ./components/layout/Navbar.tsx [Client Component SSR]
    ./components/layout/Navbar.tsx [Server Component]
    ./app/page.tsx [Server Component] @ http://localhost:3000/_next/static/chunks/node_modules_next_dist_1e8vcs8._.js:1052
[  187360ms] [ERROR] ./lib/keySound.ts:93:12
Error: Return statement is not allowed here
  91 | }
  92 |   const ac = getContext();
> 93 |   if (!ac) return;
     |            ^^^^^^^
  94 |   try {
  95 |     const t = ac.currentTime;
  96 |     const freq = NOTES[index] ?? NOTES[2];

Parsing ecmascript source code failed

Import traces:
  Client Component Browser:
    ./lib/keySound.ts [Client Component Browser]
    ./components/layout/Navbar.tsx [Client Component Browser]
    ./components/layout/Navbar.tsx [Server Component]
    ./app/page.tsx [Server Component]

  Client Component SSR:
    ./lib/keySound.ts [Client Component SSR]
    ./components/layout/Navbar.tsx [Client Component SSR]
    ./components/layout/Navbar.tsx [Server Component]
    ./app/page.tsx [Server Component] @ http://localhost:3000/_next/static/chunks/node_modules_next_dist_1e8vcs8._.js:1052
[  187416ms] [ERROR] ./lib/keySound.ts:93:12
Error: Return statement is not allowed here
  91 | }
  92 |   const ac = getContext();
> 93 |   if (!ac) return;
     |            ^^^^^^^
  94 |   try {
  95 |     const t = ac.currentTime;
  96 |     const freq = NOTES[index] ?? NOTES[2];

Parsing ecmascript source code failed

Import traces:
  Client Component Browser:
    ./lib/keySound.ts [Client Component Browser]
    ./components/layout/Navbar.tsx [Client Component Browser]
    ./components/layout/Navbar.tsx [Server Component]
    ./app/page.tsx [Server Component]

  Client Component SSR:
    ./lib/keySound.ts [Client Component SSR]
    ./components/layout/Navbar.tsx [Client Component SSR]
    ./components/layout/Navbar.tsx [Server Component]
    ./app/page.tsx [Server Component] @ http://localhost:3000/_next/static/chunks/node_modules_next_dist_1e8vcs8._.js:1052
[  187481ms] [ERROR] ./lib/keySound.ts:93:12
Error: Return statement is not allowed here
  91 | }
  92 |   const ac = getContext();
> 93 |   if (!ac) return;
     |            ^^^^^^^
  94 |   try {
  95 |     const t = ac.currentTime;
  96 |     const freq = NOTES[index] ?? NOTES[2];

Parsing ecmascript source code failed

Import traces:
  Client Component Browser:
    ./lib/keySound.ts [Client Component Browser]
    ./components/layout/Navbar.tsx [Client Component Browser]
    ./components/layout/Navbar.tsx [Server Component]
    ./app/page.tsx [Server Component]

  Client Component SSR:
    ./lib/keySound.ts [Client Component SSR]
    ./components/layout/Navbar.tsx [Client Component SSR]
    ./components/layout/Navbar.tsx [Server Component]
    ./app/page.tsx [Server Component] @ http://localhost:3000/_next/static/chunks/node_modules_next_dist_1e8vcs8._.js:1052
[  187532ms] [ERROR] ./lib/keySound.ts:93:12
Error: Return statement is not allowed here
  91 | }
  92 |   const ac = getContext();
> 93 |   if (!ac) return;
     |            ^^^^^^^
  94 |   try {
  95 |     const t = ac.currentTime;
  96 |     const freq = NOTES[index] ?? NOTES[2];

Parsing ecmascript source code failed

Import traces:
  Client Component Browser:
    ./lib/keySound.ts [Client Component Browser]
    ./components/layout/Navbar.tsx [Client Component Browser]
    ./components/layout/Navbar.tsx [Server Component]
    ./app/page.tsx [Server Component]

  Client Component SSR:
    ./lib/keySound.ts [Client Component SSR]
    ./components/layout/Navbar.tsx [Client Component SSR]
    ./components/layout/Navbar.tsx [Server Component]
    ./app/page.tsx [Server Component] @ http://localhost:3000/_next/static/chunks/node_modules_next_dist_1e8vcs8._.js:1052
[  187598ms] [ERROR] ./lib/keySound.ts:93:12
Error: Return statement is not allowed here
  91 | }
  92 |   const ac = getContext();
> 93 |   if (!ac) return;
     |            ^^^^^^^
  94 |   try {
  95 |     const t = ac.currentTime;
  96 |     const freq = NOTES[index] ?? NOTES[2];

Parsing ecmascript source code failed

Import traces:
  Client Component Browser:
    ./lib/keySound.ts [Client Component Browser]
    ./components/layout/Navbar.tsx [Client Component Browser]
    ./components/layout/Navbar.tsx [Server Component]
    ./app/page.tsx [Server Component]

  Client Component SSR:
    ./lib/keySound.ts [Client Component SSR]
    ./components/layout/Navbar.tsx [Client Component SSR]
    ./components/layout/Navbar.tsx [Server Component]
    ./app/page.tsx [Server Component] @ http://localhost:3000/_next/static/chunks/node_modules_next_dist_1e8vcs8._.js:1052
[  187661ms] [ERROR] ./lib/keySound.ts:93:12
Error: Return statement is not allowed here
  91 | }
  92 |   const ac = getContext();
> 93 |   if (!ac) return;
     |            ^^^^^^^
  94 |   try {
  95 |     const t = ac.currentTime;
  96 |     const freq = NOTES[index] ?? NOTES[2];

Parsing ecmascript source code failed

Import traces:
  Client Component Browser:
    ./lib/keySound.ts [Client Component Browser]
    ./components/layout/Navbar.tsx [Client Component Browser]
    ./components/layout/Navbar.tsx [Server Component]
    ./app/page.tsx [Server Component]

  Client Component SSR:
    ./lib/keySound.ts [Client Component SSR]
    ./components/layout/Navbar.tsx [Client Component SSR]
    ./components/layout/Navbar.tsx [Server Component]
    ./app/page.tsx [Server Component] @ http://localhost:3000/_next/static/chunks/node_modules_next_dist_1e8vcs8._.js:1052
[  187715ms] [ERROR] ./lib/keySound.ts:93:12
Error: Return statement is not allowed here
  91 | }
  92 |   const ac = getContext();
> 93 |   if (!ac) return;
     |            ^^^^^^^
  94 |   try {
  95 |     const t = ac.currentTime;
  96 |     const freq = NOTES[index] ?? NOTES[2];

Parsing ecmascript source code failed

Import traces:
  Client Component Browser:
    ./lib/keySound.ts [Client Component Browser]
    ./components/layout/Navbar.tsx [Client Component Browser]
    ./components/layout/Navbar.tsx [Server Component]
    ./app/page.tsx [Server Component]

  Client Component SSR:
    ./lib/keySound.ts [Client Component SSR]
    ./components/layout/Navbar.tsx [Client Component SSR]
    ./components/layout/Navbar.tsx [Server Component]
    ./app/page.tsx [Server Component] @ http://localhost:3000/_next/static/chunks/node_modules_next_dist_1e8vcs8._.js:1052
[  187773ms] [ERROR] ./lib/keySound.ts:93:12
Error: Return statement is not allowed here
  91 | }
  92 |   const ac = getContext();
> 93 |   if (!ac) return;
     |            ^^^^^^^
  94 |   try {
  95 |     const t = ac.currentTime;
  96 |     const freq = NOTES[index] ?? NOTES[2];

Parsing ecmascript source code failed

Import traces:
  Client Component Browser:
    ./lib/keySound.ts [Client Component Browser]
    ./components/layout/Navbar.tsx [Client Component Browser]
    ./components/layout/Navbar.tsx [Server Component]
    ./app/page.tsx [Server Component]

  Client Component SSR:
    ./lib/keySound.ts [Client Component SSR]
    ./components/layout/Navbar.tsx [Client Component SSR]
    ./components/layout/Navbar.tsx [Server Component]
    ./app/page.tsx [Server Component] @ http://localhost:3000/_next/static/chunks/node_modules_next_dist_1e8vcs8._.js:1052
[  187826ms] [ERROR] ./lib/keySound.ts:93:12
Error: Return statement is not allowed here
  91 | }
  92 |   const ac = getContext();
> 93 |   if (!ac) return;
     |            ^^^^^^^
  94 |   try {
  95 |     const t = ac.currentTime;
  96 |     const freq = NOTES[index] ?? NOTES[2];

Parsing ecmascript source code failed

Import traces:
  Client Component Browser:
    ./lib/keySound.ts [Client Component Browser]
    ./components/layout/Navbar.tsx [Client Component Browser]
    ./components/layout/Navbar.tsx [Server Component]
    ./app/page.tsx [Server Component]

  Client Component SSR:
    ./lib/keySound.ts [Client Component SSR]
    ./components/layout/Navbar.tsx [Client Component SSR]
    ./components/layout/Navbar.tsx [Server Component]
    ./app/page.tsx [Server Component] @ http://localhost:3000/_next/static/chunks/node_modules_next_dist_1e8vcs8._.js:1052
[  187886ms] [ERROR] ./lib/keySound.ts:93:12
Error: Return statement is not allowed here
  91 | }
  92 |   const ac = getContext();
> 93 |   if (!ac) return;
     |            ^^^^^^^
  94 |   try {
  95 |     const t = ac.currentTime;
  96 |     const freq = NOTES[index] ?? NOTES[2];

Parsing ecmascript source code failed

Import traces:
  Client Component Browser:
    ./lib/keySound.ts [Client Component Browser]
    ./components/layout/Navbar.tsx [Client Component Browser]
    ./components/layout/Navbar.tsx [Server Component]
    ./app/page.tsx [Server Component]

  Client Component SSR:
    ./lib/keySound.ts [Client Component SSR]
    ./components/layout/Navbar.tsx [Client Component SSR]
    ./components/layout/Navbar.tsx [Server Component]
    ./app/page.tsx [Server Component] @ http://localhost:3000/_next/static/chunks/node_modules_next_dist_1e8vcs8._.js:1052
[  187949ms] [ERROR] ./lib/keySound.ts:93:12
Error: Return statement is not allowed here
  91 | }
  92 |   const ac = getContext();
> 93 |   if (!ac) return;
     |            ^^^^^^^
  94 |   try {
  95 |     const t = ac.currentTime;
  96 |     const freq = NOTES[index] ?? NOTES[2];

Parsing ecmascript source code failed

Import traces:
  Client Component Browser:
    ./lib/keySound.ts [Client Component Browser]
    ./components/layout/Navbar.tsx [Client Component Browser]
    ./components/layout/Navbar.tsx [Server Component]
    ./app/page.tsx [Server Component]

  Client Component SSR:
    ./lib/keySound.ts [Client Component SSR]
    ./components/layout/Navbar.tsx [Client Component SSR]
    ./components/layout/Navbar.tsx [Server Component]
    ./app/page.tsx [Server Component] @ http://localhost:3000/_next/static/chunks/node_modules_next_dist_1e8vcs8._.js:1052
[  188007ms] [ERROR] ./lib/keySound.ts:93:12
Error: Return statement is not allowed here
  91 | }
  92 |   const ac = getContext();
> 93 |   if (!ac) return;
     |            ^^^^^^^
  94 |   try {
  95 |     const t = ac.currentTime;
  96 |     const freq = NOTES[index] ?? NOTES[2];

Parsing ecmascript source code failed

Import traces:
  Client Component Browser:
    ./lib/keySound.ts [Client Component Browser]
    ./components/layout/Navbar.tsx [Client Component Browser]
    ./components/layout/Navbar.tsx [Server Component]
    ./app/page.tsx [Server Component]

  Client Component SSR:
    ./lib/keySound.ts [Client Component SSR]
    ./components/layout/Navbar.tsx [Client Component SSR]
    ./components/layout/Navbar.tsx [Server Component]
    ./app/page.tsx [Server Component] @ http://localhost:3000/_next/static/chunks/node_modules_next_dist_1e8vcs8._.js:1052
[  188060ms] [ERROR] ./lib/keySound.ts:93:12
Error: Return statement is not allowed here
  91 | }
  92 |   const ac = getContext();
> 93 |   if (!ac) return;
     |            ^^^^^^^
  94 |   try {
  95 |     const t = ac.currentTime;
  96 |     const freq = NOTES[index] ?? NOTES[2];

Parsing ecmascript source code failed

Import traces:
  Client Component Browser:
    ./lib/keySound.ts [Client Component Browser]
    ./components/layout/Navbar.tsx [Client Component Browser]
    ./components/layout/Navbar.tsx [Server Component]
    ./app/page.tsx [Server Component]

  Client Component SSR:
    ./lib/keySound.ts [Client Component SSR]
    ./components/layout/Navbar.tsx [Client Component SSR]
    ./components/layout/Navbar.tsx [Server Component]
    ./app/page.tsx [Server Component] @ http://localhost:3000/_next/static/chunks/node_modules_next_dist_1e8vcs8._.js:1052
[  188130ms] [ERROR] ./lib/keySound.ts:93:12
Error: Return statement is not allowed here
  91 | }
  92 |   const ac = getContext();
> 93 |   if (!ac) return;
     |            ^^^^^^^
  94 |   try {
  95 |     const t = ac.currentTime;
  96 |     const freq = NOTES[index] ?? NOTES[2];

Parsing ecmascript source code failed

Import traces:
  Client Component Browser:
    ./lib/keySound.ts [Client Component Browser]
    ./components/layout/Navbar.tsx [Client Component Browser]
    ./components/layout/Navbar.tsx [Server Component]
    ./app/page.tsx [Server Component]

  Client Component SSR:
    ./lib/keySound.ts [Client Component SSR]
    ./components/layout/Navbar.tsx [Client Component SSR]
    ./components/layout/Navbar.tsx [Server Component]
    ./app/page.tsx [Server Component] @ http://localhost:3000/_next/static/chunks/node_modules_next_dist_1e8vcs8._.js:1052
[  188179ms] [ERROR] ./lib/keySound.ts:93:12
Error: Return statement is not allowed here
  91 | }
  92 |   const ac = getContext();
> 93 |   if (!ac) return;
     |            ^^^^^^^
  94 |   try {
  95 |     const t = ac.currentTime;
  96 |     const freq = NOTES[index] ?? NOTES[2];

Parsing ecmascript source code failed

Import traces:
  Client Component Browser:
    ./lib/keySound.ts [Client Component Browser]
    ./components/layout/Navbar.tsx [Client Component Browser]
    ./components/layout/Navbar.tsx [Server Component]
    ./app/page.tsx [Server Component]

  Client Component SSR:
    ./lib/keySound.ts [Client Component SSR]
    ./components/layout/Navbar.tsx [Client Component SSR]
    ./components/layout/Navbar.tsx [Server Component]
    ./app/page.tsx [Server Component] @ http://localhost:3000/_next/static/chunks/node_modules_next_dist_1e8vcs8._.js:1052
[  188244ms] [ERROR] ./lib/keySound.ts:93:12
Error: Return statement is not allowed here
  91 | }
  92 |   const ac = getContext();
> 93 |   if (!ac) return;
     |            ^^^^^^^
  94 |   try {
  95 |     const t = ac.currentTime;
  96 |     const freq = NOTES[index] ?? NOTES[2];

Parsing ecmascript source code failed

Import traces:
  Client Component Browser:
    ./lib/keySound.ts [Client Component Browser]
    ./components/layout/Navbar.tsx [Client Component Browser]
    ./components/layout/Navbar.tsx [Server Component]
    ./app/page.tsx [Server Component]

  Client Component SSR:
    ./lib/keySound.ts [Client Component SSR]
    ./components/layout/Navbar.tsx [Client Component SSR]
    ./components/layout/Navbar.tsx [Server Component]
    ./app/page.tsx [Server Component] @ http://localhost:3000/_next/static/chunks/node_modules_next_dist_1e8vcs8._.js:1052
[  188294ms] [ERROR] ./lib/keySound.ts:93:12
Error: Return statement is not allowed here
  91 | }
  92 |   const ac = getContext();
> 93 |   if (!ac) return;
     |            ^^^^^^^
  94 |   try {
  95 |     const t = ac.currentTime;
  96 |     const freq = NOTES[index] ?? NOTES[2];

Parsing ecmascript source code failed

Import traces:
  Client Component Browser:
    ./lib/keySound.ts [Client Component Browser]
    ./components/layout/Navbar.tsx [Client Component Browser]
    ./components/layout/Navbar.tsx [Server Component]
    ./app/page.tsx [Server Component]

  Client Component SSR:
    ./lib/keySound.ts [Client Component SSR]
    ./components/layout/Navbar.tsx [Client Component SSR]
    ./components/layout/Navbar.tsx [Server Component]
    ./app/page.tsx [Server Component] @ http://localhost:3000/_next/static/chunks/node_modules_next_dist_1e8vcs8._.js:1052
[  188341ms] [ERROR] ./lib/keySound.ts:93:12
Error: Return statement is not allowed here
  91 | }
  92 |   const ac = getContext();
> 93 |   if (!ac) return;
     |            ^^^^^^^
  94 |   try {
  95 |     const t = ac.currentTime;
  96 |     const freq = NOTES[index] ?? NOTES[2];

Parsing ecmascript source code failed

Import traces:
  Client Component Browser:
    ./lib/keySound.ts [Client Component Browser]
    ./components/layout/Navbar.tsx [Client Component Browser]
    ./components/layout/Navbar.tsx [Server Component]
    ./app/page.tsx [Server Component]

  Client Component SSR:
    ./lib/keySound.ts [Client Component SSR]
    ./components/layout/Navbar.tsx [Client Component SSR]
    ./components/layout/Navbar.tsx [Server Component]
    ./app/page.tsx [Server Component] @ http://localhost:3000/_next/static/chunks/node_modules_next_dist_1e8vcs8._.js:1052
[  188398ms] [ERROR] ./lib/keySound.ts:93:12
Error: Return statement is not allowed here
  91 | }
  92 |   const ac = getContext();
> 93 |   if (!ac) return;
     |            ^^^^^^^
  94 |   try {
  95 |     const t = ac.currentTime;
  96 |     const freq = NOTES[index] ?? NOTES[2];

Parsing ecmascript source code failed

Import traces:
  Client Component Browser:
    ./lib/keySound.ts [Client Component Browser]
    ./components/layout/Navbar.tsx [Client Component Browser]
    ./components/layout/Navbar.tsx [Server Component]
    ./app/page.tsx [Server Component]

  Client Component SSR:
    ./lib/keySound.ts [Client Component SSR]
    ./components/layout/Navbar.tsx [Client Component SSR]
    ./components/layout/Navbar.tsx [Server Component]
    ./app/page.tsx [Server Component] @ http://localhost:3000/_next/static/chunks/node_modules_next_dist_1e8vcs8._.js:1052
[  188463ms] [ERROR] ./lib/keySound.ts:93:12
Error: Return statement is not allowed here
  91 | }
  92 |   const ac = getContext();
> 93 |   if (!ac) return;
     |            ^^^^^^^
  94 |   try {
  95 |     const t = ac.currentTime;
  96 |     const freq = NOTES[index] ?? NOTES[2];

Parsing ecmascript source code failed

Import traces:
  Client Component Browser:
    ./lib/keySound.ts [Client Component Browser]
    ./components/layout/Navbar.tsx [Client Component Browser]
    ./components/layout/Navbar.tsx [Server Component]
    ./app/page.tsx [Server Component]

  Client Component SSR:
    ./lib/keySound.ts [Client Component SSR]
    ./components/layout/Navbar.tsx [Client Component SSR]
    ./components/layout/Navbar.tsx [Server Component]
    ./app/page.tsx [Server Component] @ http://localhost:3000/_next/static/chunks/node_modules_next_dist_1e8vcs8._.js:1052
[  188513ms] [ERROR] ./lib/keySound.ts:93:12
Error: Return statement is not allowed here
  91 | }
  92 |   const ac = getContext();
> 93 |   if (!ac) return;
     |            ^^^^^^^
  94 |   try {
  95 |     const t = ac.currentTime;
  96 |     const freq = NOTES[index] ?? NOTES[2];

Parsing ecmascript source code failed

Import traces:
  Client Component Browser:
    ./lib/keySound.ts [Client Component Browser]
    ./components/layout/Navbar.tsx [Client Component Browser]
    ./components/layout/Navbar.tsx [Server Component]
    ./app/page.tsx [Server Component]

  Client Component SSR:
    ./lib/keySound.ts [Client Component SSR]
    ./components/layout/Navbar.tsx [Client Component SSR]
    ./components/layout/Navbar.tsx [Server Component]
    ./app/page.tsx [Server Component] @ http://localhost:3000/_next/static/chunks/node_modules_next_dist_1e8vcs8._.js:1052
[  188573ms] [ERROR] ./lib/keySound.ts:93:12
Error: Return statement is not allowed here
  91 | }
  92 |   const ac = getContext();
> 93 |   if (!ac) return;
     |            ^^^^^^^
  94 |   try {
  95 |     const t = ac.currentTime;
  96 |     const freq = NOTES[index] ?? NOTES[2];

Parsing ecmascript source code failed

Import traces:
  Client Component Browser:
    ./lib/keySound.ts [Client Component Browser]
    ./components/layout/Navbar.tsx [Client Component Browser]
    ./components/layout/Navbar.tsx [Server Component]
    ./app/page.tsx [Server Component]

  Client Component SSR:
    ./lib/keySound.ts [Client Component SSR]
    ./components/layout/Navbar.tsx [Client Component SSR]
    ./components/layout/Navbar.tsx [Server Component]
    ./app/page.tsx [Server Component] @ http://localhost:3000/_next/static/chunks/node_modules_next_dist_1e8vcs8._.js:1052
[  188617ms] [ERROR] ./lib/keySound.ts:93:12
Error: Return statement is not allowed here
  91 | }
  92 |   const ac = getContext();
> 93 |   if (!ac) return;
     |            ^^^^^^^
  94 |   try {
  95 |     const t = ac.currentTime;
  96 |     const freq = NOTES[index] ?? NOTES[2];

Parsing ecmascript source code failed

Import traces:
  Client Component Browser:
    ./lib/keySound.ts [Client Component Browser]
    ./components/layout/Navbar.tsx [Client Component Browser]
    ./components/layout/Navbar.tsx [Server Component]
    ./app/page.tsx [Server Component]

  Client Component SSR:
    ./lib/keySound.ts [Client Component SSR]
    ./components/layout/Navbar.tsx [Client Component SSR]
    ./components/layout/Navbar.tsx [Server Component]
    ./app/page.tsx [Server Component] @ http://localhost:3000/_next/static/chunks/node_modules_next_dist_1e8vcs8._.js:1052
[  188680ms] [ERROR] ./lib/keySound.ts:93:12
Error: Return statement is not allowed here
  91 | }
  92 |   const ac = getContext();
> 93 |   if (!ac) return;
     |            ^^^^^^^
  94 |   try {
  95 |     const t = ac.currentTime;
  96 |     const freq = NOTES[index] ?? NOTES[2];

Parsing ecmascript source code failed

Import traces:
  Client Component Browser:
    ./lib/keySound.ts [Client Component Browser]
    ./components/layout/Navbar.tsx [Client Component Browser]
    ./components/layout/Navbar.tsx [Server Component]
    ./app/page.tsx [Server Component]

  Client Component SSR:
    ./lib/keySound.ts [Client Component SSR]
    ./components/layout/Navbar.tsx [Client Component SSR]
    ./components/layout/Navbar.tsx [Server Component]
    ./app/page.tsx [Server Component] @ http://localhost:3000/_next/static/chunks/node_modules_next_dist_1e8vcs8._.js:1052
[  188744ms] [ERROR] ./lib/keySound.ts:93:12
Error: Return statement is not allowed here
  91 | }
  92 |   const ac = getContext();
> 93 |   if (!ac) return;
     |            ^^^^^^^
  94 |   try {
  95 |     const t = ac.currentTime;
  96 |     const freq = NOTES[index] ?? NOTES[2];

Parsing ecmascript source code failed

Import traces:
  Client Component Browser:
    ./lib/keySound.ts [Client Component Browser]
    ./components/layout/Navbar.tsx [Client Component Browser]
    ./components/layout/Navbar.tsx [Server Component]
    ./app/page.tsx [Server Component]

  Client Component SSR:
    ./lib/keySound.ts [Client Component SSR]
    ./components/layout/Navbar.tsx [Client Component SSR]
    ./components/layout/Navbar.tsx [Server Component]
    ./app/page.tsx [Server Component] @ http://localhost:3000/_next/static/chunks/node_modules_next_dist_1e8vcs8._.js:1052
[  188801ms] [ERROR] ./lib/keySound.ts:93:12
Error: Return statement is not allowed here
  91 | }
  92 |   const ac = getContext();
> 93 |   if (!ac) return;
     |            ^^^^^^^
  94 |   try {
  95 |     const t = ac.currentTime;
  96 |     const freq = NOTES[index] ?? NOTES[2];

Parsing ecmascript source code failed

Import traces:
  Client Component Browser:
    ./lib/keySound.ts [Client Component Browser]
    ./components/layout/Navbar.tsx [Client Component Browser]
    ./components/layout/Navbar.tsx [Server Component]
    ./app/page.tsx [Server Component]

  Client Component SSR:
    ./lib/keySound.ts [Client Component SSR]
    ./components/layout/Navbar.tsx [Client Component SSR]
    ./components/layout/Navbar.tsx [Server Component]
    ./app/page.tsx [Server Component] @ http://localhost:3000/_next/static/chunks/node_modules_next_dist_1e8vcs8._.js:1052
[  188848ms] [ERROR] ./lib/keySound.ts:93:12
Error: Return statement is not allowed here
  91 | }
  92 |   const ac = getContext();
> 93 |   if (!ac) return;
     |            ^^^^^^^
  94 |   try {
  95 |     const t = ac.currentTime;
  96 |     const freq = NOTES[index] ?? NOTES[2];

Parsing ecmascript source code failed

Import traces:
  Client Component Browser:
    ./lib/keySound.ts [Client Component Browser]
    ./components/layout/Navbar.tsx [Client Component Browser]
    ./components/layout/Navbar.tsx [Server Component]
    ./app/page.tsx [Server Component]

  Client Component SSR:
    ./lib/keySound.ts [Client Component SSR]
    ./components/layout/Navbar.tsx [Client Component SSR]
    ./components/layout/Navbar.tsx [Server Component]
    ./app/page.tsx [Server Component] @ http://localhost:3000/_next/static/chunks/node_modules_next_dist_1e8vcs8._.js:1052
[  188898ms] [ERROR] ./lib/keySound.ts:93:12
Error: Return statement is not allowed here
  91 | }
  92 |   const ac = getContext();
> 93 |   if (!ac) return;
     |            ^^^^^^^
  94 |   try {
  95 |     const t = ac.currentTime;
  96 |     const freq = NOTES[index] ?? NOTES[2];

Parsing ecmascript source code failed

Import traces:
  Client Component Browser:
    ./lib/keySound.ts [Client Component Browser]
    ./components/layout/Navbar.tsx [Client Component Browser]
    ./components/layout/Navbar.tsx [Server Component]
    ./app/page.tsx [Server Component]

  Client Component SSR:
    ./lib/keySound.ts [Client Component SSR]
    ./components/layout/Navbar.tsx [Client Component SSR]
    ./components/layout/Navbar.tsx [Server Component]
    ./app/page.tsx [Server Component] @ http://localhost:3000/_next/static/chunks/node_modules_next_dist_1e8vcs8._.js:1052
[  188960ms] [ERROR] ./lib/keySound.ts:93:12
Error: Return statement is not allowed here
  91 | }
  92 |   const ac = getContext();
> 93 |   if (!ac) return;
     |            ^^^^^^^
  94 |   try {
  95 |     const t = ac.currentTime;
  96 |     const freq = NOTES[index] ?? NOTES[2];

Parsing ecmascript source code failed

Import traces:
  Client Component Browser:
    ./lib/keySound.ts [Client Component Browser]
    ./components/layout/Navbar.tsx [Client Component Browser]
    ./components/layout/Navbar.tsx [Server Component]
    ./app/page.tsx [Server Component]

  Client Component SSR:
    ./lib/keySound.ts [Client Component SSR]
    ./components/layout/Navbar.tsx [Client Component SSR]
    ./components/layout/Navbar.tsx [Server Component]
    ./app/page.tsx [Server Component] @ http://localhost:3000/_next/static/chunks/node_modules_next_dist_1e8vcs8._.js:1052
[  189016ms] [ERROR] ./lib/keySound.ts:93:12
Error: Return statement is not allowed here
  91 | }
  92 |   const ac = getContext();
> 93 |   if (!ac) return;
     |            ^^^^^^^
  94 |   try {
  95 |     const t = ac.currentTime;
  96 |     const freq = NOTES[index] ?? NOTES[2];

Parsing ecmascript source code failed

Import traces:
  Client Component Browser:
    ./lib/keySound.ts [Client Component Browser]
    ./components/layout/Navbar.tsx [Client Component Browser]
    ./components/layout/Navbar.tsx [Server Component]
    ./app/page.tsx [Server Component]

  Client Component SSR:
    ./lib/keySound.ts [Client Component SSR]
    ./components/layout/Navbar.tsx [Client Component SSR]
    ./components/layout/Navbar.tsx [Server Component]
    ./app/page.tsx [Server Component] @ http://localhost:3000/_next/static/chunks/node_modules_next_dist_1e8vcs8._.js:1052
[  189066ms] [ERROR] ./lib/keySound.ts:93:12
Error: Return statement is not allowed here
  91 | }
  92 |   const ac = getContext();
> 93 |   if (!ac) return;
     |            ^^^^^^^
  94 |   try {
  95 |     const t = ac.currentTime;
  96 |     const freq = NOTES[index] ?? NOTES[2];

Parsing ecmascript source code failed

Import traces:
  Client Component Browser:
    ./lib/keySound.ts [Client Component Browser]
    ./components/layout/Navbar.tsx [Client Component Browser]
    ./components/layout/Navbar.tsx [Server Component]
    ./app/page.tsx [Server Component]

  Client Component SSR:
    ./lib/keySound.ts [Client Component SSR]
    ./components/layout/Navbar.tsx [Client Component SSR]
    ./components/layout/Navbar.tsx [Server Component]
    ./app/page.tsx [Server Component] @ http://localhost:3000/_next/static/chunks/node_modules_next_dist_1e8vcs8._.js:1052
[  189132ms] [ERROR] ./lib/keySound.ts:93:12
Error: Return statement is not allowed here
  91 | }
  92 |   const ac = getContext();
> 93 |   if (!ac) return;
     |            ^^^^^^^
  94 |   try {
  95 |     const t = ac.currentTime;
  96 |     const freq = NOTES[index] ?? NOTES[2];

Parsing ecmascript source code failed

Import traces:
  Client Component Browser:
    ./lib/keySound.ts [Client Component Browser]
    ./components/layout/Navbar.tsx [Client Component Browser]
    ./components/layout/Navbar.tsx [Server Component]
    ./app/page.tsx [Server Component]

  Client Component SSR:
    ./lib/keySound.ts [Client Component SSR]
    ./components/layout/Navbar.tsx [Client Component SSR]
    ./components/layout/Navbar.tsx [Server Component]
    ./app/page.tsx [Server Component] @ http://localhost:3000/_next/static/chunks/node_modules_next_dist_1e8vcs8._.js:1052
[  189196ms] [ERROR] ./lib/keySound.ts:93:12
Error: Return statement is not allowed here
  91 | }
  92 |   const ac = getContext();
> 93 |   if (!ac) return;
     |            ^^^^^^^
  94 |   try {
  95 |     const t = ac.currentTime;
  96 |     const freq = NOTES[index] ?? NOTES[2];

Parsing ecmascript source code failed

Import traces:
  Client Component Browser:
    ./lib/keySound.ts [Client Component Browser]
    ./components/layout/Navbar.tsx [Client Component Browser]
    ./components/layout/Navbar.tsx [Server Component]
    ./app/page.tsx [Server Component]

  Client Component SSR:
    ./lib/keySound.ts [Client Component SSR]
    ./components/layout/Navbar.tsx [Client Component SSR]
    ./components/layout/Navbar.tsx [Server Component]
    ./app/page.tsx [Server Component] @ http://localhost:3000/_next/static/chunks/node_modules_next_dist_1e8vcs8._.js:1052
[  189248ms] [ERROR] ./lib/keySound.ts:93:12
Error: Return statement is not allowed here
  91 | }
  92 |   const ac = getContext();
> 93 |   if (!ac) return;
     |            ^^^^^^^
  94 |   try {
  95 |     const t = ac.currentTime;
  96 |     const freq = NOTES[index] ?? NOTES[2];

Parsing ecmascript source code failed

Import traces:
  Client Component Browser:
    ./lib/keySound.ts [Client Component Browser]
    ./components/layout/Navbar.tsx [Client Component Browser]
    ./components/layout/Navbar.tsx [Server Component]
    ./app/page.tsx [Server Component]

  Client Component SSR:
    ./lib/keySound.ts [Client Component SSR]
    ./components/layout/Navbar.tsx [Client Component SSR]
    ./components/layout/Navbar.tsx [Server Component]
    ./app/page.tsx [Server Component] @ http://localhost:3000/_next/static/chunks/node_modules_next_dist_1e8vcs8._.js:1052
[  189315ms] [ERROR] ./lib/keySound.ts:93:12
Error: Return statement is not allowed here
  91 | }
  92 |   const ac = getContext();
> 93 |   if (!ac) return;
     |            ^^^^^^^
  94 |   try {
  95 |     const t = ac.currentTime;
  96 |     const freq = NOTES[index] ?? NOTES[2];

Parsing ecmascript source code failed

Import traces:
  Client Component Browser:
    ./lib/keySound.ts [Client Component Browser]
    ./components/layout/Navbar.tsx [Client Component Browser]
    ./components/layout/Navbar.tsx [Server Component]
    ./app/page.tsx [Server Component]

  Client Component SSR:
    ./lib/keySound.ts [Client Component SSR]
    ./components/layout/Navbar.tsx [Client Component SSR]
    ./components/layout/Navbar.tsx [Server Component]
    ./app/page.tsx [Server Component] @ http://localhost:3000/_next/static/chunks/node_modules_next_dist_1e8vcs8._.js:1052
[  189378ms] [ERROR] ./lib/keySound.ts:93:12
Error: Return statement is not allowed here
  91 | }
  92 |   const ac = getContext();
> 93 |   if (!ac) return;
     |            ^^^^^^^
  94 |   try {
  95 |     const t = ac.currentTime;
  96 |     const freq = NOTES[index] ?? NOTES[2];

Parsing ecmascript source code failed

Import traces:
  Client Component Browser:
    ./lib/keySound.ts [Client Component Browser]
    ./components/layout/Navbar.tsx [Client Component Browser]
    ./components/layout/Navbar.tsx [Server Component]
    ./app/page.tsx [Server Component]

  Client Component SSR:
    ./lib/keySound.ts [Client Component SSR]
    ./components/layout/Navbar.tsx [Client Component SSR]
    ./components/layout/Navbar.tsx [Server Component]
    ./app/page.tsx [Server Component] @ http://localhost:3000/_next/static/chunks/node_modules_next_dist_1e8vcs8._.js:1052
[  189427ms] [ERROR] ./lib/keySound.ts:93:12
Error: Return statement is not allowed here
  91 | }
  92 |   const ac = getContext();
> 93 |   if (!ac) return;
     |            ^^^^^^^
  94 |   try {
  95 |     const t = ac.currentTime;
  96 |     const freq = NOTES[index] ?? NOTES[2];

Parsing ecmascript source code failed

Import traces:
  Client Component Browser:
    ./lib/keySound.ts [Client Component Browser]
    ./components/layout/Navbar.tsx [Client Component Browser]
    ./components/layout/Navbar.tsx [Server Component]
    ./app/page.tsx [Server Component]

  Client Component SSR:
    ./lib/keySound.ts [Client Component SSR]
    ./components/layout/Navbar.tsx [Client Component SSR]
    ./components/layout/Navbar.tsx [Server Component]
    ./app/page.tsx [Server Component] @ http://localhost:3000/_next/static/chunks/node_modules_next_dist_1e8vcs8._.js:1052
[  189483ms] [ERROR] ./lib/keySound.ts:93:12
Error: Return statement is not allowed here
  91 | }
  92 |   const ac = getContext();
> 93 |   if (!ac) return;
     |            ^^^^^^^
  94 |   try {
  95 |     const t = ac.currentTime;
  96 |     const freq = NOTES[index] ?? NOTES[2];

Parsing ecmascript source code failed

Import traces:
  Client Component Browser:
    ./lib/keySound.ts [Client Component Browser]
    ./components/layout/Navbar.tsx [Client Component Browser]
    ./components/layout/Navbar.tsx [Server Component]
    ./app/page.tsx [Server Component]

  Client Component SSR:
    ./lib/keySound.ts [Client Component SSR]
    ./components/layout/Navbar.tsx [Client Component SSR]
    ./components/layout/Navbar.tsx [Server Component]
    ./app/page.tsx [Server Component] @ http://localhost:3000/_next/static/chunks/node_modules_next_dist_1e8vcs8._.js:1052
[  189548ms] [ERROR] ./lib/keySound.ts:93:12
Error: Return statement is not allowed here
  91 | }
  92 |   const ac = getContext();
> 93 |   if (!ac) return;
     |            ^^^^^^^
  94 |   try {
  95 |     const t = ac.currentTime;
  96 |     const freq = NOTES[index] ?? NOTES[2];

Parsing ecmascript source code failed

Import traces:
  Client Component Browser:
    ./lib/keySound.ts [Client Component Browser]
    ./components/layout/Navbar.tsx [Client Component Browser]
    ./components/layout/Navbar.tsx [Server Component]
    ./app/page.tsx [Server Component]

  Client Component SSR:
    ./lib/keySound.ts [Client Component SSR]
    ./components/layout/Navbar.tsx [Client Component SSR]
    ./components/layout/Navbar.tsx [Server Component]
    ./app/page.tsx [Server Component] @ http://localhost:3000/_next/static/chunks/node_modules_next_dist_1e8vcs8._.js:1052
[  189606ms] [ERROR] ./lib/keySound.ts:93:12
Error: Return statement is not allowed here
  91 | }
  92 |   const ac = getContext();
> 93 |   if (!ac) return;
     |            ^^^^^^^
  94 |   try {
  95 |     const t = ac.currentTime;
  96 |     const freq = NOTES[index] ?? NOTES[2];

Parsing ecmascript source code failed

Import traces:
  Client Component Browser:
    ./lib/keySound.ts [Client Component Browser]
    ./components/layout/Navbar.tsx [Client Component Browser]
    ./components/layout/Navbar.tsx [Server Component]
    ./app/page.tsx [Server Component]

  Client Component SSR:
    ./lib/keySound.ts [Client Component SSR]
    ./components/layout/Navbar.tsx [Client Component SSR]
    ./components/layout/Navbar.tsx [Server Component]
    ./app/page.tsx [Server Component] @ http://localhost:3000/_next/static/chunks/node_modules_next_dist_1e8vcs8._.js:1052
[  189657ms] [ERROR] ./lib/keySound.ts:93:12
Error: Return statement is not allowed here
  91 | }
  92 |   const ac = getContext();
> 93 |   if (!ac) return;
     |            ^^^^^^^
  94 |   try {
  95 |     const t = ac.currentTime;
  96 |     const freq = NOTES[index] ?? NOTES[2];

Parsing ecmascript source code failed

Import traces:
  Client Component Browser:
    ./lib/keySound.ts [Client Component Browser]
    ./components/layout/Navbar.tsx [Client Component Browser]
    ./components/layout/Navbar.tsx [Server Component]
    ./app/page.tsx [Server Component]

  Client Component SSR:
    ./lib/keySound.ts [Client Component SSR]
    ./components/layout/Navbar.tsx [Client Component SSR]
    ./components/layout/Navbar.tsx [Server Component]
    ./app/page.tsx [Server Component] @ http://localhost:3000/_next/static/chunks/node_modules_next_dist_1e8vcs8._.js:1052
[  189709ms] [ERROR] ./lib/keySound.ts:93:12
Error: Return statement is not allowed here
  91 | }
  92 |   const ac = getContext();
> 93 |   if (!ac) return;
     |            ^^^^^^^
  94 |   try {
  95 |     const t = ac.currentTime;
  96 |     const freq = NOTES[index] ?? NOTES[2];

Parsing ecmascript source code failed

Import traces:
  Client Component Browser:
    ./lib/keySound.ts [Client Component Browser]
    ./components/layout/Navbar.tsx [Client Component Browser]
    ./components/layout/Navbar.tsx [Server Component]
    ./app/page.tsx [Server Component]

  Client Component SSR:
    ./lib/keySound.ts [Client Component SSR]
    ./components/layout/Navbar.tsx [Client Component SSR]
    ./components/layout/Navbar.tsx [Server Component]
    ./app/page.tsx [Server Component] @ http://localhost:3000/_next/static/chunks/node_modules_next_dist_1e8vcs8._.js:1052
[  189765ms] [ERROR] ./lib/keySound.ts:93:12
Error: Return statement is not allowed here
  91 | }
  92 |   const ac = getContext();
> 93 |   if (!ac) return;
     |            ^^^^^^^
  94 |   try {
  95 |     const t = ac.currentTime;
  96 |     const freq = NOTES[index] ?? NOTES[2];

Parsing ecmascript source code failed

Import traces:
  Client Component Browser:
    ./lib/keySound.ts [Client Component Browser]
    ./components/layout/Navbar.tsx [Client Component Browser]
    ./components/layout/Navbar.tsx [Server Component]
    ./app/page.tsx [Server Component]

  Client Component SSR:
    ./lib/keySound.ts [Client Component SSR]
    ./components/layout/Navbar.tsx [Client Component SSR]
    ./components/layout/Navbar.tsx [Server Component]
    ./app/page.tsx [Server Component] @ http://localhost:3000/_next/static/chunks/node_modules_next_dist_1e8vcs8._.js:1052
[  189810ms] [ERROR] ./lib/keySound.ts:93:12
Error: Return statement is not allowed here
  91 | }
  92 |   const ac = getContext();
> 93 |   if (!ac) return;
     |            ^^^^^^^
  94 |   try {
  95 |     const t = ac.currentTime;
  96 |     const freq = NOTES[index] ?? NOTES[2];

Parsing ecmascript source code failed

Import traces:
  Client Component Browser:
    ./lib/keySound.ts [Client Component Browser]
    ./components/layout/Navbar.tsx [Client Component Browser]
    ./components/layout/Navbar.tsx [Server Component]
    ./app/page.tsx [Server Component]

  Client Component SSR:
    ./lib/keySound.ts [Client Component SSR]
    ./components/layout/Navbar.tsx [Client Component SSR]
    ./components/layout/Navbar.tsx [Server Component]
    ./app/page.tsx [Server Component] @ http://localhost:3000/_next/static/chunks/node_modules_next_dist_1e8vcs8._.js:1052
[  189865ms] [ERROR] ./lib/keySound.ts:93:12
Error: Return statement is not allowed here
  91 | }
  92 |   const ac = getContext();
> 93 |   if (!ac) return;
     |            ^^^^^^^
  94 |   try {
  95 |     const t = ac.currentTime;
  96 |     const freq = NOTES[index] ?? NOTES[2];

Parsing ecmascript source code failed

Import traces:
  Client Component Browser:
    ./lib/keySound.ts [Client Component Browser]
    ./components/layout/Navbar.tsx [Client Component Browser]
    ./components/layout/Navbar.tsx [Server Component]
    ./app/page.tsx [Server Component]

  Client Component SSR:
    ./lib/keySound.ts [Client Component SSR]
    ./components/layout/Navbar.tsx [Client Component SSR]
    ./components/layout/Navbar.tsx [Server Component]
    ./app/page.tsx [Server Component] @ http://localhost:3000/_next/static/chunks/node_modules_next_dist_1e8vcs8._.js:1052
[  189931ms] [ERROR] ./lib/keySound.ts:93:12
Error: Return statement is not allowed here
  91 | }
  92 |   const ac = getContext();
> 93 |   if (!ac) return;
     |            ^^^^^^^
  94 |   try {
  95 |     const t = ac.currentTime;
  96 |     const freq = NOTES[index] ?? NOTES[2];

Parsing ecmascript source code failed

Import traces:
  Client Component Browser:
    ./lib/keySound.ts [Client Component Browser]
    ./components/layout/Navbar.tsx [Client Component Browser]
    ./components/layout/Navbar.tsx [Server Component]
    ./app/page.tsx [Server Component]

  Client Component SSR:
    ./lib/keySound.ts [Client Component SSR]
    ./components/layout/Navbar.tsx [Client Component SSR]
    ./components/layout/Navbar.tsx [Server Component]
    ./app/page.tsx [Server Component] @ http://localhost:3000/_next/static/chunks/node_modules_next_dist_1e8vcs8._.js:1052
[  189996ms] [ERROR] ./lib/keySound.ts:93:12
Error: Return statement is not allowed here
  91 | }
  92 |   const ac = getContext();
> 93 |   if (!ac) return;
     |            ^^^^^^^
  94 |   try {
  95 |     const t = ac.currentTime;
  96 |     const freq = NOTES[index] ?? NOTES[2];

Parsing ecmascript source code failed

Import traces:
  Client Component Browser:
    ./lib/keySound.ts [Client Component Browser]
    ./components/layout/Navbar.tsx [Client Component Browser]
    ./components/layout/Navbar.tsx [Server Component]
    ./app/page.tsx [Server Component]

  Client Component SSR:
    ./lib/keySound.ts [Client Component SSR]
    ./components/layout/Navbar.tsx [Client Component SSR]
    ./components/layout/Navbar.tsx [Server Component]
    ./app/page.tsx [Server Component] @ http://localhost:3000/_next/static/chunks/node_modules_next_dist_1e8vcs8._.js:1052
[  190054ms] [ERROR] ./lib/keySound.ts:93:12
Error: Return statement is not allowed here
  91 | }
  92 |   const ac = getContext();
> 93 |   if (!ac) return;
     |            ^^^^^^^
  94 |   try {
  95 |     const t = ac.currentTime;
  96 |     const freq = NOTES[index] ?? NOTES[2];

Parsing ecmascript source code failed

Import traces:
  Client Component Browser:
    ./lib/keySound.ts [Client Component Browser]
    ./components/layout/Navbar.tsx [Client Component Browser]
    ./components/layout/Navbar.tsx [Server Component]
    ./app/page.tsx [Server Component]

  Client Component SSR:
    ./lib/keySound.ts [Client Component SSR]
    ./components/layout/Navbar.tsx [Client Component SSR]
    ./components/layout/Navbar.tsx [Server Component]
    ./app/page.tsx [Server Component] @ http://localhost:3000/_next/static/chunks/node_modules_next_dist_1e8vcs8._.js:1052
[  190102ms] [ERROR] ./lib/keySound.ts:93:12
Error: Return statement is not allowed here
  91 | }
  92 |   const ac = getContext();
> 93 |   if (!ac) return;
     |            ^^^^^^^
  94 |   try {
  95 |     const t = ac.currentTime;
  96 |     const freq = NOTES[index] ?? NOTES[2];

Parsing ecmascript source code failed

Import traces:
  Client Component Browser:
    ./lib/keySound.ts [Client Component Browser]
    ./components/layout/Navbar.tsx [Client Component Browser]
    ./components/layout/Navbar.tsx [Server Component]
    ./app/page.tsx [Server Component]

  Client Component SSR:
    ./lib/keySound.ts [Client Component SSR]
    ./components/layout/Navbar.tsx [Client Component SSR]
    ./components/layout/Navbar.tsx [Server Component]
    ./app/page.tsx [Server Component] @ http://localhost:3000/_next/static/chunks/node_modules_next_dist_1e8vcs8._.js:1052
[  190163ms] [ERROR] ./lib/keySound.ts:93:12
Error: Return statement is not allowed here
  91 | }
  92 |   const ac = getContext();
> 93 |   if (!ac) return;
     |            ^^^^^^^
  94 |   try {
  95 |     const t = ac.currentTime;
  96 |     const freq = NOTES[index] ?? NOTES[2];

Parsing ecmascript source code failed

Import traces:
  Client Component Browser:
    ./lib/keySound.ts [Client Component Browser]
    ./components/layout/Navbar.tsx [Client Component Browser]
    ./components/layout/Navbar.tsx [Server Component]
    ./app/page.tsx [Server Component]

  Client Component SSR:
    ./lib/keySound.ts [Client Component SSR]
    ./components/layout/Navbar.tsx [Client Component SSR]
    ./components/layout/Navbar.tsx [Server Component]
    ./app/page.tsx [Server Component] @ http://localhost:3000/_next/static/chunks/node_modules_next_dist_1e8vcs8._.js:1052
[  190222ms] [ERROR] ./lib/keySound.ts:93:12
Error: Return statement is not allowed here
  91 | }
  92 |   const ac = getContext();
> 93 |   if (!ac) return;
     |            ^^^^^^^
  94 |   try {
  95 |     const t = ac.currentTime;
  96 |     const freq = NOTES[index] ?? NOTES[2];

Parsing ecmascript source code failed

Import traces:
  Client Component Browser:
    ./lib/keySound.ts [Client Component Browser]
    ./components/layout/Navbar.tsx [Client Component Browser]
    ./components/layout/Navbar.tsx [Server Component]
    ./app/page.tsx [Server Component]

  Client Component SSR:
    ./lib/keySound.ts [Client Component SSR]
    ./components/layout/Navbar.tsx [Client Component SSR]
    ./components/layout/Navbar.tsx [Server Component]
    ./app/page.tsx [Server Component] @ http://localhost:3000/_next/static/chunks/node_modules_next_dist_1e8vcs8._.js:1052
[  190275ms] [ERROR] ./lib/keySound.ts:93:12
Error: Return statement is not allowed here
  91 | }
  92 |   const ac = getContext();
> 93 |   if (!ac) return;
     |            ^^^^^^^
  94 |   try {
  95 |     const t = ac.currentTime;
  96 |     const freq = NOTES[index] ?? NOTES[2];

Parsing ecmascript source code failed

Import traces:
  Client Component Browser:
    ./lib/keySound.ts [Client Component Browser]
    ./components/layout/Navbar.tsx [Client Component Browser]
    ./components/layout/Navbar.tsx [Server Component]
    ./app/page.tsx [Server Component]

  Client Component SSR:
    ./lib/keySound.ts [Client Component SSR]
    ./components/layout/Navbar.tsx [Client Component SSR]
    ./components/layout/Navbar.tsx [Server Component]
    ./app/page.tsx [Server Component] @ http://localhost:3000/_next/static/chunks/node_modules_next_dist_1e8vcs8._.js:1052
[  190332ms] [ERROR] ./lib/keySound.ts:93:12
Error: Return statement is not allowed here
  91 | }
  92 |   const ac = getContext();
> 93 |   if (!ac) return;
     |            ^^^^^^^
  94 |   try {
  95 |     const t = ac.currentTime;
  96 |     const freq = NOTES[index] ?? NOTES[2];

Parsing ecmascript source code failed

Import traces:
  Client Component Browser:
    ./lib/keySound.ts [Client Component Browser]
    ./components/layout/Navbar.tsx [Client Component Browser]
    ./components/layout/Navbar.tsx [Server Component]
    ./app/page.tsx [Server Component]

  Client Component SSR:
    ./lib/keySound.ts [Client Component SSR]
    ./components/layout/Navbar.tsx [Client Component SSR]
    ./components/layout/Navbar.tsx [Server Component]
    ./app/page.tsx [Server Component] @ http://localhost:3000/_next/static/chunks/node_modules_next_dist_1e8vcs8._.js:1052
[  190397ms] [ERROR] ./lib/keySound.ts:93:12
Error: Return statement is not allowed here
  91 | }
  92 |   const ac = getContext();
> 93 |   if (!ac) return;
     |            ^^^^^^^
  94 |   try {
  95 |     const t = ac.currentTime;
  96 |     const freq = NOTES[index] ?? NOTES[2];

Parsing ecmascript source code failed

Import traces:
  Client Component Browser:
    ./lib/keySound.ts [Client Component Browser]
    ./components/layout/Navbar.tsx [Client Component Browser]
    ./components/layout/Navbar.tsx [Server Component]
    ./app/page.tsx [Server Component]

  Client Component SSR:
    ./lib/keySound.ts [Client Component SSR]
    ./components/layout/Navbar.tsx [Client Component SSR]
    ./components/layout/Navbar.tsx [Server Component]
    ./app/page.tsx [Server Component] @ http://localhost:3000/_next/static/chunks/node_modules_next_dist_1e8vcs8._.js:1052
[  190457ms] [ERROR] ./lib/keySound.ts:93:12
Error: Return statement is not allowed here
  91 | }
  92 |   const ac = getContext();
> 93 |   if (!ac) return;
     |            ^^^^^^^
  94 |   try {
  95 |     const t = ac.currentTime;
  96 |     const freq = NOTES[index] ?? NOTES[2];

Parsing ecmascript source code failed

Import traces:
  Client Component Browser:
    ./lib/keySound.ts [Client Component Browser]
    ./components/layout/Navbar.tsx [Client Component Browser]
    ./components/layout/Navbar.tsx [Server Component]
    ./app/page.tsx [Server Component]

  Client Component SSR:
    ./lib/keySound.ts [Client Component SSR]
    ./components/layout/Navbar.tsx [Client Component SSR]
    ./components/layout/Navbar.tsx [Server Component]
    ./app/page.tsx [Server Component] @ http://localhost:3000/_next/static/chunks/node_modules_next_dist_1e8vcs8._.js:1052
[  190513ms] [ERROR] ./lib/keySound.ts:93:12
Error: Return statement is not allowed here
  91 | }
  92 |   const ac = getContext();
> 93 |   if (!ac) return;
     |            ^^^^^^^
  94 |   try {
  95 |     const t = ac.currentTime;
  96 |     const freq = NOTES[index] ?? NOTES[2];

Parsing ecmascript source code failed

Import traces:
  Client Component Browser:
    ./lib/keySound.ts [Client Component Browser]
    ./components/layout/Navbar.tsx [Client Component Browser]
    ./components/layout/Navbar.tsx [Server Component]
    ./app/page.tsx [Server Component]

  Client Component SSR:
    ./lib/keySound.ts [Client Component SSR]
    ./components/layout/Navbar.tsx [Client Component SSR]
    ./components/layout/Navbar.tsx [Server Component]
    ./app/page.tsx [Server Component] @ http://localhost:3000/_next/static/chunks/node_modules_next_dist_1e8vcs8._.js:1052
[  190573ms] [ERROR] ./lib/keySound.ts:93:12
Error: Return statement is not allowed here
  91 | }
  92 |   const ac = getContext();
> 93 |   if (!ac) return;
     |            ^^^^^^^
  94 |   try {
  95 |     const t = ac.currentTime;
  96 |     const freq = NOTES[index] ?? NOTES[2];

Parsing ecmascript source code failed

Import traces:
  Client Component Browser:
    ./lib/keySound.ts [Client Component Browser]
    ./components/layout/Navbar.tsx [Client Component Browser]
    ./components/layout/Navbar.tsx [Server Component]
    ./app/page.tsx [Server Component]

  Client Component SSR:
    ./lib/keySound.ts [Client Component SSR]
    ./components/layout/Navbar.tsx [Client Component SSR]
    ./components/layout/Navbar.tsx [Server Component]
    ./app/page.tsx [Server Component] @ http://localhost:3000/_next/static/chunks/node_modules_next_dist_1e8vcs8._.js:1052
[  190623ms] [ERROR] ./lib/keySound.ts:93:12
Error: Return statement is not allowed here
  91 | }
  92 |   const ac = getContext();
> 93 |   if (!ac) return;
     |            ^^^^^^^
  94 |   try {
  95 |     const t = ac.currentTime;
  96 |     const freq = NOTES[index] ?? NOTES[2];

Parsing ecmascript source code failed

Import traces:
  Client Component Browser:
    ./lib/keySound.ts [Client Component Browser]
    ./components/layout/Navbar.tsx [Client Component Browser]
    ./components/layout/Navbar.tsx [Server Component]
    ./app/page.tsx [Server Component]

  Client Component SSR:
    ./lib/keySound.ts [Client Component SSR]
    ./components/layout/Navbar.tsx [Client Component SSR]
    ./components/layout/Navbar.tsx [Server Component]
    ./app/page.tsx [Server Component] @ http://localhost:3000/_next/static/chunks/node_modules_next_dist_1e8vcs8._.js:1052
[  190683ms] [ERROR] ./lib/keySound.ts:93:12
Error: Return statement is not allowed here
  91 | }
  92 |   const ac = getContext();
> 93 |   if (!ac) return;
     |            ^^^^^^^
  94 |   try {
  95 |     const t = ac.currentTime;
  96 |     const freq = NOTES[index] ?? NOTES[2];

Parsing ecmascript source code failed

Import traces:
  Client Component Browser:
    ./lib/keySound.ts [Client Component Browser]
    ./components/layout/Navbar.tsx [Client Component Browser]
    ./components/layout/Navbar.tsx [Server Component]
    ./app/page.tsx [Server Component]

  Client Component SSR:
    ./lib/keySound.ts [Client Component SSR]
    ./components/layout/Navbar.tsx [Client Component SSR]
    ./components/layout/Navbar.tsx [Server Component]
    ./app/page.tsx [Server Component] @ http://localhost:3000/_next/static/chunks/node_modules_next_dist_1e8vcs8._.js:1052
[  190749ms] [ERROR] ./lib/keySound.ts:93:12
Error: Return statement is not allowed here
  91 | }
  92 |   const ac = getContext();
> 93 |   if (!ac) return;
     |            ^^^^^^^
  94 |   try {
  95 |     const t = ac.currentTime;
  96 |     const freq = NOTES[index] ?? NOTES[2];

Parsing ecmascript source code failed

Import traces:
  Client Component Browser:
    ./lib/keySound.ts [Client Component Browser]
    ./components/layout/Navbar.tsx [Client Component Browser]
    ./components/layout/Navbar.tsx [Server Component]
    ./app/page.tsx [Server Component]

  Client Component SSR:
    ./lib/keySound.ts [Client Component SSR]
    ./components/layout/Navbar.tsx [Client Component SSR]
    ./components/layout/Navbar.tsx [Server Component]
    ./app/page.tsx [Server Component] @ http://localhost:3000/_next/static/chunks/node_modules_next_dist_1e8vcs8._.js:1052
[  190811ms] [ERROR] ./lib/keySound.ts:93:12
Error: Return statement is not allowed here
  91 | }
  92 |   const ac = getContext();
> 93 |   if (!ac) return;
     |            ^^^^^^^
  94 |   try {
  95 |     const t = ac.currentTime;
  96 |     const freq = NOTES[index] ?? NOTES[2];

Parsing ecmascript source code failed

Import traces:
  Client Component Browser:
    ./lib/keySound.ts [Client Component Browser]
    ./components/layout/Navbar.tsx [Client Component Browser]
    ./components/layout/Navbar.tsx [Server Component]
    ./app/page.tsx [Server Component]

  Client Component SSR:
    ./lib/keySound.ts [Client Component SSR]
    ./components/layout/Navbar.tsx [Client Component SSR]
    ./components/layout/Navbar.tsx [Server Component]
    ./app/page.tsx [Server Component] @ http://localhost:3000/_next/static/chunks/node_modules_next_dist_1e8vcs8._.js:1052
[  190869ms] [ERROR] ./lib/keySound.ts:93:12
Error: Return statement is not allowed here
  91 | }
  92 |   const ac = getContext();
> 93 |   if (!ac) return;
     |            ^^^^^^^
  94 |   try {
  95 |     const t = ac.currentTime;
  96 |     const freq = NOTES[index] ?? NOTES[2];

Parsing ecmascript source code failed

Import traces:
  Client Component Browser:
    ./lib/keySound.ts [Client Component Browser]
    ./components/layout/Navbar.tsx [Client Component Browser]
    ./components/layout/Navbar.tsx [Server Component]
    ./app/page.tsx [Server Component]

  Client Component SSR:
    ./lib/keySound.ts [Client Component SSR]
    ./components/layout/Navbar.tsx [Client Component SSR]
    ./components/layout/Navbar.tsx [Server Component]
    ./app/page.tsx [Server Component] @ http://localhost:3000/_next/static/chunks/node_modules_next_dist_1e8vcs8._.js:1052
[  190916ms] [ERROR] ./lib/keySound.ts:93:12
Error: Return statement is not allowed here
  91 | }
  92 |   const ac = getContext();
> 93 |   if (!ac) return;
     |            ^^^^^^^
  94 |   try {
  95 |     const t = ac.currentTime;
  96 |     const freq = NOTES[index] ?? NOTES[2];

Parsing ecmascript source code failed

Import traces:
  Client Component Browser:
    ./lib/keySound.ts [Client Component Browser]
    ./components/layout/Navbar.tsx [Client Component Browser]
    ./components/layout/Navbar.tsx [Server Component]
    ./app/page.tsx [Server Component]

  Client Component SSR:
    ./lib/keySound.ts [Client Component SSR]
    ./components/layout/Navbar.tsx [Client Component SSR]
    ./components/layout/Navbar.tsx [Server Component]
    ./app/page.tsx [Server Component] @ http://localhost:3000/_next/static/chunks/node_modules_next_dist_1e8vcs8._.js:1052
[  190970ms] [ERROR] ./lib/keySound.ts:93:12
Error: Return statement is not allowed here
  91 | }
  92 |   const ac = getContext();
> 93 |   if (!ac) return;
     |            ^^^^^^^
  94 |   try {
  95 |     const t = ac.currentTime;
  96 |     const freq = NOTES[index] ?? NOTES[2];

Parsing ecmascript source code failed

Import traces:
  Client Component Browser:
    ./lib/keySound.ts [Client Component Browser]
    ./components/layout/Navbar.tsx [Client Component Browser]
    ./components/layout/Navbar.tsx [Server Component]
    ./app/page.tsx [Server Component]

  Client Component SSR:
    ./lib/keySound.ts [Client Component SSR]
    ./components/layout/Navbar.tsx [Client Component SSR]
    ./components/layout/Navbar.tsx [Server Component]
    ./app/page.tsx [Server Component] @ http://localhost:3000/_next/static/chunks/node_modules_next_dist_1e8vcs8._.js:1052
[  191031ms] [ERROR] ./lib/keySound.ts:93:12
Error: Return statement is not allowed here
  91 | }
  92 |   const ac = getContext();
> 93 |   if (!ac) return;
     |            ^^^^^^^
  94 |   try {
  95 |     const t = ac.currentTime;
  96 |     const freq = NOTES[index] ?? NOTES[2];

Parsing ecmascript source code failed

Import traces:
  Client Component Browser:
    ./lib/keySound.ts [Client Component Browser]
    ./components/layout/Navbar.tsx [Client Component Browser]
    ./components/layout/Navbar.tsx [Server Component]
    ./app/page.tsx [Server Component]

  Client Component SSR:
    ./lib/keySound.ts [Client Component SSR]
    ./components/layout/Navbar.tsx [Client Component SSR]
    ./components/layout/Navbar.tsx [Server Component]
    ./app/page.tsx [Server Component] @ http://localhost:3000/_next/static/chunks/node_modules_next_dist_1e8vcs8._.js:1052
[  191077ms] [ERROR] ./lib/keySound.ts:93:12
Error: Return statement is not allowed here
  91 | }
  92 |   const ac = getContext();
> 93 |   if (!ac) return;
     |            ^^^^^^^
  94 |   try {
  95 |     const t = ac.currentTime;
  96 |     const freq = NOTES[index] ?? NOTES[2];

Parsing ecmascript source code failed

Import traces:
  Client Component Browser:
    ./lib/keySound.ts [Client Component Browser]
    ./components/layout/Navbar.tsx [Client Component Browser]
    ./components/layout/Navbar.tsx [Server Component]
    ./app/page.tsx [Server Component]

  Client Component SSR:
    ./lib/keySound.ts [Client Component SSR]
    ./components/layout/Navbar.tsx [Client Component SSR]
    ./components/layout/Navbar.tsx [Server Component]
    ./app/page.tsx [Server Component] @ http://localhost:3000/_next/static/chunks/node_modules_next_dist_1e8vcs8._.js:1052
[  191133ms] [ERROR] ./lib/keySound.ts:93:12
Error: Return statement is not allowed here
  91 | }
  92 |   const ac = getContext();
> 93 |   if (!ac) return;
     |            ^^^^^^^
  94 |   try {
  95 |     const t = ac.currentTime;
  96 |     const freq = NOTES[index] ?? NOTES[2];

Parsing ecmascript source code failed

Import traces:
  Client Component Browser:
    ./lib/keySound.ts [Client Component Browser]
    ./components/layout/Navbar.tsx [Client Component Browser]
    ./components/layout/Navbar.tsx [Server Component]
    ./app/page.tsx [Server Component]

  Client Component SSR:
    ./lib/keySound.ts [Client Component SSR]
    ./components/layout/Navbar.tsx [Client Component SSR]
    ./components/layout/Navbar.tsx [Server Component]
    ./app/page.tsx [Server Component] @ http://localhost:3000/_next/static/chunks/node_modules_next_dist_1e8vcs8._.js:1052
[  191184ms] [ERROR] ./lib/keySound.ts:93:12
Error: Return statement is not allowed here
  91 | }
  92 |   const ac = getContext();
> 93 |   if (!ac) return;
     |            ^^^^^^^
  94 |   try {
  95 |     const t = ac.currentTime;
  96 |     const freq = NOTES[index] ?? NOTES[2];

Parsing ecmascript source code failed

Import traces:
  Client Component Browser:
    ./lib/keySound.ts [Client Component Browser]
    ./components/layout/Navbar.tsx [Client Component Browser]
    ./components/layout/Navbar.tsx [Server Component]
    ./app/page.tsx [Server Component]

  Client Component SSR:
    ./lib/keySound.ts [Client Component SSR]
    ./components/layout/Navbar.tsx [Client Component SSR]
    ./components/layout/Navbar.tsx [Server Component]
    ./app/page.tsx [Server Component] @ http://localhost:3000/_next/static/chunks/node_modules_next_dist_1e8vcs8._.js:1052
[  191246ms] [ERROR] ./lib/keySound.ts:93:12
Error: Return statement is not allowed here
  91 | }
  92 |   const ac = getContext();
> 93 |   if (!ac) return;
     |            ^^^^^^^
  94 |   try {
  95 |     const t = ac.currentTime;
  96 |     const freq = NOTES[index] ?? NOTES[2];

Parsing ecmascript source code failed

Import traces:
  Client Component Browser:
    ./lib/keySound.ts [Client Component Browser]
    ./components/layout/Navbar.tsx [Client Component Browser]
    ./components/layout/Navbar.tsx [Server Component]
    ./app/page.tsx [Server Component]

  Client Component SSR:
    ./lib/keySound.ts [Client Component SSR]
    ./components/layout/Navbar.tsx [Client Component SSR]
    ./components/layout/Navbar.tsx [Server Component]
    ./app/page.tsx [Server Component] @ http://localhost:3000/_next/static/chunks/node_modules_next_dist_1e8vcs8._.js:1052
[  191308ms] [ERROR] ./lib/keySound.ts:93:12
Error: Return statement is not allowed here
  91 | }
  92 |   const ac = getContext();
> 93 |   if (!ac) return;
     |            ^^^^^^^
  94 |   try {
  95 |     const t = ac.currentTime;
  96 |     const freq = NOTES[index] ?? NOTES[2];

Parsing ecmascript source code failed

Import traces:
  Client Component Browser:
    ./lib/keySound.ts [Client Component Browser]
    ./components/layout/Navbar.tsx [Client Component Browser]
    ./components/layout/Navbar.tsx [Server Component]
    ./app/page.tsx [Server Component]

  Client Component SSR:
    ./lib/keySound.ts [Client Component SSR]
    ./components/layout/Navbar.tsx [Client Component SSR]
    ./components/layout/Navbar.tsx [Server Component]
    ./app/page.tsx [Server Component] @ http://localhost:3000/_next/static/chunks/node_modules_next_dist_1e8vcs8._.js:1052
[  191375ms] [ERROR] ./lib/keySound.ts:93:12
Error: Return statement is not allowed here
  91 | }
  92 |   const ac = getContext();
> 93 |   if (!ac) return;
     |            ^^^^^^^
  94 |   try {
  95 |     const t = ac.currentTime;
  96 |     const freq = NOTES[index] ?? NOTES[2];

Parsing ecmascript source code failed

Import traces:
  Client Component Browser:
    ./lib/keySound.ts [Client Component Browser]
    ./components/layout/Navbar.tsx [Client Component Browser]
    ./components/layout/Navbar.tsx [Server Component]
    ./app/page.tsx [Server Component]

  Client Component SSR:
    ./lib/keySound.ts [Client Component SSR]
    ./components/layout/Navbar.tsx [Client Component SSR]
    ./components/layout/Navbar.tsx [Server Component]
    ./app/page.tsx [Server Component] @ http://localhost:3000/_next/static/chunks/node_modules_next_dist_1e8vcs8._.js:1052
[  191418ms] [ERROR] ./lib/keySound.ts:93:12
Error: Return statement is not allowed here
  91 | }
  92 |   const ac = getContext();
> 93 |   if (!ac) return;
     |            ^^^^^^^
  94 |   try {
  95 |     const t = ac.currentTime;
  96 |     const freq = NOTES[index] ?? NOTES[2];

Parsing ecmascript source code failed

Import traces:
  Client Component Browser:
    ./lib/keySound.ts [Client Component Browser]
    ./components/layout/Navbar.tsx [Client Component Browser]
    ./components/layout/Navbar.tsx [Server Component]
    ./app/page.tsx [Server Component]

  Client Component SSR:
    ./lib/keySound.ts [Client Component SSR]
    ./components/layout/Navbar.tsx [Client Component SSR]
    ./components/layout/Navbar.tsx [Server Component]
    ./app/page.tsx [Server Component] @ http://localhost:3000/_next/static/chunks/node_modules_next_dist_1e8vcs8._.js:1052
[  191479ms] [ERROR] ./lib/keySound.ts:93:12
Error: Return statement is not allowed here
  91 | }
  92 |   const ac = getContext();
> 93 |   if (!ac) return;
     |            ^^^^^^^
  94 |   try {
  95 |     const t = ac.currentTime;
  96 |     const freq = NOTES[index] ?? NOTES[2];

Parsing ecmascript source code failed

Import traces:
  Client Component Browser:
    ./lib/keySound.ts [Client Component Browser]
    ./components/layout/Navbar.tsx [Client Component Browser]
    ./components/layout/Navbar.tsx [Server Component]
    ./app/page.tsx [Server Component]

  Client Component SSR:
    ./lib/keySound.ts [Client Component SSR]
    ./components/layout/Navbar.tsx [Client Component SSR]
    ./components/layout/Navbar.tsx [Server Component]
    ./app/page.tsx [Server Component] @ http://localhost:3000/_next/static/chunks/node_modules_next_dist_1e8vcs8._.js:1052
[  191542ms] [ERROR] ./lib/keySound.ts:93:12
Error: Return statement is not allowed here
  91 | }
  92 |   const ac = getContext();
> 93 |   if (!ac) return;
     |            ^^^^^^^
  94 |   try {
  95 |     const t = ac.currentTime;
  96 |     const freq = NOTES[index] ?? NOTES[2];

Parsing ecmascript source code failed

Import traces:
  Client Component Browser:
    ./lib/keySound.ts [Client Component Browser]
    ./components/layout/Navbar.tsx [Client Component Browser]
    ./components/layout/Navbar.tsx [Server Component]
    ./app/page.tsx [Server Component]

  Client Component SSR:
    ./lib/keySound.ts [Client Component SSR]
    ./components/layout/Navbar.tsx [Client Component SSR]
    ./components/layout/Navbar.tsx [Server Component]
    ./app/page.tsx [Server Component] @ http://localhost:3000/_next/static/chunks/node_modules_next_dist_1e8vcs8._.js:1052
[  191585ms] [ERROR] ./lib/keySound.ts:93:12
Error: Return statement is not allowed here
  91 | }
  92 |   const ac = getContext();
> 93 |   if (!ac) return;
     |            ^^^^^^^
  94 |   try {
  95 |     const t = ac.currentTime;
  96 |     const freq = NOTES[index] ?? NOTES[2];

Parsing ecmascript source code failed

Import traces:
  Client Component Browser:
    ./lib/keySound.ts [Client Component Browser]
    ./components/layout/Navbar.tsx [Client Component Browser]
    ./components/layout/Navbar.tsx [Server Component]
    ./app/page.tsx [Server Component]

  Client Component SSR:
    ./lib/keySound.ts [Client Component SSR]
    ./components/layout/Navbar.tsx [Client Component SSR]
    ./components/layout/Navbar.tsx [Server Component]
    ./app/page.tsx [Server Component] @ http://localhost:3000/_next/static/chunks/node_modules_next_dist_1e8vcs8._.js:1052
[  191647ms] [ERROR] ./lib/keySound.ts:93:12
Error: Return statement is not allowed here
  91 | }
  92 |   const ac = getContext();
> 93 |   if (!ac) return;
     |            ^^^^^^^
  94 |   try {
  95 |     const t = ac.currentTime;
  96 |     const freq = NOTES[index] ?? NOTES[2];

Parsing ecmascript source code failed

Import traces:
  Client Component Browser:
    ./lib/keySound.ts [Client Component Browser]
    ./components/layout/Navbar.tsx [Client Component Browser]
    ./components/layout/Navbar.tsx [Server Component]
    ./app/page.tsx [Server Component]

  Client Component SSR:
    ./lib/keySound.ts [Client Component SSR]
    ./components/layout/Navbar.tsx [Client Component SSR]
    ./components/layout/Navbar.tsx [Server Component]
    ./app/page.tsx [Server Component] @ http://localhost:3000/_next/static/chunks/node_modules_next_dist_1e8vcs8._.js:1052
[  191712ms] [ERROR] ./lib/keySound.ts:93:12
Error: Return statement is not allowed here
  91 | }
  92 |   const ac = getContext();
> 93 |   if (!ac) return;
     |            ^^^^^^^
  94 |   try {
  95 |     const t = ac.currentTime;
  96 |     const freq = NOTES[index] ?? NOTES[2];

Parsing ecmascript source code failed

Import traces:
  Client Component Browser:
    ./lib/keySound.ts [Client Component Browser]
    ./components/layout/Navbar.tsx [Client Component Browser]
    ./components/layout/Navbar.tsx [Server Component]
    ./app/page.tsx [Server Component]

  Client Component SSR:
    ./lib/keySound.ts [Client Component SSR]
    ./components/layout/Navbar.tsx [Client Component SSR]
    ./components/layout/Navbar.tsx [Server Component]
    ./app/page.tsx [Server Component] @ http://localhost:3000/_next/static/chunks/node_modules_next_dist_1e8vcs8._.js:1052
[  191760ms] [ERROR] ./lib/keySound.ts:93:12
Error: Return statement is not allowed here
  91 | }
  92 |   const ac = getContext();
> 93 |   if (!ac) return;
     |            ^^^^^^^
  94 |   try {
  95 |     const t = ac.currentTime;
  96 |     const freq = NOTES[index] ?? NOTES[2];

Parsing ecmascript source code failed

Import traces:
  Client Component Browser:
    ./lib/keySound.ts [Client Component Browser]
    ./components/layout/Navbar.tsx [Client Component Browser]
    ./components/layout/Navbar.tsx [Server Component]
    ./app/page.tsx [Server Component]

  Client Component SSR:
    ./lib/keySound.ts [Client Component SSR]
    ./components/layout/Navbar.tsx [Client Component SSR]
    ./components/layout/Navbar.tsx [Server Component]
    ./app/page.tsx [Server Component] @ http://localhost:3000/_next/static/chunks/node_modules_next_dist_1e8vcs8._.js:1052
[  191809ms] [ERROR] ./lib/keySound.ts:93:12
Error: Return statement is not allowed here
  91 | }
  92 |   const ac = getContext();
> 93 |   if (!ac) return;
     |            ^^^^^^^
  94 |   try {
  95 |     const t = ac.currentTime;
  96 |     const freq = NOTES[index] ?? NOTES[2];

Parsing ecmascript source code failed

Import traces:
  Client Component Browser:
    ./lib/keySound.ts [Client Component Browser]
    ./components/layout/Navbar.tsx [Client Component Browser]
    ./components/layout/Navbar.tsx [Server Component]
    ./app/page.tsx [Server Component]

  Client Component SSR:
    ./lib/keySound.ts [Client Component SSR]
    ./components/layout/Navbar.tsx [Client Component SSR]
    ./components/layout/Navbar.tsx [Server Component]
    ./app/page.tsx [Server Component] @ http://localhost:3000/_next/static/chunks/node_modules_next_dist_1e8vcs8._.js:1052
[  191864ms] [ERROR] ./lib/keySound.ts:93:12
Error: Return statement is not allowed here
  91 | }
  92 |   const ac = getContext();
> 93 |   if (!ac) return;
     |            ^^^^^^^
  94 |   try {
  95 |     const t = ac.currentTime;
  96 |     const freq = NOTES[index] ?? NOTES[2];

Parsing ecmascript source code failed

Import traces:
  Client Component Browser:
    ./lib/keySound.ts [Client Component Browser]
    ./components/layout/Navbar.tsx [Client Component Browser]
    ./components/layout/Navbar.tsx [Server Component]
    ./app/page.tsx [Server Component]

  Client Component SSR:
    ./lib/keySound.ts [Client Component SSR]
    ./components/layout/Navbar.tsx [Client Component SSR]
    ./components/layout/Navbar.tsx [Server Component]
    ./app/page.tsx [Server Component] @ http://localhost:3000/_next/static/chunks/node_modules_next_dist_1e8vcs8._.js:1052
[  191925ms] [ERROR] ./lib/keySound.ts:93:12
Error: Return statement is not allowed here
  91 | }
  92 |   const ac = getContext();
> 93 |   if (!ac) return;
     |            ^^^^^^^
  94 |   try {
  95 |     const t = ac.currentTime;
  96 |     const freq = NOTES[index] ?? NOTES[2];

Parsing ecmascript source code failed

Import traces:
  Client Component Browser:
    ./lib/keySound.ts [Client Component Browser]
    ./components/layout/Navbar.tsx [Client Component Browser]
    ./components/layout/Navbar.tsx [Server Component]
    ./app/page.tsx [Server Component]

  Client Component SSR:
    ./lib/keySound.ts [Client Component SSR]
    ./components/layout/Navbar.tsx [Client Component SSR]
    ./components/layout/Navbar.tsx [Server Component]
    ./app/page.tsx [Server Component] @ http://localhost:3000/_next/static/chunks/node_modules_next_dist_1e8vcs8._.js:1052
[  191982ms] [ERROR] ./lib/keySound.ts:93:12
Error: Return statement is not allowed here
  91 | }
  92 |   const ac = getContext();
> 93 |   if (!ac) return;
     |            ^^^^^^^
  94 |   try {
  95 |     const t = ac.currentTime;
  96 |     const freq = NOTES[index] ?? NOTES[2];

Parsing ecmascript source code failed

Import traces:
  Client Component Browser:
    ./lib/keySound.ts [Client Component Browser]
    ./components/layout/Navbar.tsx [Client Component Browser]
    ./components/layout/Navbar.tsx [Server Component]
    ./app/page.tsx [Server Component]

  Client Component SSR:
    ./lib/keySound.ts [Client Component SSR]
    ./components/layout/Navbar.tsx [Client Component SSR]
    ./components/layout/Navbar.tsx [Server Component]
    ./app/page.tsx [Server Component] @ http://localhost:3000/_next/static/chunks/node_modules_next_dist_1e8vcs8._.js:1052
[  192033ms] [ERROR] ./lib/keySound.ts:93:12
Error: Return statement is not allowed here
  91 | }
  92 |   const ac = getContext();
> 93 |   if (!ac) return;
     |            ^^^^^^^
  94 |   try {
  95 |     const t = ac.currentTime;
  96 |     const freq = NOTES[index] ?? NOTES[2];

Parsing ecmascript source code failed

Import traces:
  Client Component Browser:
    ./lib/keySound.ts [Client Component Browser]
    ./components/layout/Navbar.tsx [Client Component Browser]
    ./components/layout/Navbar.tsx [Server Component]
    ./app/page.tsx [Server Component]

  Client Component SSR:
    ./lib/keySound.ts [Client Component SSR]
    ./components/layout/Navbar.tsx [Client Component SSR]
    ./components/layout/Navbar.tsx [Server Component]
    ./app/page.tsx [Server Component] @ http://localhost:3000/_next/static/chunks/node_modules_next_dist_1e8vcs8._.js:1052
[  192097ms] [ERROR] ./lib/keySound.ts:93:12
Error: Return statement is not allowed here
  91 | }
  92 |   const ac = getContext();
> 93 |   if (!ac) return;
     |            ^^^^^^^
  94 |   try {
  95 |     const t = ac.currentTime;
  96 |     const freq = NOTES[index] ?? NOTES[2];

Parsing ecmascript source code failed

Import traces:
  Client Component Browser:
    ./lib/keySound.ts [Client Component Browser]
    ./components/layout/Navbar.tsx [Client Component Browser]
    ./components/layout/Navbar.tsx [Server Component]
    ./app/page.tsx [Server Component]

  Client Component SSR:
    ./lib/keySound.ts [Client Component SSR]
    ./components/layout/Navbar.tsx [Client Component SSR]
    ./components/layout/Navbar.tsx [Server Component]
    ./app/page.tsx [Server Component] @ http://localhost:3000/_next/static/chunks/node_modules_next_dist_1e8vcs8._.js:1052
[  192160ms] [ERROR] ./lib/keySound.ts:93:12
Error: Return statement is not allowed here
  91 | }
  92 |   const ac = getContext();
> 93 |   if (!ac) return;
     |            ^^^^^^^
  94 |   try {
  95 |     const t = ac.currentTime;
  96 |     const freq = NOTES[index] ?? NOTES[2];

Parsing ecmascript source code failed

Import traces:
  Client Component Browser:
    ./lib/keySound.ts [Client Component Browser]
    ./components/layout/Navbar.tsx [Client Component Browser]
    ./components/layout/Navbar.tsx [Server Component]
    ./app/page.tsx [Server Component]

  Client Component SSR:
    ./lib/keySound.ts [Client Component SSR]
    ./components/layout/Navbar.tsx [Client Component SSR]
    ./components/layout/Navbar.tsx [Server Component]
    ./app/page.tsx [Server Component] @ http://localhost:3000/_next/static/chunks/node_modules_next_dist_1e8vcs8._.js:1052
[  192210ms] [ERROR] ./lib/keySound.ts:93:12
Error: Return statement is not allowed here
  91 | }
  92 |   const ac = getContext();
> 93 |   if (!ac) return;
     |            ^^^^^^^
  94 |   try {
  95 |     const t = ac.currentTime;
  96 |     const freq = NOTES[index] ?? NOTES[2];

Parsing ecmascript source code failed

Import traces:
  Client Component Browser:
    ./lib/keySound.ts [Client Component Browser]
    ./components/layout/Navbar.tsx [Client Component Browser]
    ./components/layout/Navbar.tsx [Server Component]
    ./app/page.tsx [Server Component]

  Client Component SSR:
    ./lib/keySound.ts [Client Component SSR]
    ./components/layout/Navbar.tsx [Client Component SSR]
    ./components/layout/Navbar.tsx [Server Component]
    ./app/page.tsx [Server Component] @ http://localhost:3000/_next/static/chunks/node_modules_next_dist_1e8vcs8._.js:1052
[  192265ms] [ERROR] ./lib/keySound.ts:93:12
Error: Return statement is not allowed here
  91 | }
  92 |   const ac = getContext();
> 93 |   if (!ac) return;
     |            ^^^^^^^
  94 |   try {
  95 |     const t = ac.currentTime;
  96 |     const freq = NOTES[index] ?? NOTES[2];

Parsing ecmascript source code failed

Import traces:
  Client Component Browser:
    ./lib/keySound.ts [Client Component Browser]
    ./components/layout/Navbar.tsx [Client Component Browser]
    ./components/layout/Navbar.tsx [Server Component]
    ./app/page.tsx [Server Component]

  Client Component SSR:
    ./lib/keySound.ts [Client Component SSR]
    ./components/layout/Navbar.tsx [Client Component SSR]
    ./components/layout/Navbar.tsx [Server Component]
    ./app/page.tsx [Server Component] @ http://localhost:3000/_next/static/chunks/node_modules_next_dist_1e8vcs8._.js:1052
[  192330ms] [ERROR] ./lib/keySound.ts:93:12
Error: Return statement is not allowed here
  91 | }
  92 |   const ac = getContext();
> 93 |   if (!ac) return;
     |            ^^^^^^^
  94 |   try {
  95 |     const t = ac.currentTime;
  96 |     const freq = NOTES[index] ?? NOTES[2];

Parsing ecmascript source code failed

Import traces:
  Client Component Browser:
    ./lib/keySound.ts [Client Component Browser]
    ./components/layout/Navbar.tsx [Client Component Browser]
    ./components/layout/Navbar.tsx [Server Component]
    ./app/page.tsx [Server Component]

  Client Component SSR:
    ./lib/keySound.ts [Client Component SSR]
    ./components/layout/Navbar.tsx [Client Component SSR]
    ./components/layout/Navbar.tsx [Server Component]
    ./app/page.tsx [Server Component] @ http://localhost:3000/_next/static/chunks/node_modules_next_dist_1e8vcs8._.js:1052
[  192395ms] [ERROR] ./lib/keySound.ts:93:12
Error: Return statement is not allowed here
  91 | }
  92 |   const ac = getContext();
> 93 |   if (!ac) return;
     |            ^^^^^^^
  94 |   try {
  95 |     const t = ac.currentTime;
  96 |     const freq = NOTES[index] ?? NOTES[2];

Parsing ecmascript source code failed

Import traces:
  Client Component Browser:
    ./lib/keySound.ts [Client Component Browser]
    ./components/layout/Navbar.tsx [Client Component Browser]
    ./components/layout/Navbar.tsx [Server Component]
    ./app/page.tsx [Server Component]

  Client Component SSR:
    ./lib/keySound.ts [Client Component SSR]
    ./components/layout/Navbar.tsx [Client Component SSR]
    ./components/layout/Navbar.tsx [Server Component]
    ./app/page.tsx [Server Component] @ http://localhost:3000/_next/static/chunks/node_modules_next_dist_1e8vcs8._.js:1052
[  192444ms] [ERROR] ./lib/keySound.ts:93:12
Error: Return statement is not allowed here
  91 | }
  92 |   const ac = getContext();
> 93 |   if (!ac) return;
     |            ^^^^^^^
  94 |   try {
  95 |     const t = ac.currentTime;
  96 |     const freq = NOTES[index] ?? NOTES[2];

Parsing ecmascript source code failed

Import traces:
  Client Component Browser:
    ./lib/keySound.ts [Client Component Browser]
    ./components/layout/Navbar.tsx [Client Component Browser]
    ./components/layout/Navbar.tsx [Server Component]
    ./app/page.tsx [Server Component]

  Client Component SSR:
    ./lib/keySound.ts [Client Component SSR]
    ./components/layout/Navbar.tsx [Client Component SSR]
    ./components/layout/Navbar.tsx [Server Component]
    ./app/page.tsx [Server Component] @ http://localhost:3000/_next/static/chunks/node_modules_next_dist_1e8vcs8._.js:1052
[  192492ms] [ERROR] ./lib/keySound.ts:93:12
Error: Return statement is not allowed here
  91 | }
  92 |   const ac = getContext();
> 93 |   if (!ac) return;
     |            ^^^^^^^
  94 |   try {
  95 |     const t = ac.currentTime;
  96 |     const freq = NOTES[index] ?? NOTES[2];

Parsing ecmascript source code failed

Import traces:
  Client Component Browser:
    ./lib/keySound.ts [Client Component Browser]
    ./components/layout/Navbar.tsx [Client Component Browser]
    ./components/layout/Navbar.tsx [Server Component]
    ./app/page.tsx [Server Component]

  Client Component SSR:
    ./lib/keySound.ts [Client Component SSR]
    ./components/layout/Navbar.tsx [Client Component SSR]
    ./components/layout/Navbar.tsx [Server Component]
    ./app/page.tsx [Server Component] @ http://localhost:3000/_next/static/chunks/node_modules_next_dist_1e8vcs8._.js:1052
[  192548ms] [ERROR] ./lib/keySound.ts:93:12
Error: Return statement is not allowed here
  91 | }
  92 |   const ac = getContext();
> 93 |   if (!ac) return;
     |            ^^^^^^^
  94 |   try {
  95 |     const t = ac.currentTime;
  96 |     const freq = NOTES[index] ?? NOTES[2];

Parsing ecmascript source code failed

Import traces:
  Client Component Browser:
    ./lib/keySound.ts [Client Component Browser]
    ./components/layout/Navbar.tsx [Client Component Browser]
    ./components/layout/Navbar.tsx [Server Component]
    ./app/page.tsx [Server Component]

  Client Component SSR:
    ./lib/keySound.ts [Client Component SSR]
    ./components/layout/Navbar.tsx [Client Component SSR]
    ./components/layout/Navbar.tsx [Server Component]
    ./app/page.tsx [Server Component] @ http://localhost:3000/_next/static/chunks/node_modules_next_dist_1e8vcs8._.js:1052
[  192609ms] [ERROR] ./lib/keySound.ts:93:12
Error: Return statement is not allowed here
  91 | }
  92 |   const ac = getContext();
> 93 |   if (!ac) return;
     |            ^^^^^^^
  94 |   try {
  95 |     const t = ac.currentTime;
  96 |     const freq = NOTES[index] ?? NOTES[2];

Parsing ecmascript source code failed

Import traces:
  Client Component Browser:
    ./lib/keySound.ts [Client Component Browser]
    ./components/layout/Navbar.tsx [Client Component Browser]
    ./components/layout/Navbar.tsx [Server Component]
    ./app/page.tsx [Server Component]

  Client Component SSR:
    ./lib/keySound.ts [Client Component SSR]
    ./components/layout/Navbar.tsx [Client Component SSR]
    ./components/layout/Navbar.tsx [Server Component]
    ./app/page.tsx [Server Component] @ http://localhost:3000/_next/static/chunks/node_modules_next_dist_1e8vcs8._.js:1052
[  192666ms] [ERROR] ./lib/keySound.ts:93:12
Error: Return statement is not allowed here
  91 | }
  92 |   const ac = getContext();
> 93 |   if (!ac) return;
     |            ^^^^^^^
  94 |   try {
  95 |     const t = ac.currentTime;
  96 |     const freq = NOTES[index] ?? NOTES[2];

Parsing ecmascript source code failed

Import traces:
  Client Component Browser:
    ./lib/keySound.ts [Client Component Browser]
    ./components/layout/Navbar.tsx [Client Component Browser]
    ./components/layout/Navbar.tsx [Server Component]
    ./app/page.tsx [Server Component]

  Client Component SSR:
    ./lib/keySound.ts [Client Component SSR]
    ./components/layout/Navbar.tsx [Client Component SSR]
    ./components/layout/Navbar.tsx [Server Component]
    ./app/page.tsx [Server Component] @ http://localhost:3000/_next/static/chunks/node_modules_next_dist_1e8vcs8._.js:1052
[  192716ms] [ERROR] ./lib/keySound.ts:93:12
Error: Return statement is not allowed here
  91 | }
  92 |   const ac = getContext();
> 93 |   if (!ac) return;
     |            ^^^^^^^
  94 |   try {
  95 |     const t = ac.currentTime;
  96 |     const freq = NOTES[index] ?? NOTES[2];

Parsing ecmascript source code failed

Import traces:
  Client Component Browser:
    ./lib/keySound.ts [Client Component Browser]
    ./components/layout/Navbar.tsx [Client Component Browser]
    ./components/layout/Navbar.tsx [Server Component]
    ./app/page.tsx [Server Component]

  Client Component SSR:
    ./lib/keySound.ts [Client Component SSR]
    ./components/layout/Navbar.tsx [Client Component SSR]
    ./components/layout/Navbar.tsx [Server Component]
    ./app/page.tsx [Server Component] @ http://localhost:3000/_next/static/chunks/node_modules_next_dist_1e8vcs8._.js:1052
[  192781ms] [ERROR] ./lib/keySound.ts:93:12
Error: Return statement is not allowed here
  91 | }
  92 |   const ac = getContext();
> 93 |   if (!ac) return;
     |            ^^^^^^^
  94 |   try {
  95 |     const t = ac.currentTime;
  96 |     const freq = NOTES[index] ?? NOTES[2];

Parsing ecmascript source code failed

Import traces:
  Client Component Browser:
    ./lib/keySound.ts [Client Component Browser]
    ./components/layout/Navbar.tsx [Client Component Browser]
    ./components/layout/Navbar.tsx [Server Component]
    ./app/page.tsx [Server Component]

  Client Component SSR:
    ./lib/keySound.ts [Client Component SSR]
    ./components/layout/Navbar.tsx [Client Component SSR]
    ./components/layout/Navbar.tsx [Server Component]
    ./app/page.tsx [Server Component] @ http://localhost:3000/_next/static/chunks/node_modules_next_dist_1e8vcs8._.js:1052
[  192845ms] [ERROR] ./lib/keySound.ts:93:12
Error: Return statement is not allowed here
  91 | }
  92 |   const ac = getContext();
> 93 |   if (!ac) return;
     |            ^^^^^^^
  94 |   try {
  95 |     const t = ac.currentTime;
  96 |     const freq = NOTES[index] ?? NOTES[2];

Parsing ecmascript source code failed

Import traces:
  Client Component Browser:
    ./lib/keySound.ts [Client Component Browser]
    ./components/layout/Navbar.tsx [Client Component Browser]
    ./components/layout/Navbar.tsx [Server Component]
    ./app/page.tsx [Server Component]

  Client Component SSR:
    ./lib/keySound.ts [Client Component SSR]
    ./components/layout/Navbar.tsx [Client Component SSR]
    ./components/layout/Navbar.tsx [Server Component]
    ./app/page.tsx [Server Component] @ http://localhost:3000/_next/static/chunks/node_modules_next_dist_1e8vcs8._.js:1052
[  192900ms] [ERROR] ./lib/keySound.ts:93:12
Error: Return statement is not allowed here
  91 | }
  92 |   const ac = getContext();
> 93 |   if (!ac) return;
     |            ^^^^^^^
  94 |   try {
  95 |     const t = ac.currentTime;
  96 |     const freq = NOTES[index] ?? NOTES[2];

Parsing ecmascript source code failed

Import traces:
  Client Component Browser:
    ./lib/keySound.ts [Client Component Browser]
    ./components/layout/Navbar.tsx [Client Component Browser]
    ./components/layout/Navbar.tsx [Server Component]
    ./app/page.tsx [Server Component]

  Client Component SSR:
    ./lib/keySound.ts [Client Component SSR]
    ./components/layout/Navbar.tsx [Client Component SSR]
    ./components/layout/Navbar.tsx [Server Component]
    ./app/page.tsx [Server Component] @ http://localhost:3000/_next/static/chunks/node_modules_next_dist_1e8vcs8._.js:1052
[  192948ms] [ERROR] ./lib/keySound.ts:93:12
Error: Return statement is not allowed here
  91 | }
  92 |   const ac = getContext();
> 93 |   if (!ac) return;
     |            ^^^^^^^
  94 |   try {
  95 |     const t = ac.currentTime;
  96 |     const freq = NOTES[index] ?? NOTES[2];

Parsing ecmascript source code failed

Import traces:
  Client Component Browser:
    ./lib/keySound.ts [Client Component Browser]
    ./components/layout/Navbar.tsx [Client Component Browser]
    ./components/layout/Navbar.tsx [Server Component]
    ./app/page.tsx [Server Component]

  Client Component SSR:
    ./lib/keySound.ts [Client Component SSR]
    ./components/layout/Navbar.tsx [Client Component SSR]
    ./components/layout/Navbar.tsx [Server Component]
    ./app/page.tsx [Server Component] @ http://localhost:3000/_next/static/chunks/node_modules_next_dist_1e8vcs8._.js:1052
[  193011ms] [ERROR] ./lib/keySound.ts:93:12
Error: Return statement is not allowed here
  91 | }
  92 |   const ac = getContext();
> 93 |   if (!ac) return;
     |            ^^^^^^^
  94 |   try {
  95 |     const t = ac.currentTime;
  96 |     const freq = NOTES[index] ?? NOTES[2];

Parsing ecmascript source code failed

Import traces:
  Client Component Browser:
    ./lib/keySound.ts [Client Component Browser]
    ./components/layout/Navbar.tsx [Client Component Browser]
    ./components/layout/Navbar.tsx [Server Component]
    ./app/page.tsx [Server Component]

  Client Component SSR:
    ./lib/keySound.ts [Client Component SSR]
    ./components/layout/Navbar.tsx [Client Component SSR]
    ./components/layout/Navbar.tsx [Server Component]
    ./app/page.tsx [Server Component] @ http://localhost:3000/_next/static/chunks/node_modules_next_dist_1e8vcs8._.js:1052
[  193076ms] [ERROR] ./lib/keySound.ts:93:12
Error: Return statement is not allowed here
  91 | }
  92 |   const ac = getContext();
> 93 |   if (!ac) return;
     |            ^^^^^^^
  94 |   try {
  95 |     const t = ac.currentTime;
  96 |     const freq = NOTES[index] ?? NOTES[2];

Parsing ecmascript source code failed

Import traces:
  Client Component Browser:
    ./lib/keySound.ts [Client Component Browser]
    ./components/layout/Navbar.tsx [Client Component Browser]
    ./components/layout/Navbar.tsx [Server Component]
    ./app/page.tsx [Server Component]

  Client Component SSR:
    ./lib/keySound.ts [Client Component SSR]
    ./components/layout/Navbar.tsx [Client Component SSR]
    ./components/layout/Navbar.tsx [Server Component]
    ./app/page.tsx [Server Component] @ http://localhost:3000/_next/static/chunks/node_modules_next_dist_1e8vcs8._.js:1052
[  193132ms] [ERROR] ./lib/keySound.ts:93:12
Error: Return statement is not allowed here
  91 | }
  92 |   const ac = getContext();
> 93 |   if (!ac) return;
     |            ^^^^^^^
  94 |   try {
  95 |     const t = ac.currentTime;
  96 |     const freq = NOTES[index] ?? NOTES[2];

Parsing ecmascript source code failed

Import traces:
  Client Component Browser:
    ./lib/keySound.ts [Client Component Browser]
    ./components/layout/Navbar.tsx [Client Component Browser]
    ./components/layout/Navbar.tsx [Server Component]
    ./app/page.tsx [Server Component]

  Client Component SSR:
    ./lib/keySound.ts [Client Component SSR]
    ./components/layout/Navbar.tsx [Client Component SSR]
    ./components/layout/Navbar.tsx [Server Component]
    ./app/page.tsx [Server Component] @ http://localhost:3000/_next/static/chunks/node_modules_next_dist_1e8vcs8._.js:1052
[  193197ms] [ERROR] ./lib/keySound.ts:93:12
Error: Return statement is not allowed here
  91 | }
  92 |   const ac = getContext();
> 93 |   if (!ac) return;
     |            ^^^^^^^
  94 |   try {
  95 |     const t = ac.currentTime;
  96 |     const freq = NOTES[index] ?? NOTES[2];

Parsing ecmascript source code failed

Import traces:
  Client Component Browser:
    ./lib/keySound.ts [Client Component Browser]
    ./components/layout/Navbar.tsx [Client Component Browser]
    ./components/layout/Navbar.tsx [Server Component]
    ./app/page.tsx [Server Component]

  Client Component SSR:
    ./lib/keySound.ts [Client Component SSR]
    ./components/layout/Navbar.tsx [Client Component SSR]
    ./components/layout/Navbar.tsx [Server Component]
    ./app/page.tsx [Server Component] @ http://localhost:3000/_next/static/chunks/node_modules_next_dist_1e8vcs8._.js:1052
[  193246ms] [ERROR] ./lib/keySound.ts:93:12
Error: Return statement is not allowed here
  91 | }
  92 |   const ac = getContext();
> 93 |   if (!ac) return;
     |            ^^^^^^^
  94 |   try {
  95 |     const t = ac.currentTime;
  96 |     const freq = NOTES[index] ?? NOTES[2];

Parsing ecmascript source code failed

Import traces:
  Client Component Browser:
    ./lib/keySound.ts [Client Component Browser]
    ./components/layout/Navbar.tsx [Client Component Browser]
    ./components/layout/Navbar.tsx [Server Component]
    ./app/page.tsx [Server Component]

  Client Component SSR:
    ./lib/keySound.ts [Client Component SSR]
    ./components/layout/Navbar.tsx [Client Component SSR]
    ./components/layout/Navbar.tsx [Server Component]
    ./app/page.tsx [Server Component] @ http://localhost:3000/_next/static/chunks/node_modules_next_dist_1e8vcs8._.js:1052
[  193311ms] [ERROR] ./lib/keySound.ts:93:12
Error: Return statement is not allowed here
  91 | }
  92 |   const ac = getContext();
> 93 |   if (!ac) return;
     |            ^^^^^^^
  94 |   try {
  95 |     const t = ac.currentTime;
  96 |     const freq = NOTES[index] ?? NOTES[2];

Parsing ecmascript source code failed

Import traces:
  Client Component Browser:
    ./lib/keySound.ts [Client Component Browser]
    ./components/layout/Navbar.tsx [Client Component Browser]
    ./components/layout/Navbar.tsx [Server Component]
    ./app/page.tsx [Server Component]

  Client Component SSR:
    ./lib/keySound.ts [Client Component SSR]
    ./components/layout/Navbar.tsx [Client Component SSR]
    ./components/layout/Navbar.tsx [Server Component]
    ./app/page.tsx [Server Component] @ http://localhost:3000/_next/static/chunks/node_modules_next_dist_1e8vcs8._.js:1052
[  193366ms] [ERROR] ./lib/keySound.ts:93:12
Error: Return statement is not allowed here
  91 | }
  92 |   const ac = getContext();
> 93 |   if (!ac) return;
     |            ^^^^^^^
  94 |   try {
  95 |     const t = ac.currentTime;
  96 |     const freq = NOTES[index] ?? NOTES[2];

Parsing ecmascript source code failed

Import traces:
  Client Component Browser:
    ./lib/keySound.ts [Client Component Browser]
    ./components/layout/Navbar.tsx [Client Component Browser]
    ./components/layout/Navbar.tsx [Server Component]
    ./app/page.tsx [Server Component]

  Client Component SSR:
    ./lib/keySound.ts [Client Component SSR]
    ./components/layout/Navbar.tsx [Client Component SSR]
    ./components/layout/Navbar.tsx [Server Component]
    ./app/page.tsx [Server Component] @ http://localhost:3000/_next/static/chunks/node_modules_next_dist_1e8vcs8._.js:1052
[  193432ms] [ERROR] ./lib/keySound.ts:93:12
Error: Return statement is not allowed here
  91 | }
  92 |   const ac = getContext();
> 93 |   if (!ac) return;
     |            ^^^^^^^
  94 |   try {
  95 |     const t = ac.currentTime;
  96 |     const freq = NOTES[index] ?? NOTES[2];

Parsing ecmascript source code failed

Import traces:
  Client Component Browser:
    ./lib/keySound.ts [Client Component Browser]
    ./components/layout/Navbar.tsx [Client Component Browser]
    ./components/layout/Navbar.tsx [Server Component]
    ./app/page.tsx [Server Component]

  Client Component SSR:
    ./lib/keySound.ts [Client Component SSR]
    ./components/layout/Navbar.tsx [Client Component SSR]
    ./components/layout/Navbar.tsx [Server Component]
    ./app/page.tsx [Server Component] @ http://localhost:3000/_next/static/chunks/node_modules_next_dist_1e8vcs8._.js:1052
[  193498ms] [ERROR] ./lib/keySound.ts:93:12
Error: Return statement is not allowed here
  91 | }
  92 |   const ac = getContext();
> 93 |   if (!ac) return;
     |            ^^^^^^^
  94 |   try {
  95 |     const t = ac.currentTime;
  96 |     const freq = NOTES[index] ?? NOTES[2];

Parsing ecmascript source code failed

Import traces:
  Client Component Browser:
    ./lib/keySound.ts [Client Component Browser]
    ./components/layout/Navbar.tsx [Client Component Browser]
    ./components/layout/Navbar.tsx [Server Component]
    ./app/page.tsx [Server Component]

  Client Component SSR:
    ./lib/keySound.ts [Client Component SSR]
    ./components/layout/Navbar.tsx [Client Component SSR]
    ./components/layout/Navbar.tsx [Server Component]
    ./app/page.tsx [Server Component] @ http://localhost:3000/_next/static/chunks/node_modules_next_dist_1e8vcs8._.js:1052
[  193563ms] [ERROR] ./lib/keySound.ts:93:12
Error: Return statement is not allowed here
  91 | }
  92 |   const ac = getContext();
> 93 |   if (!ac) return;
     |            ^^^^^^^
  94 |   try {
  95 |     const t = ac.currentTime;
  96 |     const freq = NOTES[index] ?? NOTES[2];

Parsing ecmascript source code failed

Import traces:
  Client Component Browser:
    ./lib/keySound.ts [Client Component Browser]
    ./components/layout/Navbar.tsx [Client Component Browser]
    ./components/layout/Navbar.tsx [Server Component]
    ./app/page.tsx [Server Component]

  Client Component SSR:
    ./lib/keySound.ts [Client Component SSR]
    ./components/layout/Navbar.tsx [Client Component SSR]
    ./components/layout/Navbar.tsx [Server Component]
    ./app/page.tsx [Server Component] @ http://localhost:3000/_next/static/chunks/node_modules_next_dist_1e8vcs8._.js:1052
[  193612ms] [ERROR] ./lib/keySound.ts:93:12
Error: Return statement is not allowed here
  91 | }
  92 |   const ac = getContext();
> 93 |   if (!ac) return;
     |            ^^^^^^^
  94 |   try {
  95 |     const t = ac.currentTime;
  96 |     const freq = NOTES[index] ?? NOTES[2];

Parsing ecmascript source code failed

Import traces:
  Client Component Browser:
    ./lib/keySound.ts [Client Component Browser]
    ./components/layout/Navbar.tsx [Client Component Browser]
    ./components/layout/Navbar.tsx [Server Component]
    ./app/page.tsx [Server Component]

  Client Component SSR:
    ./lib/keySound.ts [Client Component SSR]
    ./components/layout/Navbar.tsx [Client Component SSR]
    ./components/layout/Navbar.tsx [Server Component]
    ./app/page.tsx [Server Component] @ http://localhost:3000/_next/static/chunks/node_modules_next_dist_1e8vcs8._.js:1052
[  193670ms] [ERROR] ./lib/keySound.ts:93:12
Error: Return statement is not allowed here
  91 | }
  92 |   const ac = getContext();
> 93 |   if (!ac) return;
     |            ^^^^^^^
  94 |   try {
  95 |     const t = ac.currentTime;
  96 |     const freq = NOTES[index] ?? NOTES[2];

Parsing ecmascript source code failed

Import traces:
  Client Component Browser:
    ./lib/keySound.ts [Client Component Browser]
    ./components/layout/Navbar.tsx [Client Component Browser]
    ./components/layout/Navbar.tsx [Server Component]
    ./app/page.tsx [Server Component]

  Client Component SSR:
    ./lib/keySound.ts [Client Component SSR]
    ./components/layout/Navbar.tsx [Client Component SSR]
    ./components/layout/Navbar.tsx [Server Component]
    ./app/page.tsx [Server Component] @ http://localhost:3000/_next/static/chunks/node_modules_next_dist_1e8vcs8._.js:1052
[  193731ms] [ERROR] ./lib/keySound.ts:93:12
Error: Return statement is not allowed here
  91 | }
  92 |   const ac = getContext();
> 93 |   if (!ac) return;
     |            ^^^^^^^
  94 |   try {
  95 |     const t = ac.currentTime;
  96 |     const freq = NOTES[index] ?? NOTES[2];

Parsing ecmascript source code failed

Import traces:
  Client Component Browser:
    ./lib/keySound.ts [Client Component Browser]
    ./components/layout/Navbar.tsx [Client Component Browser]
    ./components/layout/Navbar.tsx [Server Component]
    ./app/page.tsx [Server Component]

  Client Component SSR:
    ./lib/keySound.ts [Client Component SSR]
    ./components/layout/Navbar.tsx [Client Component SSR]
    ./components/layout/Navbar.tsx [Server Component]
    ./app/page.tsx [Server Component] @ http://localhost:3000/_next/static/chunks/node_modules_next_dist_1e8vcs8._.js:1052
[  193798ms] [ERROR] ./lib/keySound.ts:93:12
Error: Return statement is not allowed here
  91 | }
  92 |   const ac = getContext();
> 93 |   if (!ac) return;
     |            ^^^^^^^
  94 |   try {
  95 |     const t = ac.currentTime;
  96 |     const freq = NOTES[index] ?? NOTES[2];

Parsing ecmascript source code failed

Import traces:
  Client Component Browser:
    ./lib/keySound.ts [Client Component Browser]
    ./components/layout/Navbar.tsx [Client Component Browser]
    ./components/layout/Navbar.tsx [Server Component]
    ./app/page.tsx [Server Component]

  Client Component SSR:
    ./lib/keySound.ts [Client Component SSR]
    ./components/layout/Navbar.tsx [Client Component SSR]
    ./components/layout/Navbar.tsx [Server Component]
    ./app/page.tsx [Server Component] @ http://localhost:3000/_next/static/chunks/node_modules_next_dist_1e8vcs8._.js:1052
[  193852ms] [ERROR] ./lib/keySound.ts:93:12
Error: Return statement is not allowed here
  91 | }
  92 |   const ac = getContext();
> 93 |   if (!ac) return;
     |            ^^^^^^^
  94 |   try {
  95 |     const t = ac.currentTime;
  96 |     const freq = NOTES[index] ?? NOTES[2];

Parsing ecmascript source code failed

Import traces:
  Client Component Browser:
    ./lib/keySound.ts [Client Component Browser]
    ./components/layout/Navbar.tsx [Client Component Browser]
    ./components/layout/Navbar.tsx [Server Component]
    ./app/page.tsx [Server Component]

  Client Component SSR:
    ./lib/keySound.ts [Client Component SSR]
    ./components/layout/Navbar.tsx [Client Component SSR]
    ./components/layout/Navbar.tsx [Server Component]
    ./app/page.tsx [Server Component] @ http://localhost:3000/_next/static/chunks/node_modules_next_dist_1e8vcs8._.js:1052
[  193907ms] [ERROR] ./lib/keySound.ts:93:12
Error: Return statement is not allowed here
  91 | }
  92 |   const ac = getContext();
> 93 |   if (!ac) return;
     |            ^^^^^^^
  94 |   try {
  95 |     const t = ac.currentTime;
  96 |     const freq = NOTES[index] ?? NOTES[2];

Parsing ecmascript source code failed

Import traces:
  Client Component Browser:
    ./lib/keySound.ts [Client Component Browser]
    ./components/layout/Navbar.tsx [Client Component Browser]
    ./components/layout/Navbar.tsx [Server Component]
    ./app/page.tsx [Server Component]

  Client Component SSR:
    ./lib/keySound.ts [Client Component SSR]
    ./components/layout/Navbar.tsx [Client Component SSR]
    ./components/layout/Navbar.tsx [Server Component]
    ./app/page.tsx [Server Component] @ http://localhost:3000/_next/static/chunks/node_modules_next_dist_1e8vcs8._.js:1052
[  193961ms] [ERROR] ./lib/keySound.ts:93:12
Error: Return statement is not allowed here
  91 | }
  92 |   const ac = getContext();
> 93 |   if (!ac) return;
     |            ^^^^^^^
  94 |   try {
  95 |     const t = ac.currentTime;
  96 |     const freq = NOTES[index] ?? NOTES[2];

Parsing ecmascript source code failed

Import traces:
  Client Component Browser:
    ./lib/keySound.ts [Client Component Browser]
    ./components/layout/Navbar.tsx [Client Component Browser]
    ./components/layout/Navbar.tsx [Server Component]
    ./app/page.tsx [Server Component]

  Client Component SSR:
    ./lib/keySound.ts [Client Component SSR]
    ./components/layout/Navbar.tsx [Client Component SSR]
    ./components/layout/Navbar.tsx [Server Component]
    ./app/page.tsx [Server Component] @ http://localhost:3000/_next/static/chunks/node_modules_next_dist_1e8vcs8._.js:1052
[  194026ms] [ERROR] ./lib/keySound.ts:93:12
Error: Return statement is not allowed here
  91 | }
  92 |   const ac = getContext();
> 93 |   if (!ac) return;
     |            ^^^^^^^
  94 |   try {
  95 |     const t = ac.currentTime;
  96 |     const freq = NOTES[index] ?? NOTES[2];

Parsing ecmascript source code failed

Import traces:
  Client Component Browser:
    ./lib/keySound.ts [Client Component Browser]
    ./components/layout/Navbar.tsx [Client Component Browser]
    ./components/layout/Navbar.tsx [Server Component]
    ./app/page.tsx [Server Component]

  Client Component SSR:
    ./lib/keySound.ts [Client Component SSR]
    ./components/layout/Navbar.tsx [Client Component SSR]
    ./components/layout/Navbar.tsx [Server Component]
    ./app/page.tsx [Server Component] @ http://localhost:3000/_next/static/chunks/node_modules_next_dist_1e8vcs8._.js:1052
[  194082ms] [ERROR] ./lib/keySound.ts:93:12
Error: Return statement is not allowed here
  91 | }
  92 |   const ac = getContext();
> 93 |   if (!ac) return;
     |            ^^^^^^^
  94 |   try {
  95 |     const t = ac.currentTime;
  96 |     const freq = NOTES[index] ?? NOTES[2];

Parsing ecmascript source code failed

Import traces:
  Client Component Browser:
    ./lib/keySound.ts [Client Component Browser]
    ./components/layout/Navbar.tsx [Client Component Browser]
    ./components/layout/Navbar.tsx [Server Component]
    ./app/page.tsx [Server Component]

  Client Component SSR:
    ./lib/keySound.ts [Client Component SSR]
    ./components/layout/Navbar.tsx [Client Component SSR]
    ./components/layout/Navbar.tsx [Server Component]
    ./app/page.tsx [Server Component] @ http://localhost:3000/_next/static/chunks/node_modules_next_dist_1e8vcs8._.js:1052
[  194130ms] [ERROR] ./lib/keySound.ts:93:12
Error: Return statement is not allowed here
  91 | }
  92 |   const ac = getContext();
> 93 |   if (!ac) return;
     |            ^^^^^^^
  94 |   try {
  95 |     const t = ac.currentTime;
  96 |     const freq = NOTES[index] ?? NOTES[2];

Parsing ecmascript source code failed

Import traces:
  Client Component Browser:
    ./lib/keySound.ts [Client Component Browser]
    ./components/layout/Navbar.tsx [Client Component Browser]
    ./components/layout/Navbar.tsx [Server Component]
    ./app/page.tsx [Server Component]

  Client Component SSR:
    ./lib/keySound.ts [Client Component SSR]
    ./components/layout/Navbar.tsx [Client Component SSR]
    ./components/layout/Navbar.tsx [Server Component]
    ./app/page.tsx [Server Component] @ http://localhost:3000/_next/static/chunks/node_modules_next_dist_1e8vcs8._.js:1052
[  194180ms] [ERROR] ./lib/keySound.ts:93:12
Error: Return statement is not allowed here
  91 | }
  92 |   const ac = getContext();
> 93 |   if (!ac) return;
     |            ^^^^^^^
  94 |   try {
  95 |     const t = ac.currentTime;
  96 |     const freq = NOTES[index] ?? NOTES[2];

Parsing ecmascript source code failed

Import traces:
  Client Component Browser:
    ./lib/keySound.ts [Client Component Browser]
    ./components/layout/Navbar.tsx [Client Component Browser]
    ./components/layout/Navbar.tsx [Server Component]
    ./app/page.tsx [Server Component]

  Client Component SSR:
    ./lib/keySound.ts [Client Component SSR]
    ./components/layout/Navbar.tsx [Client Component SSR]
    ./components/layout/Navbar.tsx [Server Component]
    ./app/page.tsx [Server Component] @ http://localhost:3000/_next/static/chunks/node_modules_next_dist_1e8vcs8._.js:1052
[  194237ms] [ERROR] ./lib/keySound.ts:93:12
Error: Return statement is not allowed here
  91 | }
  92 |   const ac = getContext();
> 93 |   if (!ac) return;
     |            ^^^^^^^
  94 |   try {
  95 |     const t = ac.currentTime;
  96 |     const freq = NOTES[index] ?? NOTES[2];

Parsing ecmascript source code failed

Import traces:
  Client Component Browser:
    ./lib/keySound.ts [Client Component Browser]
    ./components/layout/Navbar.tsx [Client Component Browser]
    ./components/layout/Navbar.tsx [Server Component]
    ./app/page.tsx [Server Component]

  Client Component SSR:
    ./lib/keySound.ts [Client Component SSR]
    ./components/layout/Navbar.tsx [Client Component SSR]
    ./components/layout/Navbar.tsx [Server Component]
    ./app/page.tsx [Server Component] @ http://localhost:3000/_next/static/chunks/node_modules_next_dist_1e8vcs8._.js:1052
[  194292ms] [ERROR] ./lib/keySound.ts:93:12
Error: Return statement is not allowed here
  91 | }
  92 |   const ac = getContext();
> 93 |   if (!ac) return;
     |            ^^^^^^^
  94 |   try {
  95 |     const t = ac.currentTime;
  96 |     const freq = NOTES[index] ?? NOTES[2];

Parsing ecmascript source code failed

Import traces:
  Client Component Browser:
    ./lib/keySound.ts [Client Component Browser]
    ./components/layout/Navbar.tsx [Client Component Browser]
    ./components/layout/Navbar.tsx [Server Component]
    ./app/page.tsx [Server Component]

  Client Component SSR:
    ./lib/keySound.ts [Client Component SSR]
    ./components/layout/Navbar.tsx [Client Component SSR]
    ./components/layout/Navbar.tsx [Server Component]
    ./app/page.tsx [Server Component] @ http://localhost:3000/_next/static/chunks/node_modules_next_dist_1e8vcs8._.js:1052
[  194339ms] [ERROR] ./lib/keySound.ts:93:12
Error: Return statement is not allowed here
  91 | }
  92 |   const ac = getContext();
> 93 |   if (!ac) return;
     |            ^^^^^^^
  94 |   try {
  95 |     const t = ac.currentTime;
  96 |     const freq = NOTES[index] ?? NOTES[2];

Parsing ecmascript source code failed

Import traces:
  Client Component Browser:
    ./lib/keySound.ts [Client Component Browser]
    ./components/layout/Navbar.tsx [Client Component Browser]
    ./components/layout/Navbar.tsx [Server Component]
    ./app/page.tsx [Server Component]

  Client Component SSR:
    ./lib/keySound.ts [Client Component SSR]
    ./components/layout/Navbar.tsx [Client Component SSR]
    ./components/layout/Navbar.tsx [Server Component]
    ./app/page.tsx [Server Component] @ http://localhost:3000/_next/static/chunks/node_modules_next_dist_1e8vcs8._.js:1052
[  194396ms] [ERROR] ./lib/keySound.ts:93:12
Error: Return statement is not allowed here
  91 | }
  92 |   const ac = getContext();
> 93 |   if (!ac) return;
     |            ^^^^^^^
  94 |   try {
  95 |     const t = ac.currentTime;
  96 |     const freq = NOTES[index] ?? NOTES[2];

Parsing ecmascript source code failed

Import traces:
  Client Component Browser:
    ./lib/keySound.ts [Client Component Browser]
    ./components/layout/Navbar.tsx [Client Component Browser]
    ./components/layout/Navbar.tsx [Server Component]
    ./app/page.tsx [Server Component]

  Client Component SSR:
    ./lib/keySound.ts [Client Component SSR]
    ./components/layout/Navbar.tsx [Client Component SSR]
    ./components/layout/Navbar.tsx [Server Component]
    ./app/page.tsx [Server Component] @ http://localhost:3000/_next/static/chunks/node_modules_next_dist_1e8vcs8._.js:1052
[  194446ms] [ERROR] ./lib/keySound.ts:93:12
Error: Return statement is not allowed here
  91 | }
  92 |   const ac = getContext();
> 93 |   if (!ac) return;
     |            ^^^^^^^
  94 |   try {
  95 |     const t = ac.currentTime;
  96 |     const freq = NOTES[index] ?? NOTES[2];

Parsing ecmascript source code failed

Import traces:
  Client Component Browser:
    ./lib/keySound.ts [Client Component Browser]
    ./components/layout/Navbar.tsx [Client Component Browser]
    ./components/layout/Navbar.tsx [Server Component]
    ./app/page.tsx [Server Component]

  Client Component SSR:
    ./lib/keySound.ts [Client Component SSR]
    ./components/layout/Navbar.tsx [Client Component SSR]
    ./components/layout/Navbar.tsx [Server Component]
    ./app/page.tsx [Server Component] @ http://localhost:3000/_next/static/chunks/node_modules_next_dist_1e8vcs8._.js:1052
[  194494ms] [ERROR] ./lib/keySound.ts:93:12
Error: Return statement is not allowed here
  91 | }
  92 |   const ac = getContext();
> 93 |   if (!ac) return;
     |            ^^^^^^^
  94 |   try {
  95 |     const t = ac.currentTime;
  96 |     const freq = NOTES[index] ?? NOTES[2];

Parsing ecmascript source code failed

Import traces:
  Client Component Browser:
    ./lib/keySound.ts [Client Component Browser]
    ./components/layout/Navbar.tsx [Client Component Browser]
    ./components/layout/Navbar.tsx [Server Component]
    ./app/page.tsx [Server Component]

  Client Component SSR:
    ./lib/keySound.ts [Client Component SSR]
    ./components/layout/Navbar.tsx [Client Component SSR]
    ./components/layout/Navbar.tsx [Server Component]
    ./app/page.tsx [Server Component] @ http://localhost:3000/_next/static/chunks/node_modules_next_dist_1e8vcs8._.js:1052
[  194559ms] [ERROR] ./lib/keySound.ts:93:12
Error: Return statement is not allowed here
  91 | }
  92 |   const ac = getContext();
> 93 |   if (!ac) return;
     |            ^^^^^^^
  94 |   try {
  95 |     const t = ac.currentTime;
  96 |     const freq = NOTES[index] ?? NOTES[2];

Parsing ecmascript source code failed

Import traces:
  Client Component Browser:
    ./lib/keySound.ts [Client Component Browser]
    ./components/layout/Navbar.tsx [Client Component Browser]
    ./components/layout/Navbar.tsx [Server Component]
    ./app/page.tsx [Server Component]

  Client Component SSR:
    ./lib/keySound.ts [Client Component SSR]
    ./components/layout/Navbar.tsx [Client Component SSR]
    ./components/layout/Navbar.tsx [Server Component]
    ./app/page.tsx [Server Component] @ http://localhost:3000/_next/static/chunks/node_modules_next_dist_1e8vcs8._.js:1052
[  194607ms] [ERROR] ./lib/keySound.ts:93:12
Error: Return statement is not allowed here
  91 | }
  92 |   const ac = getContext();
> 93 |   if (!ac) return;
     |            ^^^^^^^
  94 |   try {
  95 |     const t = ac.currentTime;
  96 |     const freq = NOTES[index] ?? NOTES[2];

Parsing ecmascript source code failed

Import traces:
  Client Component Browser:
    ./lib/keySound.ts [Client Component Browser]
    ./components/layout/Navbar.tsx [Client Component Browser]
    ./components/layout/Navbar.tsx [Server Component]
    ./app/page.tsx [Server Component]

  Client Component SSR:
    ./lib/keySound.ts [Client Component SSR]
    ./components/layout/Navbar.tsx [Client Component SSR]
    ./components/layout/Navbar.tsx [Server Component]
    ./app/page.tsx [Server Component] @ http://localhost:3000/_next/static/chunks/node_modules_next_dist_1e8vcs8._.js:1052
[  194663ms] [ERROR] ./lib/keySound.ts:93:12
Error: Return statement is not allowed here
  91 | }
  92 |   const ac = getContext();
> 93 |   if (!ac) return;
     |            ^^^^^^^
  94 |   try {
  95 |     const t = ac.currentTime;
  96 |     const freq = NOTES[index] ?? NOTES[2];

Parsing ecmascript source code failed

Import traces:
  Client Component Browser:
    ./lib/keySound.ts [Client Component Browser]
    ./components/layout/Navbar.tsx [Client Component Browser]
    ./components/layout/Navbar.tsx [Server Component]
    ./app/page.tsx [Server Component]

  Client Component SSR:
    ./lib/keySound.ts [Client Component SSR]
    ./components/layout/Navbar.tsx [Client Component SSR]
    ./components/layout/Navbar.tsx [Server Component]
    ./app/page.tsx [Server Component] @ http://localhost:3000/_next/static/chunks/node_modules_next_dist_1e8vcs8._.js:1052
[  194727ms] [ERROR] ./lib/keySound.ts:93:12
Error: Return statement is not allowed here
  91 | }
  92 |   const ac = getContext();
> 93 |   if (!ac) return;
     |            ^^^^^^^
  94 |   try {
  95 |     const t = ac.currentTime;
  96 |     const freq = NOTES[index] ?? NOTES[2];

Parsing ecmascript source code failed

Import traces:
  Client Component Browser:
    ./lib/keySound.ts [Client Component Browser]
    ./components/layout/Navbar.tsx [Client Component Browser]
    ./components/layout/Navbar.tsx [Server Component]
    ./app/page.tsx [Server Component]

  Client Component SSR:
    ./lib/keySound.ts [Client Component SSR]
    ./components/layout/Navbar.tsx [Client Component SSR]
    ./components/layout/Navbar.tsx [Server Component]
    ./app/page.tsx [Server Component] @ http://localhost:3000/_next/static/chunks/node_modules_next_dist_1e8vcs8._.js:1052
[  194783ms] [ERROR] ./lib/keySound.ts:93:12
Error: Return statement is not allowed here
  91 | }
  92 |   const ac = getContext();
> 93 |   if (!ac) return;
     |            ^^^^^^^
  94 |   try {
  95 |     const t = ac.currentTime;
  96 |     const freq = NOTES[index] ?? NOTES[2];

Parsing ecmascript source code failed

Import traces:
  Client Component Browser:
    ./lib/keySound.ts [Client Component Browser]
    ./components/layout/Navbar.tsx [Client Component Browser]
    ./components/layout/Navbar.tsx [Server Component]
    ./app/page.tsx [Server Component]

  Client Component SSR:
    ./lib/keySound.ts [Client Component SSR]
    ./components/layout/Navbar.tsx [Client Component SSR]
    ./components/layout/Navbar.tsx [Server Component]
    ./app/page.tsx [Server Component] @ http://localhost:3000/_next/static/chunks/node_modules_next_dist_1e8vcs8._.js:1052
[  194832ms] [ERROR] ./lib/keySound.ts:93:12
Error: Return statement is not allowed here
  91 | }
  92 |   const ac = getContext();
> 93 |   if (!ac) return;
     |            ^^^^^^^
  94 |   try {
  95 |     const t = ac.currentTime;
  96 |     const freq = NOTES[index] ?? NOTES[2];

Parsing ecmascript source code failed

Import traces:
  Client Component Browser:
    ./lib/keySound.ts [Client Component Browser]
    ./components/layout/Navbar.tsx [Client Component Browser]
    ./components/layout/Navbar.tsx [Server Component]
    ./app/page.tsx [Server Component]

  Client Component SSR:
    ./lib/keySound.ts [Client Component SSR]
    ./components/layout/Navbar.tsx [Client Component SSR]
    ./components/layout/Navbar.tsx [Server Component]
    ./app/page.tsx [Server Component] @ http://localhost:3000/_next/static/chunks/node_modules_next_dist_1e8vcs8._.js:1052
[  194896ms] [ERROR] ./lib/keySound.ts:93:12
Error: Return statement is not allowed here
  91 | }
  92 |   const ac = getContext();
> 93 |   if (!ac) return;
     |            ^^^^^^^
  94 |   try {
  95 |     const t = ac.currentTime;
  96 |     const freq = NOTES[index] ?? NOTES[2];

Parsing ecmascript source code failed

Import traces:
  Client Component Browser:
    ./lib/keySound.ts [Client Component Browser]
    ./components/layout/Navbar.tsx [Client Component Browser]
    ./components/layout/Navbar.tsx [Server Component]
    ./app/page.tsx [Server Component]

  Client Component SSR:
    ./lib/keySound.ts [Client Component SSR]
    ./components/layout/Navbar.tsx [Client Component SSR]
    ./components/layout/Navbar.tsx [Server Component]
    ./app/page.tsx [Server Component] @ http://localhost:3000/_next/static/chunks/node_modules_next_dist_1e8vcs8._.js:1052
[  194944ms] [ERROR] ./lib/keySound.ts:93:12
Error: Return statement is not allowed here
  91 | }
  92 |   const ac = getContext();
> 93 |   if (!ac) return;
     |            ^^^^^^^
  94 |   try {
  95 |     const t = ac.currentTime;
  96 |     const freq = NOTES[index] ?? NOTES[2];

Parsing ecmascript source code failed

Import traces:
  Client Component Browser:
    ./lib/keySound.ts [Client Component Browser]
    ./components/layout/Navbar.tsx [Client Component Browser]
    ./components/layout/Navbar.tsx [Server Component]
    ./app/page.tsx [Server Component]

  Client Component SSR:
    ./lib/keySound.ts [Client Component SSR]
    ./components/layout/Navbar.tsx [Client Component SSR]
    ./components/layout/Navbar.tsx [Server Component]
    ./app/page.tsx [Server Component] @ http://localhost:3000/_next/static/chunks/node_modules_next_dist_1e8vcs8._.js:1052
[  194992ms] [ERROR] ./lib/keySound.ts:93:12
Error: Return statement is not allowed here
  91 | }
  92 |   const ac = getContext();
> 93 |   if (!ac) return;
     |            ^^^^^^^
  94 |   try {
  95 |     const t = ac.currentTime;
  96 |     const freq = NOTES[index] ?? NOTES[2];

Parsing ecmascript source code failed

Import traces:
  Client Component Browser:
    ./lib/keySound.ts [Client Component Browser]
    ./components/layout/Navbar.tsx [Client Component Browser]
    ./components/layout/Navbar.tsx [Server Component]
    ./app/page.tsx [Server Component]

  Client Component SSR:
    ./lib/keySound.ts [Client Component SSR]
    ./components/layout/Navbar.tsx [Client Component SSR]
    ./components/layout/Navbar.tsx [Server Component]
    ./app/page.tsx [Server Component] @ http://localhost:3000/_next/static/chunks/node_modules_next_dist_1e8vcs8._.js:1052
[  195047ms] [ERROR] ./lib/keySound.ts:93:12
Error: Return statement is not allowed here
  91 | }
  92 |   const ac = getContext();
> 93 |   if (!ac) return;
     |            ^^^^^^^
  94 |   try {
  95 |     const t = ac.currentTime;
  96 |     const freq = NOTES[index] ?? NOTES[2];

Parsing ecmascript source code failed

Import traces:
  Client Component Browser:
    ./lib/keySound.ts [Client Component Browser]
    ./components/layout/Navbar.tsx [Client Component Browser]
    ./components/layout/Navbar.tsx [Server Component]
    ./app/page.tsx [Server Component]

  Client Component SSR:
    ./lib/keySound.ts [Client Component SSR]
    ./components/layout/Navbar.tsx [Client Component SSR]
    ./components/layout/Navbar.tsx [Server Component]
    ./app/page.tsx [Server Component] @ http://localhost:3000/_next/static/chunks/node_modules_next_dist_1e8vcs8._.js:1052
[  195096ms] [ERROR] ./lib/keySound.ts:93:12
Error: Return statement is not allowed here
  91 | }
  92 |   const ac = getContext();
> 93 |   if (!ac) return;
     |            ^^^^^^^
  94 |   try {
  95 |     const t = ac.currentTime;
  96 |     const freq = NOTES[index] ?? NOTES[2];

Parsing ecmascript source code failed

Import traces:
  Client Component Browser:
    ./lib/keySound.ts [Client Component Browser]
    ./components/layout/Navbar.tsx [Client Component Browser]
    ./components/layout/Navbar.tsx [Server Component]
    ./app/page.tsx [Server Component]

  Client Component SSR:
    ./lib/keySound.ts [Client Component SSR]
    ./components/layout/Navbar.tsx [Client Component SSR]
    ./components/layout/Navbar.tsx [Server Component]
    ./app/page.tsx [Server Component] @ http://localhost:3000/_next/static/chunks/node_modules_next_dist_1e8vcs8._.js:1052
[  195143ms] [ERROR] ./lib/keySound.ts:93:12
Error: Return statement is not allowed here
  91 | }
  92 |   const ac = getContext();
> 93 |   if (!ac) return;
     |            ^^^^^^^
  94 |   try {
  95 |     const t = ac.currentTime;
  96 |     const freq = NOTES[index] ?? NOTES[2];

Parsing ecmascript source code failed

Import traces:
  Client Component Browser:
    ./lib/keySound.ts [Client Component Browser]
    ./components/layout/Navbar.tsx [Client Component Browser]
    ./components/layout/Navbar.tsx [Server Component]
    ./app/page.tsx [Server Component]

  Client Component SSR:
    ./lib/keySound.ts [Client Component SSR]
    ./components/layout/Navbar.tsx [Client Component SSR]
    ./components/layout/Navbar.tsx [Server Component]
    ./app/page.tsx [Server Component] @ http://localhost:3000/_next/static/chunks/node_modules_next_dist_1e8vcs8._.js:1052
[  195198ms] [ERROR] ./lib/keySound.ts:93:12
Error: Return statement is not allowed here
  91 | }
  92 |   const ac = getContext();
> 93 |   if (!ac) return;
     |            ^^^^^^^
  94 |   try {
  95 |     const t = ac.currentTime;
  96 |     const freq = NOTES[index] ?? NOTES[2];

Parsing ecmascript source code failed

Import traces:
  Client Component Browser:
    ./lib/keySound.ts [Client Component Browser]
    ./components/layout/Navbar.tsx [Client Component Browser]
    ./components/layout/Navbar.tsx [Server Component]
    ./app/page.tsx [Server Component]

  Client Component SSR:
    ./lib/keySound.ts [Client Component SSR]
    ./components/layout/Navbar.tsx [Client Component SSR]
    ./components/layout/Navbar.tsx [Server Component]
    ./app/page.tsx [Server Component] @ http://localhost:3000/_next/static/chunks/node_modules_next_dist_1e8vcs8._.js:1052
[  195248ms] [ERROR] ./lib/keySound.ts:93:12
Error: Return statement is not allowed here
  91 | }
  92 |   const ac = getContext();
> 93 |   if (!ac) return;
     |            ^^^^^^^
  94 |   try {
  95 |     const t = ac.currentTime;
  96 |     const freq = NOTES[index] ?? NOTES[2];

Parsing ecmascript source code failed

Import traces:
  Client Component Browser:
    ./lib/keySound.ts [Client Component Browser]
    ./components/layout/Navbar.tsx [Client Component Browser]
    ./components/layout/Navbar.tsx [Server Component]
    ./app/page.tsx [Server Component]

  Client Component SSR:
    ./lib/keySound.ts [Client Component SSR]
    ./components/layout/Navbar.tsx [Client Component SSR]
    ./components/layout/Navbar.tsx [Server Component]
    ./app/page.tsx [Server Component] @ http://localhost:3000/_next/static/chunks/node_modules_next_dist_1e8vcs8._.js:1052
[  195306ms] [ERROR] ./lib/keySound.ts:93:12
Error: Return statement is not allowed here
  91 | }
  92 |   const ac = getContext();
> 93 |   if (!ac) return;
     |            ^^^^^^^
  94 |   try {
  95 |     const t = ac.currentTime;
  96 |     const freq = NOTES[index] ?? NOTES[2];

Parsing ecmascript source code failed

Import traces:
  Client Component Browser:
    ./lib/keySound.ts [Client Component Browser]
    ./components/layout/Navbar.tsx [Client Component Browser]
    ./components/layout/Navbar.tsx [Server Component]
    ./app/page.tsx [Server Component]

  Client Component SSR:
    ./lib/keySound.ts [Client Component SSR]
    ./components/layout/Navbar.tsx [Client Component SSR]
    ./components/layout/Navbar.tsx [Server Component]
    ./app/page.tsx [Server Component] @ http://localhost:3000/_next/static/chunks/node_modules_next_dist_1e8vcs8._.js:1052
[  195359ms] [ERROR] ./lib/keySound.ts:93:12
Error: Return statement is not allowed here
  91 | }
  92 |   const ac = getContext();
> 93 |   if (!ac) return;
     |            ^^^^^^^
  94 |   try {
  95 |     const t = ac.currentTime;
  96 |     const freq = NOTES[index] ?? NOTES[2];

Parsing ecmascript source code failed

Import traces:
  Client Component Browser:
    ./lib/keySound.ts [Client Component Browser]
    ./components/layout/Navbar.tsx [Client Component Browser]
    ./components/layout/Navbar.tsx [Server Component]
    ./app/page.tsx [Server Component]

  Client Component SSR:
    ./lib/keySound.ts [Client Component SSR]
    ./components/layout/Navbar.tsx [Client Component SSR]
    ./components/layout/Navbar.tsx [Server Component]
    ./app/page.tsx [Server Component] @ http://localhost:3000/_next/static/chunks/node_modules_next_dist_1e8vcs8._.js:1052
[  195415ms] [ERROR] ./lib/keySound.ts:93:12
Error: Return statement is not allowed here
  91 | }
  92 |   const ac = getContext();
> 93 |   if (!ac) return;
     |            ^^^^^^^
  94 |   try {
  95 |     const t = ac.currentTime;
  96 |     const freq = NOTES[index] ?? NOTES[2];

Parsing ecmascript source code failed

Import traces:
  Client Component Browser:
    ./lib/keySound.ts [Client Component Browser]
    ./components/layout/Navbar.tsx [Client Component Browser]
    ./components/layout/Navbar.tsx [Server Component]
    ./app/page.tsx [Server Component]

  Client Component SSR:
    ./lib/keySound.ts [Client Component SSR]
    ./components/layout/Navbar.tsx [Client Component SSR]
    ./components/layout/Navbar.tsx [Server Component]
    ./app/page.tsx [Server Component] @ http://localhost:3000/_next/static/chunks/node_modules_next_dist_1e8vcs8._.js:1052
[  195466ms] [ERROR] ./lib/keySound.ts:93:12
Error: Return statement is not allowed here
  91 | }
  92 |   const ac = getContext();
> 93 |   if (!ac) return;
     |            ^^^^^^^
  94 |   try {
  95 |     const t = ac.currentTime;
  96 |     const freq = NOTES[index] ?? NOTES[2];

Parsing ecmascript source code failed

Import traces:
  Client Component Browser:
    ./lib/keySound.ts [Client Component Browser]
    ./components/layout/Navbar.tsx [Client Component Browser]
    ./components/layout/Navbar.tsx [Server Component]
    ./app/page.tsx [Server Component]

  Client Component SSR:
    ./lib/keySound.ts [Client Component SSR]
    ./components/layout/Navbar.tsx [Client Component SSR]
    ./components/layout/Navbar.tsx [Server Component]
    ./app/page.tsx [Server Component] @ http://localhost:3000/_next/static/chunks/node_modules_next_dist_1e8vcs8._.js:1052
[  195513ms] [ERROR] ./lib/keySound.ts:93:12
Error: Return statement is not allowed here
  91 | }
  92 |   const ac = getContext();
> 93 |   if (!ac) return;
     |            ^^^^^^^
  94 |   try {
  95 |     const t = ac.currentTime;
  96 |     const freq = NOTES[index] ?? NOTES[2];

Parsing ecmascript source code failed

Import traces:
  Client Component Browser:
    ./lib/keySound.ts [Client Component Browser]
    ./components/layout/Navbar.tsx [Client Component Browser]
    ./components/layout/Navbar.tsx [Server Component]
    ./app/page.tsx [Server Component]

  Client Component SSR:
    ./lib/keySound.ts [Client Component SSR]
    ./components/layout/Navbar.tsx [Client Component SSR]
    ./components/layout/Navbar.tsx [Server Component]
    ./app/page.tsx [Server Component] @ http://localhost:3000/_next/static/chunks/node_modules_next_dist_1e8vcs8._.js:1052
[  195576ms] [ERROR] ./lib/keySound.ts:93:12
Error: Return statement is not allowed here
  91 | }
  92 |   const ac = getContext();
> 93 |   if (!ac) return;
     |            ^^^^^^^
  94 |   try {
  95 |     const t = ac.currentTime;
  96 |     const freq = NOTES[index] ?? NOTES[2];

Parsing ecmascript source code failed

Import traces:
  Client Component Browser:
    ./lib/keySound.ts [Client Component Browser]
    ./components/layout/Navbar.tsx [Client Component Browser]
    ./components/layout/Navbar.tsx [Server Component]
    ./app/page.tsx [Server Component]

  Client Component SSR:
    ./lib/keySound.ts [Client Component SSR]
    ./components/layout/Navbar.tsx [Client Component SSR]
    ./components/layout/Navbar.tsx [Server Component]
    ./app/page.tsx [Server Component] @ http://localhost:3000/_next/static/chunks/node_modules_next_dist_1e8vcs8._.js:1052
[  195633ms] [ERROR] ./lib/keySound.ts:93:12
Error: Return statement is not allowed here
  91 | }
  92 |   const ac = getContext();
> 93 |   if (!ac) return;
     |            ^^^^^^^
  94 |   try {
  95 |     const t = ac.currentTime;
  96 |     const freq = NOTES[index] ?? NOTES[2];

Parsing ecmascript source code failed

Import traces:
  Client Component Browser:
    ./lib/keySound.ts [Client Component Browser]
    ./components/layout/Navbar.tsx [Client Component Browser]
    ./components/layout/Navbar.tsx [Server Component]
    ./app/page.tsx [Server Component]

  Client Component SSR:
    ./lib/keySound.ts [Client Component SSR]
    ./components/layout/Navbar.tsx [Client Component SSR]
    ./components/layout/Navbar.tsx [Server Component]
    ./app/page.tsx [Server Component] @ http://localhost:3000/_next/static/chunks/node_modules_next_dist_1e8vcs8._.js:1052
[  195682ms] [ERROR] ./lib/keySound.ts:93:12
Error: Return statement is not allowed here
  91 | }
  92 |   const ac = getContext();
> 93 |   if (!ac) return;
     |            ^^^^^^^
  94 |   try {
  95 |     const t = ac.currentTime;
  96 |     const freq = NOTES[index] ?? NOTES[2];

Parsing ecmascript source code failed

Import traces:
  Client Component Browser:
    ./lib/keySound.ts [Client Component Browser]
    ./components/layout/Navbar.tsx [Client Component Browser]
    ./components/layout/Navbar.tsx [Server Component]
    ./app/page.tsx [Server Component]

  Client Component SSR:
    ./lib/keySound.ts [Client Component SSR]
    ./components/layout/Navbar.tsx [Client Component SSR]
    ./components/layout/Navbar.tsx [Server Component]
    ./app/page.tsx [Server Component] @ http://localhost:3000/_next/static/chunks/node_modules_next_dist_1e8vcs8._.js:1052
[  195730ms] [ERROR] ./lib/keySound.ts:93:12
Error: Return statement is not allowed here
  91 | }
  92 |   const ac = getContext();
> 93 |   if (!ac) return;
     |            ^^^^^^^
  94 |   try {
  95 |     const t = ac.currentTime;
  96 |     const freq = NOTES[index] ?? NOTES[2];

Parsing ecmascript source code failed

Import traces:
  Client Component Browser:
    ./lib/keySound.ts [Client Component Browser]
    ./components/layout/Navbar.tsx [Client Component Browser]
    ./components/layout/Navbar.tsx [Server Component]
    ./app/page.tsx [Server Component]

  Client Component SSR:
    ./lib/keySound.ts [Client Component SSR]
    ./components/layout/Navbar.tsx [Client Component SSR]
    ./components/layout/Navbar.tsx [Server Component]
    ./app/page.tsx [Server Component] @ http://localhost:3000/_next/static/chunks/node_modules_next_dist_1e8vcs8._.js:1052
[  195789ms] [ERROR] ./lib/keySound.ts:93:12
Error: Return statement is not allowed here
  91 | }
  92 |   const ac = getContext();
> 93 |   if (!ac) return;
     |            ^^^^^^^
  94 |   try {
  95 |     const t = ac.currentTime;
  96 |     const freq = NOTES[index] ?? NOTES[2];

Parsing ecmascript source code failed

Import traces:
  Client Component Browser:
    ./lib/keySound.ts [Client Component Browser]
    ./components/layout/Navbar.tsx [Client Component Browser]
    ./components/layout/Navbar.tsx [Server Component]
    ./app/page.tsx [Server Component]

  Client Component SSR:
    ./lib/keySound.ts [Client Component SSR]
    ./components/layout/Navbar.tsx [Client Component SSR]
    ./components/layout/Navbar.tsx [Server Component]
    ./app/page.tsx [Server Component] @ http://localhost:3000/_next/static/chunks/node_modules_next_dist_1e8vcs8._.js:1052
[  195843ms] [ERROR] ./lib/keySound.ts:93:12
Error: Return statement is not allowed here
  91 | }
  92 |   const ac = getContext();
> 93 |   if (!ac) return;
     |            ^^^^^^^
  94 |   try {
  95 |     const t = ac.currentTime;
  96 |     const freq = NOTES[index] ?? NOTES[2];

Parsing ecmascript source code failed

Import traces:
  Client Component Browser:
    ./lib/keySound.ts [Client Component Browser]
    ./components/layout/Navbar.tsx [Client Component Browser]
    ./components/layout/Navbar.tsx [Server Component]
    ./app/page.tsx [Server Component]

  Client Component SSR:
    ./lib/keySound.ts [Client Component SSR]
    ./components/layout/Navbar.tsx [Client Component SSR]
    ./components/layout/Navbar.tsx [Server Component]
    ./app/page.tsx [Server Component] @ http://localhost:3000/_next/static/chunks/node_modules_next_dist_1e8vcs8._.js:1052
[  195899ms] [ERROR] ./lib/keySound.ts:93:12
Error: Return statement is not allowed here
  91 | }
  92 |   const ac = getContext();
> 93 |   if (!ac) return;
     |            ^^^^^^^
  94 |   try {
  95 |     const t = ac.currentTime;
  96 |     const freq = NOTES[index] ?? NOTES[2];

Parsing ecmascript source code failed

Import traces:
  Client Component Browser:
    ./lib/keySound.ts [Client Component Browser]
    ./components/layout/Navbar.tsx [Client Component Browser]
    ./components/layout/Navbar.tsx [Server Component]
    ./app/page.tsx [Server Component]

  Client Component SSR:
    ./lib/keySound.ts [Client Component SSR]
    ./components/layout/Navbar.tsx [Client Component SSR]
    ./components/layout/Navbar.tsx [Server Component]
    ./app/page.tsx [Server Component] @ http://localhost:3000/_next/static/chunks/node_modules_next_dist_1e8vcs8._.js:1052
[  195946ms] [ERROR] ./lib/keySound.ts:93:12
Error: Return statement is not allowed here
  91 | }
  92 |   const ac = getContext();
> 93 |   if (!ac) return;
     |            ^^^^^^^
  94 |   try {
  95 |     const t = ac.currentTime;
  96 |     const freq = NOTES[index] ?? NOTES[2];

Parsing ecmascript source code failed

Import traces:
  Client Component Browser:
    ./lib/keySound.ts [Client Component Browser]
    ./components/layout/Navbar.tsx [Client Component Browser]
    ./components/layout/Navbar.tsx [Server Component]
    ./app/page.tsx [Server Component]

  Client Component SSR:
    ./lib/keySound.ts [Client Component SSR]
    ./components/layout/Navbar.tsx [Client Component SSR]
    ./components/layout/Navbar.tsx [Server Component]
    ./app/page.tsx [Server Component] @ http://localhost:3000/_next/static/chunks/node_modules_next_dist_1e8vcs8._.js:1052
[  196012ms] [ERROR] ./lib/keySound.ts:93:12
Error: Return statement is not allowed here
  91 | }
  92 |   const ac = getContext();
> 93 |   if (!ac) return;
     |            ^^^^^^^
  94 |   try {
  95 |     const t = ac.currentTime;
  96 |     const freq = NOTES[index] ?? NOTES[2];

Parsing ecmascript source code failed

Import traces:
  Client Component Browser:
    ./lib/keySound.ts [Client Component Browser]
    ./components/layout/Navbar.tsx [Client Component Browser]
    ./components/layout/Navbar.tsx [Server Component]
    ./app/page.tsx [Server Component]

  Client Component SSR:
    ./lib/keySound.ts [Client Component SSR]
    ./components/layout/Navbar.tsx [Client Component SSR]
    ./components/layout/Navbar.tsx [Server Component]
    ./app/page.tsx [Server Component] @ http://localhost:3000/_next/static/chunks/node_modules_next_dist_1e8vcs8._.js:1052
[  196073ms] [ERROR] ./lib/keySound.ts:93:12
Error: Return statement is not allowed here
  91 | }
  92 |   const ac = getContext();
> 93 |   if (!ac) return;
     |            ^^^^^^^
  94 |   try {
  95 |     const t = ac.currentTime;
  96 |     const freq = NOTES[index] ?? NOTES[2];

Parsing ecmascript source code failed

Import traces:
  Client Component Browser:
    ./lib/keySound.ts [Client Component Browser]
    ./components/layout/Navbar.tsx [Client Component Browser]
    ./components/layout/Navbar.tsx [Server Component]
    ./app/page.tsx [Server Component]

  Client Component SSR:
    ./lib/keySound.ts [Client Component SSR]
    ./components/layout/Navbar.tsx [Client Component SSR]
    ./components/layout/Navbar.tsx [Server Component]
    ./app/page.tsx [Server Component] @ http://localhost:3000/_next/static/chunks/node_modules_next_dist_1e8vcs8._.js:1052
[  196117ms] [ERROR] ./lib/keySound.ts:93:12
Error: Return statement is not allowed here
  91 | }
  92 |   const ac = getContext();
> 93 |   if (!ac) return;
     |            ^^^^^^^
  94 |   try {
  95 |     const t = ac.currentTime;
  96 |     const freq = NOTES[index] ?? NOTES[2];

Parsing ecmascript source code failed

Import traces:
  Client Component Browser:
    ./lib/keySound.ts [Client Component Browser]
    ./components/layout/Navbar.tsx [Client Component Browser]
    ./components/layout/Navbar.tsx [Server Component]
    ./app/page.tsx [Server Component]

  Client Component SSR:
    ./lib/keySound.ts [Client Component SSR]
    ./components/layout/Navbar.tsx [Client Component SSR]
    ./components/layout/Navbar.tsx [Server Component]
    ./app/page.tsx [Server Component] @ http://localhost:3000/_next/static/chunks/node_modules_next_dist_1e8vcs8._.js:1052
[  196179ms] [ERROR] ./lib/keySound.ts:93:12
Error: Return statement is not allowed here
  91 | }
  92 |   const ac = getContext();
> 93 |   if (!ac) return;
     |            ^^^^^^^
  94 |   try {
  95 |     const t = ac.currentTime;
  96 |     const freq = NOTES[index] ?? NOTES[2];

Parsing ecmascript source code failed

Import traces:
  Client Component Browser:
    ./lib/keySound.ts [Client Component Browser]
    ./components/layout/Navbar.tsx [Client Component Browser]
    ./components/layout/Navbar.tsx [Server Component]
    ./app/page.tsx [Server Component]

  Client Component SSR:
    ./lib/keySound.ts [Client Component SSR]
    ./components/layout/Navbar.tsx [Client Component SSR]
    ./components/layout/Navbar.tsx [Server Component]
    ./app/page.tsx [Server Component] @ http://localhost:3000/_next/static/chunks/node_modules_next_dist_1e8vcs8._.js:1052
[  196228ms] [ERROR] ./lib/keySound.ts:93:12
Error: Return statement is not allowed here
  91 | }
  92 |   const ac = getContext();
> 93 |   if (!ac) return;
     |            ^^^^^^^
  94 |   try {
  95 |     const t = ac.currentTime;
  96 |     const freq = NOTES[index] ?? NOTES[2];

Parsing ecmascript source code failed

Import traces:
  Client Component Browser:
    ./lib/keySound.ts [Client Component Browser]
    ./components/layout/Navbar.tsx [Client Component Browser]
    ./components/layout/Navbar.tsx [Server Component]
    ./app/page.tsx [Server Component]

  Client Component SSR:
    ./lib/keySound.ts [Client Component SSR]
    ./components/layout/Navbar.tsx [Client Component SSR]
    ./components/layout/Navbar.tsx [Server Component]
    ./app/page.tsx [Server Component] @ http://localhost:3000/_next/static/chunks/node_modules_next_dist_1e8vcs8._.js:1052
[  196287ms] [ERROR] ./lib/keySound.ts:93:12
Error: Return statement is not allowed here
  91 | }
  92 |   const ac = getContext();
> 93 |   if (!ac) return;
     |            ^^^^^^^
  94 |   try {
  95 |     const t = ac.currentTime;
  96 |     const freq = NOTES[index] ?? NOTES[2];

Parsing ecmascript source code failed

Import traces:
  Client Component Browser:
    ./lib/keySound.ts [Client Component Browser]
    ./components/layout/Navbar.tsx [Client Component Browser]
    ./components/layout/Navbar.tsx [Server Component]
    ./app/page.tsx [Server Component]

  Client Component SSR:
    ./lib/keySound.ts [Client Component SSR]
    ./components/layout/Navbar.tsx [Client Component SSR]
    ./components/layout/Navbar.tsx [Server Component]
    ./app/page.tsx [Server Component] @ http://localhost:3000/_next/static/chunks/node_modules_next_dist_1e8vcs8._.js:1052
[  196346ms] [ERROR] ./lib/keySound.ts:93:12
Error: Return statement is not allowed here
  91 | }
  92 |   const ac = getContext();
> 93 |   if (!ac) return;
     |            ^^^^^^^
  94 |   try {
  95 |     const t = ac.currentTime;
  96 |     const freq = NOTES[index] ?? NOTES[2];

Parsing ecmascript source code failed

Import traces:
  Client Component Browser:
    ./lib/keySound.ts [Client Component Browser]
    ./components/layout/Navbar.tsx [Client Component Browser]
    ./components/layout/Navbar.tsx [Server Component]
    ./app/page.tsx [Server Component]

  Client Component SSR:
    ./lib/keySound.ts [Client Component SSR]
    ./components/layout/Navbar.tsx [Client Component SSR]
    ./components/layout/Navbar.tsx [Server Component]
    ./app/page.tsx [Server Component] @ http://localhost:3000/_next/static/chunks/node_modules_next_dist_1e8vcs8._.js:1052
[  196398ms] [ERROR] ./lib/keySound.ts:93:12
Error: Return statement is not allowed here
  91 | }
  92 |   const ac = getContext();
> 93 |   if (!ac) return;
     |            ^^^^^^^
  94 |   try {
  95 |     const t = ac.currentTime;
  96 |     const freq = NOTES[index] ?? NOTES[2];

Parsing ecmascript source code failed

Import traces:
  Client Component Browser:
    ./lib/keySound.ts [Client Component Browser]
    ./components/layout/Navbar.tsx [Client Component Browser]
    ./components/layout/Navbar.tsx [Server Component]
    ./app/page.tsx [Server Component]

  Client Component SSR:
    ./lib/keySound.ts [Client Component SSR]
    ./components/layout/Navbar.tsx [Client Component SSR]
    ./components/layout/Navbar.tsx [Server Component]
    ./app/page.tsx [Server Component] @ http://localhost:3000/_next/static/chunks/node_modules_next_dist_1e8vcs8._.js:1052
[  196462ms] [ERROR] ./lib/keySound.ts:93:12
Error: Return statement is not allowed here
  91 | }
  92 |   const ac = getContext();
> 93 |   if (!ac) return;
     |            ^^^^^^^
  94 |   try {
  95 |     const t = ac.currentTime;
  96 |     const freq = NOTES[index] ?? NOTES[2];

Parsing ecmascript source code failed

Import traces:
  Client Component Browser:
    ./lib/keySound.ts [Client Component Browser]
    ./components/layout/Navbar.tsx [Client Component Browser]
    ./components/layout/Navbar.tsx [Server Component]
    ./app/page.tsx [Server Component]

  Client Component SSR:
    ./lib/keySound.ts [Client Component SSR]
    ./components/layout/Navbar.tsx [Client Component SSR]
    ./components/layout/Navbar.tsx [Server Component]
    ./app/page.tsx [Server Component] @ http://localhost:3000/_next/static/chunks/node_modules_next_dist_1e8vcs8._.js:1052
[  196511ms] [ERROR] ./lib/keySound.ts:93:12
Error: Return statement is not allowed here
  91 | }
  92 |   const ac = getContext();
> 93 |   if (!ac) return;
     |            ^^^^^^^
  94 |   try {
  95 |     const t = ac.currentTime;
  96 |     const freq = NOTES[index] ?? NOTES[2];

Parsing ecmascript source code failed

Import traces:
  Client Component Browser:
    ./lib/keySound.ts [Client Component Browser]
    ./components/layout/Navbar.tsx [Client Component Browser]
    ./components/layout/Navbar.tsx [Server Component]
    ./app/page.tsx [Server Component]

  Client Component SSR:
    ./lib/keySound.ts [Client Component SSR]
    ./components/layout/Navbar.tsx [Client Component SSR]
    ./components/layout/Navbar.tsx [Server Component]
    ./app/page.tsx [Server Component] @ http://localhost:3000/_next/static/chunks/node_modules_next_dist_1e8vcs8._.js:1052
[  196568ms] [ERROR] ./lib/keySound.ts:93:12
Error: Return statement is not allowed here
  91 | }
  92 |   const ac = getContext();
> 93 |   if (!ac) return;
     |            ^^^^^^^
  94 |   try {
  95 |     const t = ac.currentTime;
  96 |     const freq = NOTES[index] ?? NOTES[2];

Parsing ecmascript source code failed

Import traces:
  Client Component Browser:
    ./lib/keySound.ts [Client Component Browser]
    ./components/layout/Navbar.tsx [Client Component Browser]
    ./components/layout/Navbar.tsx [Server Component]
    ./app/page.tsx [Server Component]

  Client Component SSR:
    ./lib/keySound.ts [Client Component SSR]
    ./components/layout/Navbar.tsx [Client Component SSR]
    ./components/layout/Navbar.tsx [Server Component]
    ./app/page.tsx [Server Component] @ http://localhost:3000/_next/static/chunks/node_modules_next_dist_1e8vcs8._.js:1052
[  196631ms] [ERROR] ./lib/keySound.ts:93:12
Error: Return statement is not allowed here
  91 | }
  92 |   const ac = getContext();
> 93 |   if (!ac) return;
     |            ^^^^^^^
  94 |   try {
  95 |     const t = ac.currentTime;
  96 |     const freq = NOTES[index] ?? NOTES[2];

Parsing ecmascript source code failed

Import traces:
  Client Component Browser:
    ./lib/keySound.ts [Client Component Browser]
    ./components/layout/Navbar.tsx [Client Component Browser]
    ./components/layout/Navbar.tsx [Server Component]
    ./app/page.tsx [Server Component]

  Client Component SSR:
    ./lib/keySound.ts [Client Component SSR]
    ./components/layout/Navbar.tsx [Client Component SSR]
    ./components/layout/Navbar.tsx [Server Component]
    ./app/page.tsx [Server Component] @ http://localhost:3000/_next/static/chunks/node_modules_next_dist_1e8vcs8._.js:1052
[  196692ms] [ERROR] ./lib/keySound.ts:93:12
Error: Return statement is not allowed here
  91 | }
  92 |   const ac = getContext();
> 93 |   if (!ac) return;
     |            ^^^^^^^
  94 |   try {
  95 |     const t = ac.currentTime;
  96 |     const freq = NOTES[index] ?? NOTES[2];

Parsing ecmascript source code failed

Import traces:
  Client Component Browser:
    ./lib/keySound.ts [Client Component Browser]
    ./components/layout/Navbar.tsx [Client Component Browser]
    ./components/layout/Navbar.tsx [Server Component]
    ./app/page.tsx [Server Component]

  Client Component SSR:
    ./lib/keySound.ts [Client Component SSR]
    ./components/layout/Navbar.tsx [Client Component SSR]
    ./components/layout/Navbar.tsx [Server Component]
    ./app/page.tsx [Server Component] @ http://localhost:3000/_next/static/chunks/node_modules_next_dist_1e8vcs8._.js:1052
[  196748ms] [ERROR] ./lib/keySound.ts:93:12
Error: Return statement is not allowed here
  91 | }
  92 |   const ac = getContext();
> 93 |   if (!ac) return;
     |            ^^^^^^^
  94 |   try {
  95 |     const t = ac.currentTime;
  96 |     const freq = NOTES[index] ?? NOTES[2];

Parsing ecmascript source code failed

Import traces:
  Client Component Browser:
    ./lib/keySound.ts [Client Component Browser]
    ./components/layout/Navbar.tsx [Client Component Browser]
    ./components/layout/Navbar.tsx [Server Component]
    ./app/page.tsx [Server Component]

  Client Component SSR:
    ./lib/keySound.ts [Client Component SSR]
    ./components/layout/Navbar.tsx [Client Component SSR]
    ./components/layout/Navbar.tsx [Server Component]
    ./app/page.tsx [Server Component] @ http://localhost:3000/_next/static/chunks/node_modules_next_dist_1e8vcs8._.js:1052
[  196806ms] [ERROR] ./lib/keySound.ts:93:12
Error: Return statement is not allowed here
  91 | }
  92 |   const ac = getContext();
> 93 |   if (!ac) return;
     |            ^^^^^^^
  94 |   try {
  95 |     const t = ac.currentTime;
  96 |     const freq = NOTES[index] ?? NOTES[2];

Parsing ecmascript source code failed

Import traces:
  Client Component Browser:
    ./lib/keySound.ts [Client Component Browser]
    ./components/layout/Navbar.tsx [Client Component Browser]
    ./components/layout/Navbar.tsx [Server Component]
    ./app/page.tsx [Server Component]

  Client Component SSR:
    ./lib/keySound.ts [Client Component SSR]
    ./components/layout/Navbar.tsx [Client Component SSR]
    ./components/layout/Navbar.tsx [Server Component]
    ./app/page.tsx [Server Component] @ http://localhost:3000/_next/static/chunks/node_modules_next_dist_1e8vcs8._.js:1052
[  196860ms] [ERROR] ./lib/keySound.ts:93:12
Error: Return statement is not allowed here
  91 | }
  92 |   const ac = getContext();
> 93 |   if (!ac) return;
     |            ^^^^^^^
  94 |   try {
  95 |     const t = ac.currentTime;
  96 |     const freq = NOTES[index] ?? NOTES[2];

Parsing ecmascript source code failed

Import traces:
  Client Component Browser:
    ./lib/keySound.ts [Client Component Browser]
    ./components/layout/Navbar.tsx [Client Component Browser]
    ./components/layout/Navbar.tsx [Server Component]
    ./app/page.tsx [Server Component]

  Client Component SSR:
    ./lib/keySound.ts [Client Component SSR]
    ./components/layout/Navbar.tsx [Client Component SSR]
    ./components/layout/Navbar.tsx [Server Component]
    ./app/page.tsx [Server Component] @ http://localhost:3000/_next/static/chunks/node_modules_next_dist_1e8vcs8._.js:1052
[  196909ms] [ERROR] ./lib/keySound.ts:93:12
Error: Return statement is not allowed here
  91 | }
  92 |   const ac = getContext();
> 93 |   if (!ac) return;
     |            ^^^^^^^
  94 |   try {
  95 |     const t = ac.currentTime;
  96 |     const freq = NOTES[index] ?? NOTES[2];

Parsing ecmascript source code failed

Import traces:
  Client Component Browser:
    ./lib/keySound.ts [Client Component Browser]
    ./components/layout/Navbar.tsx [Client Component Browser]
    ./components/layout/Navbar.tsx [Server Component]
    ./app/page.tsx [Server Component]

  Client Component SSR:
    ./lib/keySound.ts [Client Component SSR]
    ./components/layout/Navbar.tsx [Client Component SSR]
    ./components/layout/Navbar.tsx [Server Component]
    ./app/page.tsx [Server Component] @ http://localhost:3000/_next/static/chunks/node_modules_next_dist_1e8vcs8._.js:1052
[  196965ms] [ERROR] ./lib/keySound.ts:93:12
Error: Return statement is not allowed here
  91 | }
  92 |   const ac = getContext();
> 93 |   if (!ac) return;
     |            ^^^^^^^
  94 |   try {
  95 |     const t = ac.currentTime;
  96 |     const freq = NOTES[index] ?? NOTES[2];

Parsing ecmascript source code failed

Import traces:
  Client Component Browser:
    ./lib/keySound.ts [Client Component Browser]
    ./components/layout/Navbar.tsx [Client Component Browser]
    ./components/layout/Navbar.tsx [Server Component]
    ./app/page.tsx [Server Component]

  Client Component SSR:
    ./lib/keySound.ts [Client Component SSR]
    ./components/layout/Navbar.tsx [Client Component SSR]
    ./components/layout/Navbar.tsx [Server Component]
    ./app/page.tsx [Server Component] @ http://localhost:3000/_next/static/chunks/node_modules_next_dist_1e8vcs8._.js:1052
[  197029ms] [ERROR] ./lib/keySound.ts:93:12
Error: Return statement is not allowed here
  91 | }
  92 |   const ac = getContext();
> 93 |   if (!ac) return;
     |            ^^^^^^^
  94 |   try {
  95 |     const t = ac.currentTime;
  96 |     const freq = NOTES[index] ?? NOTES[2];

Parsing ecmascript source code failed

Import traces:
  Client Component Browser:
    ./lib/keySound.ts [Client Component Browser]
    ./components/layout/Navbar.tsx [Client Component Browser]
    ./components/layout/Navbar.tsx [Server Component]
    ./app/page.tsx [Server Component]

  Client Component SSR:
    ./lib/keySound.ts [Client Component SSR]
    ./components/layout/Navbar.tsx [Client Component SSR]
    ./components/layout/Navbar.tsx [Server Component]
    ./app/page.tsx [Server Component] @ http://localhost:3000/_next/static/chunks/node_modules_next_dist_1e8vcs8._.js:1052
[  197077ms] [ERROR] ./lib/keySound.ts:93:12
Error: Return statement is not allowed here
  91 | }
  92 |   const ac = getContext();
> 93 |   if (!ac) return;
     |            ^^^^^^^
  94 |   try {
  95 |     const t = ac.currentTime;
  96 |     const freq = NOTES[index] ?? NOTES[2];

Parsing ecmascript source code failed

Import traces:
  Client Component Browser:
    ./lib/keySound.ts [Client Component Browser]
    ./components/layout/Navbar.tsx [Client Component Browser]
    ./components/layout/Navbar.tsx [Server Component]
    ./app/page.tsx [Server Component]

  Client Component SSR:
    ./lib/keySound.ts [Client Component SSR]
    ./components/layout/Navbar.tsx [Client Component SSR]
    ./components/layout/Navbar.tsx [Server Component]
    ./app/page.tsx [Server Component] @ http://localhost:3000/_next/static/chunks/node_modules_next_dist_1e8vcs8._.js:1052
[  197133ms] [ERROR] ./lib/keySound.ts:93:12
Error: Return statement is not allowed here
  91 | }
  92 |   const ac = getContext();
> 93 |   if (!ac) return;
     |            ^^^^^^^
  94 |   try {
  95 |     const t = ac.currentTime;
  96 |     const freq = NOTES[index] ?? NOTES[2];

Parsing ecmascript source code failed

Import traces:
  Client Component Browser:
    ./lib/keySound.ts [Client Component Browser]
    ./components/layout/Navbar.tsx [Client Component Browser]
    ./components/layout/Navbar.tsx [Server Component]
    ./app/page.tsx [Server Component]

  Client Component SSR:
    ./lib/keySound.ts [Client Component SSR]
    ./components/layout/Navbar.tsx [Client Component SSR]
    ./components/layout/Navbar.tsx [Server Component]
    ./app/page.tsx [Server Component] @ http://localhost:3000/_next/static/chunks/node_modules_next_dist_1e8vcs8._.js:1052
[  197194ms] [ERROR] ./lib/keySound.ts:93:12
Error: Return statement is not allowed here
  91 | }
  92 |   const ac = getContext();
> 93 |   if (!ac) return;
     |            ^^^^^^^
  94 |   try {
  95 |     const t = ac.currentTime;
  96 |     const freq = NOTES[index] ?? NOTES[2];

Parsing ecmascript source code failed

Import traces:
  Client Component Browser:
    ./lib/keySound.ts [Client Component Browser]
    ./components/layout/Navbar.tsx [Client Component Browser]
    ./components/layout/Navbar.tsx [Server Component]
    ./app/page.tsx [Server Component]

  Client Component SSR:
    ./lib/keySound.ts [Client Component SSR]
    ./components/layout/Navbar.tsx [Client Component SSR]
    ./components/layout/Navbar.tsx [Server Component]
    ./app/page.tsx [Server Component] @ http://localhost:3000/_next/static/chunks/node_modules_next_dist_1e8vcs8._.js:1052
[  197249ms] [ERROR] ./lib/keySound.ts:93:12
Error: Return statement is not allowed here
  91 | }
  92 |   const ac = getContext();
> 93 |   if (!ac) return;
     |            ^^^^^^^
  94 |   try {
  95 |     const t = ac.currentTime;
  96 |     const freq = NOTES[index] ?? NOTES[2];

Parsing ecmascript source code failed

Import traces:
  Client Component Browser:
    ./lib/keySound.ts [Client Component Browser]
    ./components/layout/Navbar.tsx [Client Component Browser]
    ./components/layout/Navbar.tsx [Server Component]
    ./app/page.tsx [Server Component]

  Client Component SSR:
    ./lib/keySound.ts [Client Component SSR]
    ./components/layout/Navbar.tsx [Client Component SSR]
    ./components/layout/Navbar.tsx [Server Component]
    ./app/page.tsx [Server Component] @ http://localhost:3000/_next/static/chunks/node_modules_next_dist_1e8vcs8._.js:1052
[  197299ms] [ERROR] ./lib/keySound.ts:93:12
Error: Return statement is not allowed here
  91 | }
  92 |   const ac = getContext();
> 93 |   if (!ac) return;
     |            ^^^^^^^
  94 |   try {
  95 |     const t = ac.currentTime;
  96 |     const freq = NOTES[index] ?? NOTES[2];

Parsing ecmascript source code failed

Import traces:
  Client Component Browser:
    ./lib/keySound.ts [Client Component Browser]
    ./components/layout/Navbar.tsx [Client Component Browser]
    ./components/layout/Navbar.tsx [Server Component]
    ./app/page.tsx [Server Component]

  Client Component SSR:
    ./lib/keySound.ts [Client Component SSR]
    ./components/layout/Navbar.tsx [Client Component SSR]
    ./components/layout/Navbar.tsx [Server Component]
    ./app/page.tsx [Server Component] @ http://localhost:3000/_next/static/chunks/node_modules_next_dist_1e8vcs8._.js:1052
[  197363ms] [ERROR] ./lib/keySound.ts:93:12
Error: Return statement is not allowed here
  91 | }
  92 |   const ac = getContext();
> 93 |   if (!ac) return;
     |            ^^^^^^^
  94 |   try {
  95 |     const t = ac.currentTime;
  96 |     const freq = NOTES[index] ?? NOTES[2];

Parsing ecmascript source code failed

Import traces:
  Client Component Browser:
    ./lib/keySound.ts [Client Component Browser]
    ./components/layout/Navbar.tsx [Client Component Browser]
    ./components/layout/Navbar.tsx [Server Component]
    ./app/page.tsx [Server Component]

  Client Component SSR:
    ./lib/keySound.ts [Client Component SSR]
    ./components/layout/Navbar.tsx [Client Component SSR]
    ./components/layout/Navbar.tsx [Server Component]
    ./app/page.tsx [Server Component] @ http://localhost:3000/_next/static/chunks/node_modules_next_dist_1e8vcs8._.js:1052
[  197416ms] [ERROR] ./lib/keySound.ts:93:12
Error: Return statement is not allowed here
  91 | }
  92 |   const ac = getContext();
> 93 |   if (!ac) return;
     |            ^^^^^^^
  94 |   try {
  95 |     const t = ac.currentTime;
  96 |     const freq = NOTES[index] ?? NOTES[2];

Parsing ecmascript source code failed

Import traces:
  Client Component Browser:
    ./lib/keySound.ts [Client Component Browser]
    ./components/layout/Navbar.tsx [Client Component Browser]
    ./components/layout/Navbar.tsx [Server Component]
    ./app/page.tsx [Server Component]

  Client Component SSR:
    ./lib/keySound.ts [Client Component SSR]
    ./components/layout/Navbar.tsx [Client Component SSR]
    ./components/layout/Navbar.tsx [Server Component]
    ./app/page.tsx [Server Component] @ http://localhost:3000/_next/static/chunks/node_modules_next_dist_1e8vcs8._.js:1052
[  197476ms] [ERROR] ./lib/keySound.ts:93:12
Error: Return statement is not allowed here
  91 | }
  92 |   const ac = getContext();
> 93 |   if (!ac) return;
     |            ^^^^^^^
  94 |   try {
  95 |     const t = ac.currentTime;
  96 |     const freq = NOTES[index] ?? NOTES[2];

Parsing ecmascript source code failed

Import traces:
  Client Component Browser:
    ./lib/keySound.ts [Client Component Browser]
    ./components/layout/Navbar.tsx [Client Component Browser]
    ./components/layout/Navbar.tsx [Server Component]
    ./app/page.tsx [Server Component]

  Client Component SSR:
    ./lib/keySound.ts [Client Component SSR]
    ./components/layout/Navbar.tsx [Client Component SSR]
    ./components/layout/Navbar.tsx [Server Component]
    ./app/page.tsx [Server Component] @ http://localhost:3000/_next/static/chunks/node_modules_next_dist_1e8vcs8._.js:1052
[  197533ms] [ERROR] ./lib/keySound.ts:93:12
Error: Return statement is not allowed here
  91 | }
  92 |   const ac = getContext();
> 93 |   if (!ac) return;
     |            ^^^^^^^
  94 |   try {
  95 |     const t = ac.currentTime;
  96 |     const freq = NOTES[index] ?? NOTES[2];

Parsing ecmascript source code failed

Import traces:
  Client Component Browser:
    ./lib/keySound.ts [Client Component Browser]
    ./components/layout/Navbar.tsx [Client Component Browser]
    ./components/layout/Navbar.tsx [Server Component]
    ./app/page.tsx [Server Component]

  Client Component SSR:
    ./lib/keySound.ts [Client Component SSR]
    ./components/layout/Navbar.tsx [Client Component SSR]
    ./components/layout/Navbar.tsx [Server Component]
    ./app/page.tsx [Server Component] @ http://localhost:3000/_next/static/chunks/node_modules_next_dist_1e8vcs8._.js:1052
[  197594ms] [ERROR] ./lib/keySound.ts:93:12
Error: Return statement is not allowed here
  91 | }
  92 |   const ac = getContext();
> 93 |   if (!ac) return;
     |            ^^^^^^^
  94 |   try {
  95 |     const t = ac.currentTime;
  96 |     const freq = NOTES[index] ?? NOTES[2];

Parsing ecmascript source code failed

Import traces:
  Client Component Browser:
    ./lib/keySound.ts [Client Component Browser]
    ./components/layout/Navbar.tsx [Client Component Browser]
    ./components/layout/Navbar.tsx [Server Component]
    ./app/page.tsx [Server Component]

  Client Component SSR:
    ./lib/keySound.ts [Client Component SSR]
    ./components/layout/Navbar.tsx [Client Component SSR]
    ./components/layout/Navbar.tsx [Server Component]
    ./app/page.tsx [Server Component] @ http://localhost:3000/_next/static/chunks/node_modules_next_dist_1e8vcs8._.js:1052
[  197659ms] [ERROR] ./lib/keySound.ts:93:12
Error: Return statement is not allowed here
  91 | }
  92 |   const ac = getContext();
> 93 |   if (!ac) return;
     |            ^^^^^^^
  94 |   try {
  95 |     const t = ac.currentTime;
  96 |     const freq = NOTES[index] ?? NOTES[2];

Parsing ecmascript source code failed

Import traces:
  Client Component Browser:
    ./lib/keySound.ts [Client Component Browser]
    ./components/layout/Navbar.tsx [Client Component Browser]
    ./components/layout/Navbar.tsx [Server Component]
    ./app/page.tsx [Server Component]

  Client Component SSR:
    ./lib/keySound.ts [Client Component SSR]
    ./components/layout/Navbar.tsx [Client Component SSR]
    ./components/layout/Navbar.tsx [Server Component]
    ./app/page.tsx [Server Component] @ http://localhost:3000/_next/static/chunks/node_modules_next_dist_1e8vcs8._.js:1052
[  197716ms] [ERROR] ./lib/keySound.ts:93:12
Error: Return statement is not allowed here
  91 | }
  92 |   const ac = getContext();
> 93 |   if (!ac) return;
     |            ^^^^^^^
  94 |   try {
  95 |     const t = ac.currentTime;
  96 |     const freq = NOTES[index] ?? NOTES[2];

Parsing ecmascript source code failed

Import traces:
  Client Component Browser:
    ./lib/keySound.ts [Client Component Browser]
    ./components/layout/Navbar.tsx [Client Component Browser]
    ./components/layout/Navbar.tsx [Server Component]
    ./app/page.tsx [Server Component]

  Client Component SSR:
    ./lib/keySound.ts [Client Component SSR]
    ./components/layout/Navbar.tsx [Client Component SSR]
    ./components/layout/Navbar.tsx [Server Component]
    ./app/page.tsx [Server Component] @ http://localhost:3000/_next/static/chunks/node_modules_next_dist_1e8vcs8._.js:1052
[  197759ms] [ERROR] ./lib/keySound.ts:93:12
Error: Return statement is not allowed here
  91 | }
  92 |   const ac = getContext();
> 93 |   if (!ac) return;
     |            ^^^^^^^
  94 |   try {
  95 |     const t = ac.currentTime;
  96 |     const freq = NOTES[index] ?? NOTES[2];

Parsing ecmascript source code failed

Import traces:
  Client Component Browser:
    ./lib/keySound.ts [Client Component Browser]
    ./components/layout/Navbar.tsx [Client Component Browser]
    ./components/layout/Navbar.tsx [Server Component]
    ./app/page.tsx [Server Component]

  Client Component SSR:
    ./lib/keySound.ts [Client Component SSR]
    ./components/layout/Navbar.tsx [Client Component SSR]
    ./components/layout/Navbar.tsx [Server Component]
    ./app/page.tsx [Server Component] @ http://localhost:3000/_next/static/chunks/node_modules_next_dist_1e8vcs8._.js:1052
[  197815ms] [ERROR] ./lib/keySound.ts:93:12
Error: Return statement is not allowed here
  91 | }
  92 |   const ac = getContext();
> 93 |   if (!ac) return;
     |            ^^^^^^^
  94 |   try {
  95 |     const t = ac.currentTime;
  96 |     const freq = NOTES[index] ?? NOTES[2];

Parsing ecmascript source code failed

Import traces:
  Client Component Browser:
    ./lib/keySound.ts [Client Component Browser]
    ./components/layout/Navbar.tsx [Client Component Browser]
    ./components/layout/Navbar.tsx [Server Component]
    ./app/page.tsx [Server Component]

  Client Component SSR:
    ./lib/keySound.ts [Client Component SSR]
    ./components/layout/Navbar.tsx [Client Component SSR]
    ./components/layout/Navbar.tsx [Server Component]
    ./app/page.tsx [Server Component] @ http://localhost:3000/_next/static/chunks/node_modules_next_dist_1e8vcs8._.js:1052
[  197865ms] [ERROR] ./lib/keySound.ts:93:12
Error: Return statement is not allowed here
  91 | }
  92 |   const ac = getContext();
> 93 |   if (!ac) return;
     |            ^^^^^^^
  94 |   try {
  95 |     const t = ac.currentTime;
  96 |     const freq = NOTES[index] ?? NOTES[2];

Parsing ecmascript source code failed

Import traces:
  Client Component Browser:
    ./lib/keySound.ts [Client Component Browser]
    ./components/layout/Navbar.tsx [Client Component Browser]
    ./components/layout/Navbar.tsx [Server Component]
    ./app/page.tsx [Server Component]

  Client Component SSR:
    ./lib/keySound.ts [Client Component SSR]
    ./components/layout/Navbar.tsx [Client Component SSR]
    ./components/layout/Navbar.tsx [Server Component]
    ./app/page.tsx [Server Component] @ http://localhost:3000/_next/static/chunks/node_modules_next_dist_1e8vcs8._.js:1052
[  197928ms] [ERROR] ./lib/keySound.ts:93:12
Error: Return statement is not allowed here
  91 | }
  92 |   const ac = getContext();
> 93 |   if (!ac) return;
     |            ^^^^^^^
  94 |   try {
  95 |     const t = ac.currentTime;
  96 |     const freq = NOTES[index] ?? NOTES[2];

Parsing ecmascript source code failed

Import traces:
  Client Component Browser:
    ./lib/keySound.ts [Client Component Browser]
    ./components/layout/Navbar.tsx [Client Component Browser]
    ./components/layout/Navbar.tsx [Server Component]
    ./app/page.tsx [Server Component]

  Client Component SSR:
    ./lib/keySound.ts [Client Component SSR]
    ./components/layout/Navbar.tsx [Client Component SSR]
    ./components/layout/Navbar.tsx [Server Component]
    ./app/page.tsx [Server Component] @ http://localhost:3000/_next/static/chunks/node_modules_next_dist_1e8vcs8._.js:1052
[  197982ms] [ERROR] ./lib/keySound.ts:93:12
Error: Return statement is not allowed here
  91 | }
  92 |   const ac = getContext();
> 93 |   if (!ac) return;
     |            ^^^^^^^
  94 |   try {
  95 |     const t = ac.currentTime;
  96 |     const freq = NOTES[index] ?? NOTES[2];

Parsing ecmascript source code failed

Import traces:
  Client Component Browser:
    ./lib/keySound.ts [Client Component Browser]
    ./components/layout/Navbar.tsx [Client Component Browser]
    ./components/layout/Navbar.tsx [Server Component]
    ./app/page.tsx [Server Component]

  Client Component SSR:
    ./lib/keySound.ts [Client Component SSR]
    ./components/layout/Navbar.tsx [Client Component SSR]
    ./components/layout/Navbar.tsx [Server Component]
    ./app/page.tsx [Server Component] @ http://localhost:3000/_next/static/chunks/node_modules_next_dist_1e8vcs8._.js:1052
[  198027ms] [ERROR] ./lib/keySound.ts:93:12
Error: Return statement is not allowed here
  91 | }
  92 |   const ac = getContext();
> 93 |   if (!ac) return;
     |            ^^^^^^^
  94 |   try {
  95 |     const t = ac.currentTime;
  96 |     const freq = NOTES[index] ?? NOTES[2];

Parsing ecmascript source code failed

Import traces:
  Client Component Browser:
    ./lib/keySound.ts [Client Component Browser]
    ./components/layout/Navbar.tsx [Client Component Browser]
    ./components/layout/Navbar.tsx [Server Component]
    ./app/page.tsx [Server Component]

  Client Component SSR:
    ./lib/keySound.ts [Client Component SSR]
    ./components/layout/Navbar.tsx [Client Component SSR]
    ./components/layout/Navbar.tsx [Server Component]
    ./app/page.tsx [Server Component] @ http://localhost:3000/_next/static/chunks/node_modules_next_dist_1e8vcs8._.js:1052
[  198083ms] [ERROR] ./lib/keySound.ts:93:12
Error: Return statement is not allowed here
  91 | }
  92 |   const ac = getContext();
> 93 |   if (!ac) return;
     |            ^^^^^^^
  94 |   try {
  95 |     const t = ac.currentTime;
  96 |     const freq = NOTES[index] ?? NOTES[2];

Parsing ecmascript source code failed

Import traces:
  Client Component Browser:
    ./lib/keySound.ts [Client Component Browser]
    ./components/layout/Navbar.tsx [Client Component Browser]
    ./components/layout/Navbar.tsx [Server Component]
    ./app/page.tsx [Server Component]

  Client Component SSR:
    ./lib/keySound.ts [Client Component SSR]
    ./components/layout/Navbar.tsx [Client Component SSR]
    ./components/layout/Navbar.tsx [Server Component]
    ./app/page.tsx [Server Component] @ http://localhost:3000/_next/static/chunks/node_modules_next_dist_1e8vcs8._.js:1052
[  198143ms] [ERROR] ./lib/keySound.ts:93:12
Error: Return statement is not allowed here
  91 | }
  92 |   const ac = getContext();
> 93 |   if (!ac) return;
     |            ^^^^^^^
  94 |   try {
  95 |     const t = ac.currentTime;
  96 |     const freq = NOTES[index] ?? NOTES[2];

Parsing ecmascript source code failed

Import traces:
  Client Component Browser:
    ./lib/keySound.ts [Client Component Browser]
    ./components/layout/Navbar.tsx [Client Component Browser]
    ./components/layout/Navbar.tsx [Server Component]
    ./app/page.tsx [Server Component]

  Client Component SSR:
    ./lib/keySound.ts [Client Component SSR]
    ./components/layout/Navbar.tsx [Client Component SSR]
    ./components/layout/Navbar.tsx [Server Component]
    ./app/page.tsx [Server Component] @ http://localhost:3000/_next/static/chunks/node_modules_next_dist_1e8vcs8._.js:1052
[  198196ms] [ERROR] ./lib/keySound.ts:93:12
Error: Return statement is not allowed here
  91 | }
  92 |   const ac = getContext();
> 93 |   if (!ac) return;
     |            ^^^^^^^
  94 |   try {
  95 |     const t = ac.currentTime;
  96 |     const freq = NOTES[index] ?? NOTES[2];

Parsing ecmascript source code failed

Import traces:
  Client Component Browser:
    ./lib/keySound.ts [Client Component Browser]
    ./components/layout/Navbar.tsx [Client Component Browser]
    ./components/layout/Navbar.tsx [Server Component]
    ./app/page.tsx [Server Component]

  Client Component SSR:
    ./lib/keySound.ts [Client Component SSR]
    ./components/layout/Navbar.tsx [Client Component SSR]
    ./components/layout/Navbar.tsx [Server Component]
    ./app/page.tsx [Server Component] @ http://localhost:3000/_next/static/chunks/node_modules_next_dist_1e8vcs8._.js:1052
[  198257ms] [ERROR] ./lib/keySound.ts:93:12
Error: Return statement is not allowed here
  91 | }
  92 |   const ac = getContext();
> 93 |   if (!ac) return;
     |            ^^^^^^^
  94 |   try {
  95 |     const t = ac.currentTime;
  96 |     const freq = NOTES[index] ?? NOTES[2];

Parsing ecmascript source code failed

Import traces:
  Client Component Browser:
    ./lib/keySound.ts [Client Component Browser]
    ./components/layout/Navbar.tsx [Client Component Browser]
    ./components/layout/Navbar.tsx [Server Component]
    ./app/page.tsx [Server Component]

  Client Component SSR:
    ./lib/keySound.ts [Client Component SSR]
    ./components/layout/Navbar.tsx [Client Component SSR]
    ./components/layout/Navbar.tsx [Server Component]
    ./app/page.tsx [Server Component] @ http://localhost:3000/_next/static/chunks/node_modules_next_dist_1e8vcs8._.js:1052
[  198315ms] [ERROR] ./lib/keySound.ts:93:12
Error: Return statement is not allowed here
  91 | }
  92 |   const ac = getContext();
> 93 |   if (!ac) return;
     |            ^^^^^^^
  94 |   try {
  95 |     const t = ac.currentTime;
  96 |     const freq = NOTES[index] ?? NOTES[2];

Parsing ecmascript source code failed

Import traces:
  Client Component Browser:
    ./lib/keySound.ts [Client Component Browser]
    ./components/layout/Navbar.tsx [Client Component Browser]
    ./components/layout/Navbar.tsx [Server Component]
    ./app/page.tsx [Server Component]

  Client Component SSR:
    ./lib/keySound.ts [Client Component SSR]
    ./components/layout/Navbar.tsx [Client Component SSR]
    ./components/layout/Navbar.tsx [Server Component]
    ./app/page.tsx [Server Component] @ http://localhost:3000/_next/static/chunks/node_modules_next_dist_1e8vcs8._.js:1052
[  198377ms] [ERROR] ./lib/keySound.ts:93:12
Error: Return statement is not allowed here
  91 | }
  92 |   const ac = getContext();
> 93 |   if (!ac) return;
     |            ^^^^^^^
  94 |   try {
  95 |     const t = ac.currentTime;
  96 |     const freq = NOTES[index] ?? NOTES[2];

Parsing ecmascript source code failed

Import traces:
  Client Component Browser:
    ./lib/keySound.ts [Client Component Browser]
    ./components/layout/Navbar.tsx [Client Component Browser]
    ./components/layout/Navbar.tsx [Server Component]
    ./app/page.tsx [Server Component]

  Client Component SSR:
    ./lib/keySound.ts [Client Component SSR]
    ./components/layout/Navbar.tsx [Client Component SSR]
    ./components/layout/Navbar.tsx [Server Component]
    ./app/page.tsx [Server Component] @ http://localhost:3000/_next/static/chunks/node_modules_next_dist_1e8vcs8._.js:1052
[  198429ms] [ERROR] ./lib/keySound.ts:93:12
Error: Return statement is not allowed here
  91 | }
  92 |   const ac = getContext();
> 93 |   if (!ac) return;
     |            ^^^^^^^
  94 |   try {
  95 |     const t = ac.currentTime;
  96 |     const freq = NOTES[index] ?? NOTES[2];

Parsing ecmascript source code failed

Import traces:
  Client Component Browser:
    ./lib/keySound.ts [Client Component Browser]
    ./components/layout/Navbar.tsx [Client Component Browser]
    ./components/layout/Navbar.tsx [Server Component]
    ./app/page.tsx [Server Component]

  Client Component SSR:
    ./lib/keySound.ts [Client Component SSR]
    ./components/layout/Navbar.tsx [Client Component SSR]
    ./components/layout/Navbar.tsx [Server Component]
    ./app/page.tsx [Server Component] @ http://localhost:3000/_next/static/chunks/node_modules_next_dist_1e8vcs8._.js:1052
[  198482ms] [ERROR] ./lib/keySound.ts:93:12
Error: Return statement is not allowed here
  91 | }
  92 |   const ac = getContext();
> 93 |   if (!ac) return;
     |            ^^^^^^^
  94 |   try {
  95 |     const t = ac.currentTime;
  96 |     const freq = NOTES[index] ?? NOTES[2];

Parsing ecmascript source code failed

Import traces:
  Client Component Browser:
    ./lib/keySound.ts [Client Component Browser]
    ./components/layout/Navbar.tsx [Client Component Browser]
    ./components/layout/Navbar.tsx [Server Component]
    ./app/page.tsx [Server Component]

  Client Component SSR:
    ./lib/keySound.ts [Client Component SSR]
    ./components/layout/Navbar.tsx [Client Component SSR]
    ./components/layout/Navbar.tsx [Server Component]
    ./app/page.tsx [Server Component] @ http://localhost:3000/_next/static/chunks/node_modules_next_dist_1e8vcs8._.js:1052
[  198548ms] [ERROR] ./lib/keySound.ts:93:12
Error: Return statement is not allowed here
  91 | }
  92 |   const ac = getContext();
> 93 |   if (!ac) return;
     |            ^^^^^^^
  94 |   try {
  95 |     const t = ac.currentTime;
  96 |     const freq = NOTES[index] ?? NOTES[2];

Parsing ecmascript source code failed

Import traces:
  Client Component Browser:
    ./lib/keySound.ts [Client Component Browser]
    ./components/layout/Navbar.tsx [Client Component Browser]
    ./components/layout/Navbar.tsx [Server Component]
    ./app/page.tsx [Server Component]

  Client Component SSR:
    ./lib/keySound.ts [Client Component SSR]
    ./components/layout/Navbar.tsx [Client Component SSR]
    ./components/layout/Navbar.tsx [Server Component]
    ./app/page.tsx [Server Component] @ http://localhost:3000/_next/static/chunks/node_modules_next_dist_1e8vcs8._.js:1052
[  198609ms] [ERROR] ./lib/keySound.ts:93:12
Error: Return statement is not allowed here
  91 | }
  92 |   const ac = getContext();
> 93 |   if (!ac) return;
     |            ^^^^^^^
  94 |   try {
  95 |     const t = ac.currentTime;
  96 |     const freq = NOTES[index] ?? NOTES[2];

Parsing ecmascript source code failed

Import traces:
  Client Component Browser:
    ./lib/keySound.ts [Client Component Browser]
    ./components/layout/Navbar.tsx [Client Component Browser]
    ./components/layout/Navbar.tsx [Server Component]
    ./app/page.tsx [Server Component]

  Client Component SSR:
    ./lib/keySound.ts [Client Component SSR]
    ./components/layout/Navbar.tsx [Client Component SSR]
    ./components/layout/Navbar.tsx [Server Component]
    ./app/page.tsx [Server Component] @ http://localhost:3000/_next/static/chunks/node_modules_next_dist_1e8vcs8._.js:1052
[  198664ms] [ERROR] ./lib/keySound.ts:93:12
Error: Return statement is not allowed here
  91 | }
  92 |   const ac = getContext();
> 93 |   if (!ac) return;
     |            ^^^^^^^
  94 |   try {
  95 |     const t = ac.currentTime;
  96 |     const freq = NOTES[index] ?? NOTES[2];

Parsing ecmascript source code failed

Import traces:
  Client Component Browser:
    ./lib/keySound.ts [Client Component Browser]
    ./components/layout/Navbar.tsx [Client Component Browser]
    ./components/layout/Navbar.tsx [Server Component]
    ./app/page.tsx [Server Component]

  Client Component SSR:
    ./lib/keySound.ts [Client Component SSR]
    ./components/layout/Navbar.tsx [Client Component SSR]
    ./components/layout/Navbar.tsx [Server Component]
    ./app/page.tsx [Server Component] @ http://localhost:3000/_next/static/chunks/node_modules_next_dist_1e8vcs8._.js:1052
[  198729ms] [ERROR] ./lib/keySound.ts:93:12
Error: Return statement is not allowed here
  91 | }
  92 |   const ac = getContext();
> 93 |   if (!ac) return;
     |            ^^^^^^^
  94 |   try {
  95 |     const t = ac.currentTime;
  96 |     const freq = NOTES[index] ?? NOTES[2];

Parsing ecmascript source code failed

Import traces:
  Client Component Browser:
    ./lib/keySound.ts [Client Component Browser]
    ./components/layout/Navbar.tsx [Client Component Browser]
    ./components/layout/Navbar.tsx [Server Component]
    ./app/page.tsx [Server Component]

  Client Component SSR:
    ./lib/keySound.ts [Client Component SSR]
    ./components/layout/Navbar.tsx [Client Component SSR]
    ./components/layout/Navbar.tsx [Server Component]
    ./app/page.tsx [Server Component] @ http://localhost:3000/_next/static/chunks/node_modules_next_dist_1e8vcs8._.js:1052
[  198783ms] [ERROR] ./lib/keySound.ts:93:12
Error: Return statement is not allowed here
  91 | }
  92 |   const ac = getContext();
> 93 |   if (!ac) return;
     |            ^^^^^^^
  94 |   try {
  95 |     const t = ac.currentTime;
  96 |     const freq = NOTES[index] ?? NOTES[2];

Parsing ecmascript source code failed

Import traces:
  Client Component Browser:
    ./lib/keySound.ts [Client Component Browser]
    ./components/layout/Navbar.tsx [Client Component Browser]
    ./components/layout/Navbar.tsx [Server Component]
    ./app/page.tsx [Server Component]

  Client Component SSR:
    ./lib/keySound.ts [Client Component SSR]
    ./components/layout/Navbar.tsx [Client Component SSR]
    ./components/layout/Navbar.tsx [Server Component]
    ./app/page.tsx [Server Component] @ http://localhost:3000/_next/static/chunks/node_modules_next_dist_1e8vcs8._.js:1052
[  198830ms] [ERROR] ./lib/keySound.ts:93:12
Error: Return statement is not allowed here
  91 | }
  92 |   const ac = getContext();
> 93 |   if (!ac) return;
     |            ^^^^^^^
  94 |   try {
  95 |     const t = ac.currentTime;
  96 |     const freq = NOTES[index] ?? NOTES[2];

Parsing ecmascript source code failed

Import traces:
  Client Component Browser:
    ./lib/keySound.ts [Client Component Browser]
    ./components/layout/Navbar.tsx [Client Component Browser]
    ./components/layout/Navbar.tsx [Server Component]
    ./app/page.tsx [Server Component]

  Client Component SSR:
    ./lib/keySound.ts [Client Component SSR]
    ./components/layout/Navbar.tsx [Client Component SSR]
    ./components/layout/Navbar.tsx [Server Component]
    ./app/page.tsx [Server Component] @ http://localhost:3000/_next/static/chunks/node_modules_next_dist_1e8vcs8._.js:1052
[  198879ms] [ERROR] ./lib/keySound.ts:93:12
Error: Return statement is not allowed here
  91 | }
  92 |   const ac = getContext();
> 93 |   if (!ac) return;
     |            ^^^^^^^
  94 |   try {
  95 |     const t = ac.currentTime;
  96 |     const freq = NOTES[index] ?? NOTES[2];

Parsing ecmascript source code failed

Import traces:
  Client Component Browser:
    ./lib/keySound.ts [Client Component Browser]
    ./components/layout/Navbar.tsx [Client Component Browser]
    ./components/layout/Navbar.tsx [Server Component]
    ./app/page.tsx [Server Component]

  Client Component SSR:
    ./lib/keySound.ts [Client Component SSR]
    ./components/layout/Navbar.tsx [Client Component SSR]
    ./components/layout/Navbar.tsx [Server Component]
    ./app/page.tsx [Server Component] @ http://localhost:3000/_next/static/chunks/node_modules_next_dist_1e8vcs8._.js:1052
[  198938ms] [ERROR] ./lib/keySound.ts:93:12
Error: Return statement is not allowed here
  91 | }
  92 |   const ac = getContext();
> 93 |   if (!ac) return;
     |            ^^^^^^^
  94 |   try {
  95 |     const t = ac.currentTime;
  96 |     const freq = NOTES[index] ?? NOTES[2];

Parsing ecmascript source code failed

Import traces:
  Client Component Browser:
    ./lib/keySound.ts [Client Component Browser]
    ./components/layout/Navbar.tsx [Client Component Browser]
    ./components/layout/Navbar.tsx [Server Component]
    ./app/page.tsx [Server Component]

  Client Component SSR:
    ./lib/keySound.ts [Client Component SSR]
    ./components/layout/Navbar.tsx [Client Component SSR]
    ./components/layout/Navbar.tsx [Server Component]
    ./app/page.tsx [Server Component] @ http://localhost:3000/_next/static/chunks/node_modules_next_dist_1e8vcs8._.js:1052
[  198998ms] [ERROR] ./lib/keySound.ts:93:12
Error: Return statement is not allowed here
  91 | }
  92 |   const ac = getContext();
> 93 |   if (!ac) return;
     |            ^^^^^^^
  94 |   try {
  95 |     const t = ac.currentTime;
  96 |     const freq = NOTES[index] ?? NOTES[2];

Parsing ecmascript source code failed

Import traces:
  Client Component Browser:
    ./lib/keySound.ts [Client Component Browser]
    ./components/layout/Navbar.tsx [Client Component Browser]
    ./components/layout/Navbar.tsx [Server Component]
    ./app/page.tsx [Server Component]

  Client Component SSR:
    ./lib/keySound.ts [Client Component SSR]
    ./components/layout/Navbar.tsx [Client Component SSR]
    ./components/layout/Navbar.tsx [Server Component]
    ./app/page.tsx [Server Component] @ http://localhost:3000/_next/static/chunks/node_modules_next_dist_1e8vcs8._.js:1052
[  199063ms] [ERROR] ./lib/keySound.ts:93:12
Error: Return statement is not allowed here
  91 | }
  92 |   const ac = getContext();
> 93 |   if (!ac) return;
     |            ^^^^^^^
  94 |   try {
  95 |     const t = ac.currentTime;
  96 |     const freq = NOTES[index] ?? NOTES[2];

Parsing ecmascript source code failed

Import traces:
  Client Component Browser:
    ./lib/keySound.ts [Client Component Browser]
    ./components/layout/Navbar.tsx [Client Component Browser]
    ./components/layout/Navbar.tsx [Server Component]
    ./app/page.tsx [Server Component]

  Client Component SSR:
    ./lib/keySound.ts [Client Component SSR]
    ./components/layout/Navbar.tsx [Client Component SSR]
    ./components/layout/Navbar.tsx [Server Component]
    ./app/page.tsx [Server Component] @ http://localhost:3000/_next/static/chunks/node_modules_next_dist_1e8vcs8._.js:1052
[  199116ms] [ERROR] ./lib/keySound.ts:93:12
Error: Return statement is not allowed here
  91 | }
  92 |   const ac = getContext();
> 93 |   if (!ac) return;
     |            ^^^^^^^
  94 |   try {
  95 |     const t = ac.currentTime;
  96 |     const freq = NOTES[index] ?? NOTES[2];

Parsing ecmascript source code failed

Import traces:
  Client Component Browser:
    ./lib/keySound.ts [Client Component Browser]
    ./components/layout/Navbar.tsx [Client Component Browser]
    ./components/layout/Navbar.tsx [Server Component]
    ./app/page.tsx [Server Component]

  Client Component SSR:
    ./lib/keySound.ts [Client Component SSR]
    ./components/layout/Navbar.tsx [Client Component SSR]
    ./components/layout/Navbar.tsx [Server Component]
    ./app/page.tsx [Server Component] @ http://localhost:3000/_next/static/chunks/node_modules_next_dist_1e8vcs8._.js:1052
[  199180ms] [ERROR] ./lib/keySound.ts:93:12
Error: Return statement is not allowed here
  91 | }
  92 |   const ac = getContext();
> 93 |   if (!ac) return;
     |            ^^^^^^^
  94 |   try {
  95 |     const t = ac.currentTime;
  96 |     const freq = NOTES[index] ?? NOTES[2];

Parsing ecmascript source code failed

Import traces:
  Client Component Browser:
    ./lib/keySound.ts [Client Component Browser]
    ./components/layout/Navbar.tsx [Client Component Browser]
    ./components/layout/Navbar.tsx [Server Component]
    ./app/page.tsx [Server Component]

  Client Component SSR:
    ./lib/keySound.ts [Client Component SSR]
    ./components/layout/Navbar.tsx [Client Component SSR]
    ./components/layout/Navbar.tsx [Server Component]
    ./app/page.tsx [Server Component] @ http://localhost:3000/_next/static/chunks/node_modules_next_dist_1e8vcs8._.js:1052
[  199245ms] [ERROR] ./lib/keySound.ts:93:12
Error: Return statement is not allowed here
  91 | }
  92 |   const ac = getContext();
> 93 |   if (!ac) return;
     |            ^^^^^^^
  94 |   try {
  95 |     const t = ac.currentTime;
  96 |     const freq = NOTES[index] ?? NOTES[2];

Parsing ecmascript source code failed

Import traces:
  Client Component Browser:
    ./lib/keySound.ts [Client Component Browser]
    ./components/layout/Navbar.tsx [Client Component Browser]
    ./components/layout/Navbar.tsx [Server Component]
    ./app/page.tsx [Server Component]

  Client Component SSR:
    ./lib/keySound.ts [Client Component SSR]
    ./components/layout/Navbar.tsx [Client Component SSR]
    ./components/layout/Navbar.tsx [Server Component]
    ./app/page.tsx [Server Component] @ http://localhost:3000/_next/static/chunks/node_modules_next_dist_1e8vcs8._.js:1052
[  199291ms] [ERROR] ./lib/keySound.ts:93:12
Error: Return statement is not allowed here
  91 | }
  92 |   const ac = getContext();
> 93 |   if (!ac) return;
     |            ^^^^^^^
  94 |   try {
  95 |     const t = ac.currentTime;
  96 |     const freq = NOTES[index] ?? NOTES[2];

Parsing ecmascript source code failed

Import traces:
  Client Component Browser:
    ./lib/keySound.ts [Client Component Browser]
    ./components/layout/Navbar.tsx [Client Component Browser]
    ./components/layout/Navbar.tsx [Server Component]
    ./app/page.tsx [Server Component]

  Client Component SSR:
    ./lib/keySound.ts [Client Component SSR]
    ./components/layout/Navbar.tsx [Client Component SSR]
    ./components/layout/Navbar.tsx [Server Component]
    ./app/page.tsx [Server Component] @ http://localhost:3000/_next/static/chunks/node_modules_next_dist_1e8vcs8._.js:1052
[  199348ms] [ERROR] ./lib/keySound.ts:93:12
Error: Return statement is not allowed here
  91 | }
  92 |   const ac = getContext();
> 93 |   if (!ac) return;
     |            ^^^^^^^
  94 |   try {
  95 |     const t = ac.currentTime;
  96 |     const freq = NOTES[index] ?? NOTES[2];

Parsing ecmascript source code failed

Import traces:
  Client Component Browser:
    ./lib/keySound.ts [Client Component Browser]
    ./components/layout/Navbar.tsx [Client Component Browser]
    ./components/layout/Navbar.tsx [Server Component]
    ./app/page.tsx [Server Component]

  Client Component SSR:
    ./lib/keySound.ts [Client Component SSR]
    ./components/layout/Navbar.tsx [Client Component SSR]
    ./components/layout/Navbar.tsx [Server Component]
    ./app/page.tsx [Server Component] @ http://localhost:3000/_next/static/chunks/node_modules_next_dist_1e8vcs8._.js:1052
[  199408ms] [ERROR] ./lib/keySound.ts:93:12
Error: Return statement is not allowed here
  91 | }
  92 |   const ac = getContext();
> 93 |   if (!ac) return;
     |            ^^^^^^^
  94 |   try {
  95 |     const t = ac.currentTime;
  96 |     const freq = NOTES[index] ?? NOTES[2];

Parsing ecmascript source code failed

Import traces:
  Client Component Browser:
    ./lib/keySound.ts [Client Component Browser]
    ./components/layout/Navbar.tsx [Client Component Browser]
    ./components/layout/Navbar.tsx [Server Component]
    ./app/page.tsx [Server Component]

  Client Component SSR:
    ./lib/keySound.ts [Client Component SSR]
    ./components/layout/Navbar.tsx [Client Component SSR]
    ./components/layout/Navbar.tsx [Server Component]
    ./app/page.tsx [Server Component] @ http://localhost:3000/_next/static/chunks/node_modules_next_dist_1e8vcs8._.js:1052
[  199465ms] [ERROR] ./lib/keySound.ts:93:12
Error: Return statement is not allowed here
  91 | }
  92 |   const ac = getContext();
> 93 |   if (!ac) return;
     |            ^^^^^^^
  94 |   try {
  95 |     const t = ac.currentTime;
  96 |     const freq = NOTES[index] ?? NOTES[2];

Parsing ecmascript source code failed

Import traces:
  Client Component Browser:
    ./lib/keySound.ts [Client Component Browser]
    ./components/layout/Navbar.tsx [Client Component Browser]
    ./components/layout/Navbar.tsx [Server Component]
    ./app/page.tsx [Server Component]

  Client Component SSR:
    ./lib/keySound.ts [Client Component SSR]
    ./components/layout/Navbar.tsx [Client Component SSR]
    ./components/layout/Navbar.tsx [Server Component]
    ./app/page.tsx [Server Component] @ http://localhost:3000/_next/static/chunks/node_modules_next_dist_1e8vcs8._.js:1052
[  199519ms] [ERROR] ./lib/keySound.ts:93:12
Error: Return statement is not allowed here
  91 | }
  92 |   const ac = getContext();
> 93 |   if (!ac) return;
     |            ^^^^^^^
  94 |   try {
  95 |     const t = ac.currentTime;
  96 |     const freq = NOTES[index] ?? NOTES[2];

Parsing ecmascript source code failed

Import traces:
  Client Component Browser:
    ./lib/keySound.ts [Client Component Browser]
    ./components/layout/Navbar.tsx [Client Component Browser]
    ./components/layout/Navbar.tsx [Server Component]
    ./app/page.tsx [Server Component]

  Client Component SSR:
    ./lib/keySound.ts [Client Component SSR]
    ./components/layout/Navbar.tsx [Client Component SSR]
    ./components/layout/Navbar.tsx [Server Component]
    ./app/page.tsx [Server Component] @ http://localhost:3000/_next/static/chunks/node_modules_next_dist_1e8vcs8._.js:1052
[  199587ms] [ERROR] ./lib/keySound.ts:93:12
Error: Return statement is not allowed here
  91 | }
  92 |   const ac = getContext();
> 93 |   if (!ac) return;
     |            ^^^^^^^
  94 |   try {
  95 |     const t = ac.currentTime;
  96 |     const freq = NOTES[index] ?? NOTES[2];

Parsing ecmascript source code failed

Import traces:
  Client Component Browser:
    ./lib/keySound.ts [Client Component Browser]
    ./components/layout/Navbar.tsx [Client Component Browser]
    ./components/layout/Navbar.tsx [Server Component]
    ./app/page.tsx [Server Component]

  Client Component SSR:
    ./lib/keySound.ts [Client Component SSR]
    ./components/layout/Navbar.tsx [Client Component SSR]
    ./components/layout/Navbar.tsx [Server Component]
    ./app/page.tsx [Server Component] @ http://localhost:3000/_next/static/chunks/node_modules_next_dist_1e8vcs8._.js:1052
[  199641ms] [ERROR] ./lib/keySound.ts:93:12
Error: Return statement is not allowed here
  91 | }
  92 |   const ac = getContext();
> 93 |   if (!ac) return;
     |            ^^^^^^^
  94 |   try {
  95 |     const t = ac.currentTime;
  96 |     const freq = NOTES[index] ?? NOTES[2];

Parsing ecmascript source code failed

Import traces:
  Client Component Browser:
    ./lib/keySound.ts [Client Component Browser]
    ./components/layout/Navbar.tsx [Client Component Browser]
    ./components/layout/Navbar.tsx [Server Component]
    ./app/page.tsx [Server Component]

  Client Component SSR:
    ./lib/keySound.ts [Client Component SSR]
    ./components/layout/Navbar.tsx [Client Component SSR]
    ./components/layout/Navbar.tsx [Server Component]
    ./app/page.tsx [Server Component] @ http://localhost:3000/_next/static/chunks/node_modules_next_dist_1e8vcs8._.js:1052
[  199694ms] [ERROR] ./lib/keySound.ts:93:12
Error: Return statement is not allowed here
  91 | }
  92 |   const ac = getContext();
> 93 |   if (!ac) return;
     |            ^^^^^^^
  94 |   try {
  95 |     const t = ac.currentTime;
  96 |     const freq = NOTES[index] ?? NOTES[2];

Parsing ecmascript source code failed

Import traces:
  Client Component Browser:
    ./lib/keySound.ts [Client Component Browser]
    ./components/layout/Navbar.tsx [Client Component Browser]
    ./components/layout/Navbar.tsx [Server Component]
    ./app/page.tsx [Server Component]

  Client Component SSR:
    ./lib/keySound.ts [Client Component SSR]
    ./components/layout/Navbar.tsx [Client Component SSR]
    ./components/layout/Navbar.tsx [Server Component]
    ./app/page.tsx [Server Component] @ http://localhost:3000/_next/static/chunks/node_modules_next_dist_1e8vcs8._.js:1052
[  199749ms] [ERROR] ./lib/keySound.ts:93:12
Error: Return statement is not allowed here
  91 | }
  92 |   const ac = getContext();
> 93 |   if (!ac) return;
     |            ^^^^^^^
  94 |   try {
  95 |     const t = ac.currentTime;
  96 |     const freq = NOTES[index] ?? NOTES[2];

Parsing ecmascript source code failed

Import traces:
  Client Component Browser:
    ./lib/keySound.ts [Client Component Browser]
    ./components/layout/Navbar.tsx [Client Component Browser]
    ./components/layout/Navbar.tsx [Server Component]
    ./app/page.tsx [Server Component]

  Client Component SSR:
    ./lib/keySound.ts [Client Component SSR]
    ./components/layout/Navbar.tsx [Client Component SSR]
    ./components/layout/Navbar.tsx [Server Component]
    ./app/page.tsx [Server Component] @ http://localhost:3000/_next/static/chunks/node_modules_next_dist_1e8vcs8._.js:1052
[  199799ms] [ERROR] ./lib/keySound.ts:93:12
Error: Return statement is not allowed here
  91 | }
  92 |   const ac = getContext();
> 93 |   if (!ac) return;
     |            ^^^^^^^
  94 |   try {
  95 |     const t = ac.currentTime;
  96 |     const freq = NOTES[index] ?? NOTES[2];

Parsing ecmascript source code failed

Import traces:
  Client Component Browser:
    ./lib/keySound.ts [Client Component Browser]
    ./components/layout/Navbar.tsx [Client Component Browser]
    ./components/layout/Navbar.tsx [Server Component]
    ./app/page.tsx [Server Component]

  Client Component SSR:
    ./lib/keySound.ts [Client Component SSR]
    ./components/layout/Navbar.tsx [Client Component SSR]
    ./components/layout/Navbar.tsx [Server Component]
    ./app/page.tsx [Server Component] @ http://localhost:3000/_next/static/chunks/node_modules_next_dist_1e8vcs8._.js:1052
[  199862ms] [ERROR] ./lib/keySound.ts:93:12
Error: Return statement is not allowed here
  91 | }
  92 |   const ac = getContext();
> 93 |   if (!ac) return;
     |            ^^^^^^^
  94 |   try {
  95 |     const t = ac.currentTime;
  96 |     const freq = NOTES[index] ?? NOTES[2];

Parsing ecmascript source code failed

Import traces:
  Client Component Browser:
    ./lib/keySound.ts [Client Component Browser]
    ./components/layout/Navbar.tsx [Client Component Browser]
    ./components/layout/Navbar.tsx [Server Component]
    ./app/page.tsx [Server Component]

  Client Component SSR:
    ./lib/keySound.ts [Client Component SSR]
    ./components/layout/Navbar.tsx [Client Component SSR]
    ./components/layout/Navbar.tsx [Server Component]
    ./app/page.tsx [Server Component] @ http://localhost:3000/_next/static/chunks/node_modules_next_dist_1e8vcs8._.js:1052
[  199924ms] [ERROR] ./lib/keySound.ts:93:12
Error: Return statement is not allowed here
  91 | }
  92 |   const ac = getContext();
> 93 |   if (!ac) return;
     |            ^^^^^^^
  94 |   try {
  95 |     const t = ac.currentTime;
  96 |     const freq = NOTES[index] ?? NOTES[2];

Parsing ecmascript source code failed

Import traces:
  Client Component Browser:
    ./lib/keySound.ts [Client Component Browser]
    ./components/layout/Navbar.tsx [Client Component Browser]
    ./components/layout/Navbar.tsx [Server Component]
    ./app/page.tsx [Server Component]

  Client Component SSR:
    ./lib/keySound.ts [Client Component SSR]
    ./components/layout/Navbar.tsx [Client Component SSR]
    ./components/layout/Navbar.tsx [Server Component]
    ./app/page.tsx [Server Component] @ http://localhost:3000/_next/static/chunks/node_modules_next_dist_1e8vcs8._.js:1052
[  199976ms] [ERROR] ./lib/keySound.ts:93:12
Error: Return statement is not allowed here
  91 | }
  92 |   const ac = getContext();
> 93 |   if (!ac) return;
     |            ^^^^^^^
  94 |   try {
  95 |     const t = ac.currentTime;
  96 |     const freq = NOTES[index] ?? NOTES[2];

Parsing ecmascript source code failed

Import traces:
  Client Component Browser:
    ./lib/keySound.ts [Client Component Browser]
    ./components/layout/Navbar.tsx [Client Component Browser]
    ./components/layout/Navbar.tsx [Server Component]
    ./app/page.tsx [Server Component]

  Client Component SSR:
    ./lib/keySound.ts [Client Component SSR]
    ./components/layout/Navbar.tsx [Client Component SSR]
    ./components/layout/Navbar.tsx [Server Component]
    ./app/page.tsx [Server Component] @ http://localhost:3000/_next/static/chunks/node_modules_next_dist_1e8vcs8._.js:1052
[  200026ms] [ERROR] ./lib/keySound.ts:93:12
Error: Return statement is not allowed here
  91 | }
  92 |   const ac = getContext();
> 93 |   if (!ac) return;
     |            ^^^^^^^
  94 |   try {
  95 |     const t = ac.currentTime;
  96 |     const freq = NOTES[index] ?? NOTES[2];

Parsing ecmascript source code failed

Import traces:
  Client Component Browser:
    ./lib/keySound.ts [Client Component Browser]
    ./components/layout/Navbar.tsx [Client Component Browser]
    ./components/layout/Navbar.tsx [Server Component]
    ./app/page.tsx [Server Component]

  Client Component SSR:
    ./lib/keySound.ts [Client Component SSR]
    ./components/layout/Navbar.tsx [Client Component SSR]
    ./components/layout/Navbar.tsx [Server Component]
    ./app/page.tsx [Server Component] @ http://localhost:3000/_next/static/chunks/node_modules_next_dist_1e8vcs8._.js:1052
[  200080ms] [ERROR] ./lib/keySound.ts:93:12
Error: Return statement is not allowed here
  91 | }
  92 |   const ac = getContext();
> 93 |   if (!ac) return;
     |            ^^^^^^^
  94 |   try {
  95 |     const t = ac.currentTime;
  96 |     const freq = NOTES[index] ?? NOTES[2];

Parsing ecmascript source code failed

Import traces:
  Client Component Browser:
    ./lib/keySound.ts [Client Component Browser]
    ./components/layout/Navbar.tsx [Client Component Browser]
    ./components/layout/Navbar.tsx [Server Component]
    ./app/page.tsx [Server Component]

  Client Component SSR:
    ./lib/keySound.ts [Client Component SSR]
    ./components/layout/Navbar.tsx [Client Component SSR]
    ./components/layout/Navbar.tsx [Server Component]
    ./app/page.tsx [Server Component] @ http://localhost:3000/_next/static/chunks/node_modules_next_dist_1e8vcs8._.js:1052
[  200128ms] [ERROR] ./lib/keySound.ts:93:12
Error: Return statement is not allowed here
  91 | }
  92 |   const ac = getContext();
> 93 |   if (!ac) return;
     |            ^^^^^^^
  94 |   try {
  95 |     const t = ac.currentTime;
  96 |     const freq = NOTES[index] ?? NOTES[2];

Parsing ecmascript source code failed

Import traces:
  Client Component Browser:
    ./lib/keySound.ts [Client Component Browser]
    ./components/layout/Navbar.tsx [Client Component Browser]
    ./components/layout/Navbar.tsx [Server Component]
    ./app/page.tsx [Server Component]

  Client Component SSR:
    ./lib/keySound.ts [Client Component SSR]
    ./components/layout/Navbar.tsx [Client Component SSR]
    ./components/layout/Navbar.tsx [Server Component]
    ./app/page.tsx [Server Component] @ http://localhost:3000/_next/static/chunks/node_modules_next_dist_1e8vcs8._.js:1052
[  200183ms] [ERROR] ./lib/keySound.ts:93:12
Error: Return statement is not allowed here
  91 | }
  92 |   const ac = getContext();
> 93 |   if (!ac) return;
     |            ^^^^^^^
  94 |   try {
  95 |     const t = ac.currentTime;
  96 |     const freq = NOTES[index] ?? NOTES[2];

Parsing ecmascript source code failed

Import traces:
  Client Component Browser:
    ./lib/keySound.ts [Client Component Browser]
    ./components/layout/Navbar.tsx [Client Component Browser]
    ./components/layout/Navbar.tsx [Server Component]
    ./app/page.tsx [Server Component]

  Client Component SSR:
    ./lib/keySound.ts [Client Component SSR]
    ./components/layout/Navbar.tsx [Client Component SSR]
    ./components/layout/Navbar.tsx [Server Component]
    ./app/page.tsx [Server Component] @ http://localhost:3000/_next/static/chunks/node_modules_next_dist_1e8vcs8._.js:1052
[  200248ms] [ERROR] ./lib/keySound.ts:93:12
Error: Return statement is not allowed here
  91 | }
  92 |   const ac = getContext();
> 93 |   if (!ac) return;
     |            ^^^^^^^
  94 |   try {
  95 |     const t = ac.currentTime;
  96 |     const freq = NOTES[index] ?? NOTES[2];

Parsing ecmascript source code failed

Import traces:
  Client Component Browser:
    ./lib/keySound.ts [Client Component Browser]
    ./components/layout/Navbar.tsx [Client Component Browser]
    ./components/layout/Navbar.tsx [Server Component]
    ./app/page.tsx [Server Component]

  Client Component SSR:
    ./lib/keySound.ts [Client Component SSR]
    ./components/layout/Navbar.tsx [Client Component SSR]
    ./components/layout/Navbar.tsx [Server Component]
    ./app/page.tsx [Server Component] @ http://localhost:3000/_next/static/chunks/node_modules_next_dist_1e8vcs8._.js:1052
[  200300ms] [ERROR] ./lib/keySound.ts:93:12
Error: Return statement is not allowed here
  91 | }
  92 |   const ac = getContext();
> 93 |   if (!ac) return;
     |            ^^^^^^^
  94 |   try {
  95 |     const t = ac.currentTime;
  96 |     const freq = NOTES[index] ?? NOTES[2];

Parsing ecmascript source code failed

Import traces:
  Client Component Browser:
    ./lib/keySound.ts [Client Component Browser]
    ./components/layout/Navbar.tsx [Client Component Browser]
    ./components/layout/Navbar.tsx [Server Component]
    ./app/page.tsx [Server Component]

  Client Component SSR:
    ./lib/keySound.ts [Client Component SSR]
    ./components/layout/Navbar.tsx [Client Component SSR]
    ./components/layout/Navbar.tsx [Server Component]
    ./app/page.tsx [Server Component] @ http://localhost:3000/_next/static/chunks/node_modules_next_dist_1e8vcs8._.js:1052
[  200362ms] [ERROR] ./lib/keySound.ts:93:12
Error: Return statement is not allowed here
  91 | }
  92 |   const ac = getContext();
> 93 |   if (!ac) return;
     |            ^^^^^^^
  94 |   try {
  95 |     const t = ac.currentTime;
  96 |     const freq = NOTES[index] ?? NOTES[2];

Parsing ecmascript source code failed

Import traces:
  Client Component Browser:
    ./lib/keySound.ts [Client Component Browser]
    ./components/layout/Navbar.tsx [Client Component Browser]
    ./components/layout/Navbar.tsx [Server Component]
    ./app/page.tsx [Server Component]

  Client Component SSR:
    ./lib/keySound.ts [Client Component SSR]
    ./components/layout/Navbar.tsx [Client Component SSR]
    ./components/layout/Navbar.tsx [Server Component]
    ./app/page.tsx [Server Component] @ http://localhost:3000/_next/static/chunks/node_modules_next_dist_1e8vcs8._.js:1052
[  200420ms] [ERROR] ./lib/keySound.ts:93:12
Error: Return statement is not allowed here
  91 | }
  92 |   const ac = getContext();
> 93 |   if (!ac) return;
     |            ^^^^^^^
  94 |   try {
  95 |     const t = ac.currentTime;
  96 |     const freq = NOTES[index] ?? NOTES[2];

Parsing ecmascript source code failed

Import traces:
  Client Component Browser:
    ./lib/keySound.ts [Client Component Browser]
    ./components/layout/Navbar.tsx [Client Component Browser]
    ./components/layout/Navbar.tsx [Server Component]
    ./app/page.tsx [Server Component]

  Client Component SSR:
    ./lib/keySound.ts [Client Component SSR]
    ./components/layout/Navbar.tsx [Client Component SSR]
    ./components/layout/Navbar.tsx [Server Component]
    ./app/page.tsx [Server Component] @ http://localhost:3000/_next/static/chunks/node_modules_next_dist_1e8vcs8._.js:1052
[  200484ms] [ERROR] ./lib/keySound.ts:93:12
Error: Return statement is not allowed here
  91 | }
  92 |   const ac = getContext();
> 93 |   if (!ac) return;
     |            ^^^^^^^
  94 |   try {
  95 |     const t = ac.currentTime;
  96 |     const freq = NOTES[index] ?? NOTES[2];

Parsing ecmascript source code failed

Import traces:
  Client Component Browser:
    ./lib/keySound.ts [Client Component Browser]
    ./components/layout/Navbar.tsx [Client Component Browser]
    ./components/layout/Navbar.tsx [Server Component]
    ./app/page.tsx [Server Component]

  Client Component SSR:
    ./lib/keySound.ts [Client Component SSR]
    ./components/layout/Navbar.tsx [Client Component SSR]
    ./components/layout/Navbar.tsx [Server Component]
    ./app/page.tsx [Server Component] @ http://localhost:3000/_next/static/chunks/node_modules_next_dist_1e8vcs8._.js:1052
[  200546ms] [ERROR] ./lib/keySound.ts:93:12
Error: Return statement is not allowed here
  91 | }
  92 |   const ac = getContext();
> 93 |   if (!ac) return;
     |            ^^^^^^^
  94 |   try {
  95 |     const t = ac.currentTime;
  96 |     const freq = NOTES[index] ?? NOTES[2];

Parsing ecmascript source code failed

Import traces:
  Client Component Browser:
    ./lib/keySound.ts [Client Component Browser]
    ./components/layout/Navbar.tsx [Client Component Browser]
    ./components/layout/Navbar.tsx [Server Component]
    ./app/page.tsx [Server Component]

  Client Component SSR:
    ./lib/keySound.ts [Client Component SSR]
    ./components/layout/Navbar.tsx [Client Component SSR]
    ./components/layout/Navbar.tsx [Server Component]
    ./app/page.tsx [Server Component] @ http://localhost:3000/_next/static/chunks/node_modules_next_dist_1e8vcs8._.js:1052
[  200600ms] [ERROR] ./lib/keySound.ts:93:12
Error: Return statement is not allowed here
  91 | }
  92 |   const ac = getContext();
> 93 |   if (!ac) return;
     |            ^^^^^^^
  94 |   try {
  95 |     const t = ac.currentTime;
  96 |     const freq = NOTES[index] ?? NOTES[2];

Parsing ecmascript source code failed

Import traces:
  Client Component Browser:
    ./lib/keySound.ts [Client Component Browser]
    ./components/layout/Navbar.tsx [Client Component Browser]
    ./components/layout/Navbar.tsx [Server Component]
    ./app/page.tsx [Server Component]

  Client Component SSR:
    ./lib/keySound.ts [Client Component SSR]
    ./components/layout/Navbar.tsx [Client Component SSR]
    ./components/layout/Navbar.tsx [Server Component]
    ./app/page.tsx [Server Component] @ http://localhost:3000/_next/static/chunks/node_modules_next_dist_1e8vcs8._.js:1052
[  200648ms] [ERROR] ./lib/keySound.ts:93:12
Error: Return statement is not allowed here
  91 | }
  92 |   const ac = getContext();
> 93 |   if (!ac) return;
     |            ^^^^^^^
  94 |   try {
  95 |     const t = ac.currentTime;
  96 |     const freq = NOTES[index] ?? NOTES[2];

Parsing ecmascript source code failed

Import traces:
  Client Component Browser:
    ./lib/keySound.ts [Client Component Browser]
    ./components/layout/Navbar.tsx [Client Component Browser]
    ./components/layout/Navbar.tsx [Server Component]
    ./app/page.tsx [Server Component]

  Client Component SSR:
    ./lib/keySound.ts [Client Component SSR]
    ./components/layout/Navbar.tsx [Client Component SSR]
    ./components/layout/Navbar.tsx [Server Component]
    ./app/page.tsx [Server Component] @ http://localhost:3000/_next/static/chunks/node_modules_next_dist_1e8vcs8._.js:1052
[  200696ms] [ERROR] ./lib/keySound.ts:93:12
Error: Return statement is not allowed here
  91 | }
  92 |   const ac = getContext();
> 93 |   if (!ac) return;
     |            ^^^^^^^
  94 |   try {
  95 |     const t = ac.currentTime;
  96 |     const freq = NOTES[index] ?? NOTES[2];

Parsing ecmascript source code failed

Import traces:
  Client Component Browser:
    ./lib/keySound.ts [Client Component Browser]
    ./components/layout/Navbar.tsx [Client Component Browser]
    ./components/layout/Navbar.tsx [Server Component]
    ./app/page.tsx [Server Component]

  Client Component SSR:
    ./lib/keySound.ts [Client Component SSR]
    ./components/layout/Navbar.tsx [Client Component SSR]
    ./components/layout/Navbar.tsx [Server Component]
    ./app/page.tsx [Server Component] @ http://localhost:3000/_next/static/chunks/node_modules_next_dist_1e8vcs8._.js:1052
[  200762ms] [ERROR] ./lib/keySound.ts:93:12
Error: Return statement is not allowed here
  91 | }
  92 |   const ac = getContext();
> 93 |   if (!ac) return;
     |            ^^^^^^^
  94 |   try {
  95 |     const t = ac.currentTime;
  96 |     const freq = NOTES[index] ?? NOTES[2];

Parsing ecmascript source code failed

Import traces:
  Client Component Browser:
    ./lib/keySound.ts [Client Component Browser]
    ./components/layout/Navbar.tsx [Client Component Browser]
    ./components/layout/Navbar.tsx [Server Component]
    ./app/page.tsx [Server Component]

  Client Component SSR:
    ./lib/keySound.ts [Client Component SSR]
    ./components/layout/Navbar.tsx [Client Component SSR]
    ./components/layout/Navbar.tsx [Server Component]
    ./app/page.tsx [Server Component] @ http://localhost:3000/_next/static/chunks/node_modules_next_dist_1e8vcs8._.js:1052
[  200816ms] [ERROR] ./lib/keySound.ts:93:12
Error: Return statement is not allowed here
  91 | }
  92 |   const ac = getContext();
> 93 |   if (!ac) return;
     |            ^^^^^^^
  94 |   try {
  95 |     const t = ac.currentTime;
  96 |     const freq = NOTES[index] ?? NOTES[2];

Parsing ecmascript source code failed

Import traces:
  Client Component Browser:
    ./lib/keySound.ts [Client Component Browser]
    ./components/layout/Navbar.tsx [Client Component Browser]
    ./components/layout/Navbar.tsx [Server Component]
    ./app/page.tsx [Server Component]

  Client Component SSR:
    ./lib/keySound.ts [Client Component SSR]
    ./components/layout/Navbar.tsx [Client Component SSR]
    ./components/layout/Navbar.tsx [Server Component]
    ./app/page.tsx [Server Component] @ http://localhost:3000/_next/static/chunks/node_modules_next_dist_1e8vcs8._.js:1052
[  200876ms] [ERROR] ./lib/keySound.ts:93:12
Error: Return statement is not allowed here
  91 | }
  92 |   const ac = getContext();
> 93 |   if (!ac) return;
     |            ^^^^^^^
  94 |   try {
  95 |     const t = ac.currentTime;
  96 |     const freq = NOTES[index] ?? NOTES[2];

Parsing ecmascript source code failed

Import traces:
  Client Component Browser:
    ./lib/keySound.ts [Client Component Browser]
    ./components/layout/Navbar.tsx [Client Component Browser]
    ./components/layout/Navbar.tsx [Server Component]
    ./app/page.tsx [Server Component]

  Client Component SSR:
    ./lib/keySound.ts [Client Component SSR]
    ./components/layout/Navbar.tsx [Client Component SSR]
    ./components/layout/Navbar.tsx [Server Component]
    ./app/page.tsx [Server Component] @ http://localhost:3000/_next/static/chunks/node_modules_next_dist_1e8vcs8._.js:1052
[  200933ms] [ERROR] ./lib/keySound.ts:93:12
Error: Return statement is not allowed here
  91 | }
  92 |   const ac = getContext();
> 93 |   if (!ac) return;
     |            ^^^^^^^
  94 |   try {
  95 |     const t = ac.currentTime;
  96 |     const freq = NOTES[index] ?? NOTES[2];

Parsing ecmascript source code failed

Import traces:
  Client Component Browser:
    ./lib/keySound.ts [Client Component Browser]
    ./components/layout/Navbar.tsx [Client Component Browser]
    ./components/layout/Navbar.tsx [Server Component]
    ./app/page.tsx [Server Component]

  Client Component SSR:
    ./lib/keySound.ts [Client Component SSR]
    ./components/layout/Navbar.tsx [Client Component SSR]
    ./components/layout/Navbar.tsx [Server Component]
    ./app/page.tsx [Server Component] @ http://localhost:3000/_next/static/chunks/node_modules_next_dist_1e8vcs8._.js:1052
[  200983ms] [ERROR] ./lib/keySound.ts:93:12
Error: Return statement is not allowed here
  91 | }
  92 |   const ac = getContext();
> 93 |   if (!ac) return;
     |            ^^^^^^^
  94 |   try {
  95 |     const t = ac.currentTime;
  96 |     const freq = NOTES[index] ?? NOTES[2];

Parsing ecmascript source code failed

Import traces:
  Client Component Browser:
    ./lib/keySound.ts [Client Component Browser]
    ./components/layout/Navbar.tsx [Client Component Browser]
    ./components/layout/Navbar.tsx [Server Component]
    ./app/page.tsx [Server Component]

  Client Component SSR:
    ./lib/keySound.ts [Client Component SSR]
    ./components/layout/Navbar.tsx [Client Component SSR]
    ./components/layout/Navbar.tsx [Server Component]
    ./app/page.tsx [Server Component] @ http://localhost:3000/_next/static/chunks/node_modules_next_dist_1e8vcs8._.js:1052
[  201046ms] [ERROR] ./lib/keySound.ts:93:12
Error: Return statement is not allowed here
  91 | }
  92 |   const ac = getContext();
> 93 |   if (!ac) return;
     |            ^^^^^^^
  94 |   try {
  95 |     const t = ac.currentTime;
  96 |     const freq = NOTES[index] ?? NOTES[2];

Parsing ecmascript source code failed

Import traces:
  Client Component Browser:
    ./lib/keySound.ts [Client Component Browser]
    ./components/layout/Navbar.tsx [Client Component Browser]
    ./components/layout/Navbar.tsx [Server Component]
    ./app/page.tsx [Server Component]

  Client Component SSR:
    ./lib/keySound.ts [Client Component SSR]
    ./components/layout/Navbar.tsx [Client Component SSR]
    ./components/layout/Navbar.tsx [Server Component]
    ./app/page.tsx [Server Component] @ http://localhost:3000/_next/static/chunks/node_modules_next_dist_1e8vcs8._.js:1052
[  201099ms] [ERROR] ./lib/keySound.ts:93:12
Error: Return statement is not allowed here
  91 | }
  92 |   const ac = getContext();
> 93 |   if (!ac) return;
     |            ^^^^^^^
  94 |   try {
  95 |     const t = ac.currentTime;
  96 |     const freq = NOTES[index] ?? NOTES[2];

Parsing ecmascript source code failed

Import traces:
  Client Component Browser:
    ./lib/keySound.ts [Client Component Browser]
    ./components/layout/Navbar.tsx [Client Component Browser]
    ./components/layout/Navbar.tsx [Server Component]
    ./app/page.tsx [Server Component]

  Client Component SSR:
    ./lib/keySound.ts [Client Component SSR]
    ./components/layout/Navbar.tsx [Client Component SSR]
    ./components/layout/Navbar.tsx [Server Component]
    ./app/page.tsx [Server Component] @ http://localhost:3000/_next/static/chunks/node_modules_next_dist_1e8vcs8._.js:1052
[  201143ms] [ERROR] ./lib/keySound.ts:93:12
Error: Return statement is not allowed here
  91 | }
  92 |   const ac = getContext();
> 93 |   if (!ac) return;
     |            ^^^^^^^
  94 |   try {
  95 |     const t = ac.currentTime;
  96 |     const freq = NOTES[index] ?? NOTES[2];

Parsing ecmascript source code failed

Import traces:
  Client Component Browser:
    ./lib/keySound.ts [Client Component Browser]
    ./components/layout/Navbar.tsx [Client Component Browser]
    ./components/layout/Navbar.tsx [Server Component]
    ./app/page.tsx [Server Component]

  Client Component SSR:
    ./lib/keySound.ts [Client Component SSR]
    ./components/layout/Navbar.tsx [Client Component SSR]
    ./components/layout/Navbar.tsx [Server Component]
    ./app/page.tsx [Server Component] @ http://localhost:3000/_next/static/chunks/node_modules_next_dist_1e8vcs8._.js:1052
[  201195ms] [ERROR] ./lib/keySound.ts:93:12
Error: Return statement is not allowed here
  91 | }
  92 |   const ac = getContext();
> 93 |   if (!ac) return;
     |            ^^^^^^^
  94 |   try {
  95 |     const t = ac.currentTime;
  96 |     const freq = NOTES[index] ?? NOTES[2];

Parsing ecmascript source code failed

Import traces:
  Client Component Browser:
    ./lib/keySound.ts [Client Component Browser]
    ./components/layout/Navbar.tsx [Client Component Browser]
    ./components/layout/Navbar.tsx [Server Component]
    ./app/page.tsx [Server Component]

  Client Component SSR:
    ./lib/keySound.ts [Client Component SSR]
    ./components/layout/Navbar.tsx [Client Component SSR]
    ./components/layout/Navbar.tsx [Server Component]
    ./app/page.tsx [Server Component] @ http://localhost:3000/_next/static/chunks/node_modules_next_dist_1e8vcs8._.js:1052
[  201250ms] [ERROR] ./lib/keySound.ts:93:12
Error: Return statement is not allowed here
  91 | }
  92 |   const ac = getContext();
> 93 |   if (!ac) return;
     |            ^^^^^^^
  94 |   try {
  95 |     const t = ac.currentTime;
  96 |     const freq = NOTES[index] ?? NOTES[2];

Parsing ecmascript source code failed

Import traces:
  Client Component Browser:
    ./lib/keySound.ts [Client Component Browser]
    ./components/layout/Navbar.tsx [Client Component Browser]
    ./components/layout/Navbar.tsx [Server Component]
    ./app/page.tsx [Server Component]

  Client Component SSR:
    ./lib/keySound.ts [Client Component SSR]
    ./components/layout/Navbar.tsx [Client Component SSR]
    ./components/layout/Navbar.tsx [Server Component]
    ./app/page.tsx [Server Component] @ http://localhost:3000/_next/static/chunks/node_modules_next_dist_1e8vcs8._.js:1052
[  201308ms] [ERROR] ./lib/keySound.ts:93:12
Error: Return statement is not allowed here
  91 | }
  92 |   const ac = getContext();
> 93 |   if (!ac) return;
     |            ^^^^^^^
  94 |   try {
  95 |     const t = ac.currentTime;
  96 |     const freq = NOTES[index] ?? NOTES[2];

Parsing ecmascript source code failed

Import traces:
  Client Component Browser:
    ./lib/keySound.ts [Client Component Browser]
    ./components/layout/Navbar.tsx [Client Component Browser]
    ./components/layout/Navbar.tsx [Server Component]
    ./app/page.tsx [Server Component]

  Client Component SSR:
    ./lib/keySound.ts [Client Component SSR]
    ./components/layout/Navbar.tsx [Client Component SSR]
    ./components/layout/Navbar.tsx [Server Component]
    ./app/page.tsx [Server Component] @ http://localhost:3000/_next/static/chunks/node_modules_next_dist_1e8vcs8._.js:1052
[  201350ms] [ERROR] ./lib/keySound.ts:93:12
Error: Return statement is not allowed here
  91 | }
  92 |   const ac = getContext();
> 93 |   if (!ac) return;
     |            ^^^^^^^
  94 |   try {
  95 |     const t = ac.currentTime;
  96 |     const freq = NOTES[index] ?? NOTES[2];

Parsing ecmascript source code failed

Import traces:
  Client Component Browser:
    ./lib/keySound.ts [Client Component Browser]
    ./components/layout/Navbar.tsx [Client Component Browser]
    ./components/layout/Navbar.tsx [Server Component]
    ./app/page.tsx [Server Component]

  Client Component SSR:
    ./lib/keySound.ts [Client Component SSR]
    ./components/layout/Navbar.tsx [Client Component SSR]
    ./components/layout/Navbar.tsx [Server Component]
    ./app/page.tsx [Server Component] @ http://localhost:3000/_next/static/chunks/node_modules_next_dist_1e8vcs8._.js:1052
[  201409ms] [ERROR] ./lib/keySound.ts:93:12
Error: Return statement is not allowed here
  91 | }
  92 |   const ac = getContext();
> 93 |   if (!ac) return;
     |            ^^^^^^^
  94 |   try {
  95 |     const t = ac.currentTime;
  96 |     const freq = NOTES[index] ?? NOTES[2];

Parsing ecmascript source code failed

Import traces:
  Client Component Browser:
    ./lib/keySound.ts [Client Component Browser]
    ./components/layout/Navbar.tsx [Client Component Browser]
    ./components/layout/Navbar.tsx [Server Component]
    ./app/page.tsx [Server Component]

  Client Component SSR:
    ./lib/keySound.ts [Client Component SSR]
    ./components/layout/Navbar.tsx [Client Component SSR]
    ./components/layout/Navbar.tsx [Server Component]
    ./app/page.tsx [Server Component] @ http://localhost:3000/_next/static/chunks/node_modules_next_dist_1e8vcs8._.js:1052
[  201463ms] [ERROR] ./lib/keySound.ts:93:12
Error: Return statement is not allowed here
  91 | }
  92 |   const ac = getContext();
> 93 |   if (!ac) return;
     |            ^^^^^^^
  94 |   try {
  95 |     const t = ac.currentTime;
  96 |     const freq = NOTES[index] ?? NOTES[2];

Parsing ecmascript source code failed

Import traces:
  Client Component Browser:
    ./lib/keySound.ts [Client Component Browser]
    ./components/layout/Navbar.tsx [Client Component Browser]
    ./components/layout/Navbar.tsx [Server Component]
    ./app/page.tsx [Server Component]

  Client Component SSR:
    ./lib/keySound.ts [Client Component SSR]
    ./components/layout/Navbar.tsx [Client Component SSR]
    ./components/layout/Navbar.tsx [Server Component]
    ./app/page.tsx [Server Component] @ http://localhost:3000/_next/static/chunks/node_modules_next_dist_1e8vcs8._.js:1052
[  201516ms] [ERROR] ./lib/keySound.ts:93:12
Error: Return statement is not allowed here
  91 | }
  92 |   const ac = getContext();
> 93 |   if (!ac) return;
     |            ^^^^^^^
  94 |   try {
  95 |     const t = ac.currentTime;
  96 |     const freq = NOTES[index] ?? NOTES[2];

Parsing ecmascript source code failed

Import traces:
  Client Component Browser:
    ./lib/keySound.ts [Client Component Browser]
    ./components/layout/Navbar.tsx [Client Component Browser]
    ./components/layout/Navbar.tsx [Server Component]
    ./app/page.tsx [Server Component]

  Client Component SSR:
    ./lib/keySound.ts [Client Component SSR]
    ./components/layout/Navbar.tsx [Client Component SSR]
    ./components/layout/Navbar.tsx [Server Component]
    ./app/page.tsx [Server Component] @ http://localhost:3000/_next/static/chunks/node_modules_next_dist_1e8vcs8._.js:1052
[  201568ms] [ERROR] ./lib/keySound.ts:93:12
Error: Return statement is not allowed here
  91 | }
  92 |   const ac = getContext();
> 93 |   if (!ac) return;
     |            ^^^^^^^
  94 |   try {
  95 |     const t = ac.currentTime;
  96 |     const freq = NOTES[index] ?? NOTES[2];

Parsing ecmascript source code failed

Import traces:
  Client Component Browser:
    ./lib/keySound.ts [Client Component Browser]
    ./components/layout/Navbar.tsx [Client Component Browser]
    ./components/layout/Navbar.tsx [Server Component]
    ./app/page.tsx [Server Component]

  Client Component SSR:
    ./lib/keySound.ts [Client Component SSR]
    ./components/layout/Navbar.tsx [Client Component SSR]
    ./components/layout/Navbar.tsx [Server Component]
    ./app/page.tsx [Server Component] @ http://localhost:3000/_next/static/chunks/node_modules_next_dist_1e8vcs8._.js:1052
[  201616ms] [ERROR] ./lib/keySound.ts:93:12
Error: Return statement is not allowed here
  91 | }
  92 |   const ac = getContext();
> 93 |   if (!ac) return;
     |            ^^^^^^^
  94 |   try {
  95 |     const t = ac.currentTime;
  96 |     const freq = NOTES[index] ?? NOTES[2];

Parsing ecmascript source code failed

Import traces:
  Client Component Browser:
    ./lib/keySound.ts [Client Component Browser]
    ./components/layout/Navbar.tsx [Client Component Browser]
    ./components/layout/Navbar.tsx [Server Component]
    ./app/page.tsx [Server Component]

  Client Component SSR:
    ./lib/keySound.ts [Client Component SSR]
    ./components/layout/Navbar.tsx [Client Component SSR]
    ./components/layout/Navbar.tsx [Server Component]
    ./app/page.tsx [Server Component] @ http://localhost:3000/_next/static/chunks/node_modules_next_dist_1e8vcs8._.js:1052
[  201665ms] [ERROR] ./lib/keySound.ts:93:12
Error: Return statement is not allowed here
  91 | }
  92 |   const ac = getContext();
> 93 |   if (!ac) return;
     |            ^^^^^^^
  94 |   try {
  95 |     const t = ac.currentTime;
  96 |     const freq = NOTES[index] ?? NOTES[2];

Parsing ecmascript source code failed

Import traces:
  Client Component Browser:
    ./lib/keySound.ts [Client Component Browser]
    ./components/layout/Navbar.tsx [Client Component Browser]
    ./components/layout/Navbar.tsx [Server Component]
    ./app/page.tsx [Server Component]

  Client Component SSR:
    ./lib/keySound.ts [Client Component SSR]
    ./components/layout/Navbar.tsx [Client Component SSR]
    ./components/layout/Navbar.tsx [Server Component]
    ./app/page.tsx [Server Component] @ http://localhost:3000/_next/static/chunks/node_modules_next_dist_1e8vcs8._.js:1052
[  201729ms] [ERROR] ./lib/keySound.ts:93:12
Error: Return statement is not allowed here
  91 | }
  92 |   const ac = getContext();
> 93 |   if (!ac) return;
     |            ^^^^^^^
  94 |   try {
  95 |     const t = ac.currentTime;
  96 |     const freq = NOTES[index] ?? NOTES[2];

Parsing ecmascript source code failed

Import traces:
  Client Component Browser:
    ./lib/keySound.ts [Client Component Browser]
    ./components/layout/Navbar.tsx [Client Component Browser]
    ./components/layout/Navbar.tsx [Server Component]
    ./app/page.tsx [Server Component]

  Client Component SSR:
    ./lib/keySound.ts [Client Component SSR]
    ./components/layout/Navbar.tsx [Client Component SSR]
    ./components/layout/Navbar.tsx [Server Component]
    ./app/page.tsx [Server Component] @ http://localhost:3000/_next/static/chunks/node_modules_next_dist_1e8vcs8._.js:1052
[  201792ms] [ERROR] ./lib/keySound.ts:93:12
Error: Return statement is not allowed here
  91 | }
  92 |   const ac = getContext();
> 93 |   if (!ac) return;
     |            ^^^^^^^
  94 |   try {
  95 |     const t = ac.currentTime;
  96 |     const freq = NOTES[index] ?? NOTES[2];

Parsing ecmascript source code failed

Import traces:
  Client Component Browser:
    ./lib/keySound.ts [Client Component Browser]
    ./components/layout/Navbar.tsx [Client Component Browser]
    ./components/layout/Navbar.tsx [Server Component]
    ./app/page.tsx [Server Component]

  Client Component SSR:
    ./lib/keySound.ts [Client Component SSR]
    ./components/layout/Navbar.tsx [Client Component SSR]
    ./components/layout/Navbar.tsx [Server Component]
    ./app/page.tsx [Server Component] @ http://localhost:3000/_next/static/chunks/node_modules_next_dist_1e8vcs8._.js:1052
[  201834ms] [ERROR] ./lib/keySound.ts:93:12
Error: Return statement is not allowed here
  91 | }
  92 |   const ac = getContext();
> 93 |   if (!ac) return;
     |            ^^^^^^^
  94 |   try {
  95 |     const t = ac.currentTime;
  96 |     const freq = NOTES[index] ?? NOTES[2];

Parsing ecmascript source code failed

Import traces:
  Client Component Browser:
    ./lib/keySound.ts [Client Component Browser]
    ./components/layout/Navbar.tsx [Client Component Browser]
    ./components/layout/Navbar.tsx [Server Component]
    ./app/page.tsx [Server Component]

  Client Component SSR:
    ./lib/keySound.ts [Client Component SSR]
    ./components/layout/Navbar.tsx [Client Component SSR]
    ./components/layout/Navbar.tsx [Server Component]
    ./app/page.tsx [Server Component] @ http://localhost:3000/_next/static/chunks/node_modules_next_dist_1e8vcs8._.js:1052
[  201892ms] [ERROR] ./lib/keySound.ts:93:12
Error: Return statement is not allowed here
  91 | }
  92 |   const ac = getContext();
> 93 |   if (!ac) return;
     |            ^^^^^^^
  94 |   try {
  95 |     const t = ac.currentTime;
  96 |     const freq = NOTES[index] ?? NOTES[2];

Parsing ecmascript source code failed

Import traces:
  Client Component Browser:
    ./lib/keySound.ts [Client Component Browser]
    ./components/layout/Navbar.tsx [Client Component Browser]
    ./components/layout/Navbar.tsx [Server Component]
    ./app/page.tsx [Server Component]

  Client Component SSR:
    ./lib/keySound.ts [Client Component SSR]
    ./components/layout/Navbar.tsx [Client Component SSR]
    ./components/layout/Navbar.tsx [Server Component]
    ./app/page.tsx [Server Component] @ http://localhost:3000/_next/static/chunks/node_modules_next_dist_1e8vcs8._.js:1052
[  201942ms] [ERROR] ./lib/keySound.ts:93:12
Error: Return statement is not allowed here
  91 | }
  92 |   const ac = getContext();
> 93 |   if (!ac) return;
     |            ^^^^^^^
  94 |   try {
  95 |     const t = ac.currentTime;
  96 |     const freq = NOTES[index] ?? NOTES[2];

Parsing ecmascript source code failed

Import traces:
  Client Component Browser:
    ./lib/keySound.ts [Client Component Browser]
    ./components/layout/Navbar.tsx [Client Component Browser]
    ./components/layout/Navbar.tsx [Server Component]
    ./app/page.tsx [Server Component]

  Client Component SSR:
    ./lib/keySound.ts [Client Component SSR]
    ./components/layout/Navbar.tsx [Client Component SSR]
    ./components/layout/Navbar.tsx [Server Component]
    ./app/page.tsx [Server Component] @ http://localhost:3000/_next/static/chunks/node_modules_next_dist_1e8vcs8._.js:1052
[  201984ms] [ERROR] ./lib/keySound.ts:93:12
Error: Return statement is not allowed here
  91 | }
  92 |   const ac = getContext();
> 93 |   if (!ac) return;
     |            ^^^^^^^
  94 |   try {
  95 |     const t = ac.currentTime;
  96 |     const freq = NOTES[index] ?? NOTES[2];

Parsing ecmascript source code failed

Import traces:
  Client Component Browser:
    ./lib/keySound.ts [Client Component Browser]
    ./components/layout/Navbar.tsx [Client Component Browser]
    ./components/layout/Navbar.tsx [Server Component]
    ./app/page.tsx [Server Component]

  Client Component SSR:
    ./lib/keySound.ts [Client Component SSR]
    ./components/layout/Navbar.tsx [Client Component SSR]
    ./components/layout/Navbar.tsx [Server Component]
    ./app/page.tsx [Server Component] @ http://localhost:3000/_next/static/chunks/node_modules_next_dist_1e8vcs8._.js:1052
[  202048ms] [ERROR] ./lib/keySound.ts:93:12
Error: Return statement is not allowed here
  91 | }
  92 |   const ac = getContext();
> 93 |   if (!ac) return;
     |            ^^^^^^^
  94 |   try {
  95 |     const t = ac.currentTime;
  96 |     const freq = NOTES[index] ?? NOTES[2];

Parsing ecmascript source code failed

Import traces:
  Client Component Browser:
    ./lib/keySound.ts [Client Component Browser]
    ./components/layout/Navbar.tsx [Client Component Browser]
    ./components/layout/Navbar.tsx [Server Component]
    ./app/page.tsx [Server Component]

  Client Component SSR:
    ./lib/keySound.ts [Client Component SSR]
    ./components/layout/Navbar.tsx [Client Component SSR]
    ./components/layout/Navbar.tsx [Server Component]
    ./app/page.tsx [Server Component] @ http://localhost:3000/_next/static/chunks/node_modules_next_dist_1e8vcs8._.js:1052
[  202113ms] [ERROR] ./lib/keySound.ts:93:12
Error: Return statement is not allowed here
  91 | }
  92 |   const ac = getContext();
> 93 |   if (!ac) return;
     |            ^^^^^^^
  94 |   try {
  95 |     const t = ac.currentTime;
  96 |     const freq = NOTES[index] ?? NOTES[2];

Parsing ecmascript source code failed

Import traces:
  Client Component Browser:
    ./lib/keySound.ts [Client Component Browser]
    ./components/layout/Navbar.tsx [Client Component Browser]
    ./components/layout/Navbar.tsx [Server Component]
    ./app/page.tsx [Server Component]

  Client Component SSR:
    ./lib/keySound.ts [Client Component SSR]
    ./components/layout/Navbar.tsx [Client Component SSR]
    ./components/layout/Navbar.tsx [Server Component]
    ./app/page.tsx [Server Component] @ http://localhost:3000/_next/static/chunks/node_modules_next_dist_1e8vcs8._.js:1052
[  202166ms] [ERROR] ./lib/keySound.ts:93:12
Error: Return statement is not allowed here
  91 | }
  92 |   const ac = getContext();
> 93 |   if (!ac) return;
     |            ^^^^^^^
  94 |   try {
  95 |     const t = ac.currentTime;
  96 |     const freq = NOTES[index] ?? NOTES[2];

Parsing ecmascript source code failed

Import traces:
  Client Component Browser:
    ./lib/keySound.ts [Client Component Browser]
    ./components/layout/Navbar.tsx [Client Component Browser]
    ./components/layout/Navbar.tsx [Server Component]
    ./app/page.tsx [Server Component]

  Client Component SSR:
    ./lib/keySound.ts [Client Component SSR]
    ./components/layout/Navbar.tsx [Client Component SSR]
    ./components/layout/Navbar.tsx [Server Component]
    ./app/page.tsx [Server Component] @ http://localhost:3000/_next/static/chunks/node_modules_next_dist_1e8vcs8._.js:1052
[  202230ms] [ERROR] ./lib/keySound.ts:93:12
Error: Return statement is not allowed here
  91 | }
  92 |   const ac = getContext();
> 93 |   if (!ac) return;
     |            ^^^^^^^
  94 |   try {
  95 |     const t = ac.currentTime;
  96 |     const freq = NOTES[index] ?? NOTES[2];

Parsing ecmascript source code failed

Import traces:
  Client Component Browser:
    ./lib/keySound.ts [Client Component Browser]
    ./components/layout/Navbar.tsx [Client Component Browser]
    ./components/layout/Navbar.tsx [Server Component]
    ./app/page.tsx [Server Component]

  Client Component SSR:
    ./lib/keySound.ts [Client Component SSR]
    ./components/layout/Navbar.tsx [Client Component SSR]
    ./components/layout/Navbar.tsx [Server Component]
    ./app/page.tsx [Server Component] @ http://localhost:3000/_next/static/chunks/node_modules_next_dist_1e8vcs8._.js:1052
[  202288ms] [ERROR] ./lib/keySound.ts:93:12
Error: Return statement is not allowed here
  91 | }
  92 |   const ac = getContext();
> 93 |   if (!ac) return;
     |            ^^^^^^^
  94 |   try {
  95 |     const t = ac.currentTime;
  96 |     const freq = NOTES[index] ?? NOTES[2];

Parsing ecmascript source code failed

Import traces:
  Client Component Browser:
    ./lib/keySound.ts [Client Component Browser]
    ./components/layout/Navbar.tsx [Client Component Browser]
    ./components/layout/Navbar.tsx [Server Component]
    ./app/page.tsx [Server Component]

  Client Component SSR:
    ./lib/keySound.ts [Client Component SSR]
    ./components/layout/Navbar.tsx [Client Component SSR]
    ./components/layout/Navbar.tsx [Server Component]
    ./app/page.tsx [Server Component] @ http://localhost:3000/_next/static/chunks/node_modules_next_dist_1e8vcs8._.js:1052
[  202335ms] [ERROR] ./lib/keySound.ts:93:12
Error: Return statement is not allowed here
  91 | }
  92 |   const ac = getContext();
> 93 |   if (!ac) return;
     |            ^^^^^^^
  94 |   try {
  95 |     const t = ac.currentTime;
  96 |     const freq = NOTES[index] ?? NOTES[2];

Parsing ecmascript source code failed

Import traces:
  Client Component Browser:
    ./lib/keySound.ts [Client Component Browser]
    ./components/layout/Navbar.tsx [Client Component Browser]
    ./components/layout/Navbar.tsx [Server Component]
    ./app/page.tsx [Server Component]

  Client Component SSR:
    ./lib/keySound.ts [Client Component SSR]
    ./components/layout/Navbar.tsx [Client Component SSR]
    ./components/layout/Navbar.tsx [Server Component]
    ./app/page.tsx [Server Component] @ http://localhost:3000/_next/static/chunks/node_modules_next_dist_1e8vcs8._.js:1052
[  202398ms] [ERROR] ./lib/keySound.ts:93:12
Error: Return statement is not allowed here
  91 | }
  92 |   const ac = getContext();
> 93 |   if (!ac) return;
     |            ^^^^^^^
  94 |   try {
  95 |     const t = ac.currentTime;
  96 |     const freq = NOTES[index] ?? NOTES[2];

Parsing ecmascript source code failed

Import traces:
  Client Component Browser:
    ./lib/keySound.ts [Client Component Browser]
    ./components/layout/Navbar.tsx [Client Component Browser]
    ./components/layout/Navbar.tsx [Server Component]
    ./app/page.tsx [Server Component]

  Client Component SSR:
    ./lib/keySound.ts [Client Component SSR]
    ./components/layout/Navbar.tsx [Client Component SSR]
    ./components/layout/Navbar.tsx [Server Component]
    ./app/page.tsx [Server Component] @ http://localhost:3000/_next/static/chunks/node_modules_next_dist_1e8vcs8._.js:1052
[  202456ms] [ERROR] ./lib/keySound.ts:93:12
Error: Return statement is not allowed here
  91 | }
  92 |   const ac = getContext();
> 93 |   if (!ac) return;
     |            ^^^^^^^
  94 |   try {
  95 |     const t = ac.currentTime;
  96 |     const freq = NOTES[index] ?? NOTES[2];

Parsing ecmascript source code failed

Import traces:
  Client Component Browser:
    ./lib/keySound.ts [Client Component Browser]
    ./components/layout/Navbar.tsx [Client Component Browser]
    ./components/layout/Navbar.tsx [Server Component]
    ./app/page.tsx [Server Component]

  Client Component SSR:
    ./lib/keySound.ts [Client Component SSR]
    ./components/layout/Navbar.tsx [Client Component SSR]
    ./components/layout/Navbar.tsx [Server Component]
    ./app/page.tsx [Server Component] @ http://localhost:3000/_next/static/chunks/node_modules_next_dist_1e8vcs8._.js:1052
[  202513ms] [ERROR] ./lib/keySound.ts:93:12
Error: Return statement is not allowed here
  91 | }
  92 |   const ac = getContext();
> 93 |   if (!ac) return;
     |            ^^^^^^^
  94 |   try {
  95 |     const t = ac.currentTime;
  96 |     const freq = NOTES[index] ?? NOTES[2];

Parsing ecmascript source code failed

Import traces:
  Client Component Browser:
    ./lib/keySound.ts [Client Component Browser]
    ./components/layout/Navbar.tsx [Client Component Browser]
    ./components/layout/Navbar.tsx [Server Component]
    ./app/page.tsx [Server Component]

  Client Component SSR:
    ./lib/keySound.ts [Client Component SSR]
    ./components/layout/Navbar.tsx [Client Component SSR]
    ./components/layout/Navbar.tsx [Server Component]
    ./app/page.tsx [Server Component] @ http://localhost:3000/_next/static/chunks/node_modules_next_dist_1e8vcs8._.js:1052
[  202571ms] [ERROR] ./lib/keySound.ts:93:12
Error: Return statement is not allowed here
  91 | }
  92 |   const ac = getContext();
> 93 |   if (!ac) return;
     |            ^^^^^^^
  94 |   try {
  95 |     const t = ac.currentTime;
  96 |     const freq = NOTES[index] ?? NOTES[2];

Parsing ecmascript source code failed

Import traces:
  Client Component Browser:
    ./lib/keySound.ts [Client Component Browser]
    ./components/layout/Navbar.tsx [Client Component Browser]
    ./components/layout/Navbar.tsx [Server Component]
    ./app/page.tsx [Server Component]

  Client Component SSR:
    ./lib/keySound.ts [Client Component SSR]
    ./components/layout/Navbar.tsx [Client Component SSR]
    ./components/layout/Navbar.tsx [Server Component]
    ./app/page.tsx [Server Component] @ http://localhost:3000/_next/static/chunks/node_modules_next_dist_1e8vcs8._.js:1052
[  202628ms] [ERROR] ./lib/keySound.ts:93:12
Error: Return statement is not allowed here
  91 | }
  92 |   const ac = getContext();
> 93 |   if (!ac) return;
     |            ^^^^^^^
  94 |   try {
  95 |     const t = ac.currentTime;
  96 |     const freq = NOTES[index] ?? NOTES[2];

Parsing ecmascript source code failed

Import traces:
  Client Component Browser:
    ./lib/keySound.ts [Client Component Browser]
    ./components/layout/Navbar.tsx [Client Component Browser]
    ./components/layout/Navbar.tsx [Server Component]
    ./app/page.tsx [Server Component]

  Client Component SSR:
    ./lib/keySound.ts [Client Component SSR]
    ./components/layout/Navbar.tsx [Client Component SSR]
    ./components/layout/Navbar.tsx [Server Component]
    ./app/page.tsx [Server Component] @ http://localhost:3000/_next/static/chunks/node_modules_next_dist_1e8vcs8._.js:1052
[  202686ms] [ERROR] ./lib/keySound.ts:93:12
Error: Return statement is not allowed here
  91 | }
  92 |   const ac = getContext();
> 93 |   if (!ac) return;
     |            ^^^^^^^
  94 |   try {
  95 |     const t = ac.currentTime;
  96 |     const freq = NOTES[index] ?? NOTES[2];

Parsing ecmascript source code failed

Import traces:
  Client Component Browser:
    ./lib/keySound.ts [Client Component Browser]
    ./components/layout/Navbar.tsx [Client Component Browser]
    ./components/layout/Navbar.tsx [Server Component]
    ./app/page.tsx [Server Component]

  Client Component SSR:
    ./lib/keySound.ts [Client Component SSR]
    ./components/layout/Navbar.tsx [Client Component SSR]
    ./components/layout/Navbar.tsx [Server Component]
    ./app/page.tsx [Server Component] @ http://localhost:3000/_next/static/chunks/node_modules_next_dist_1e8vcs8._.js:1052
[  202743ms] [ERROR] ./lib/keySound.ts:93:12
Error: Return statement is not allowed here
  91 | }
  92 |   const ac = getContext();
> 93 |   if (!ac) return;
     |            ^^^^^^^
  94 |   try {
  95 |     const t = ac.currentTime;
  96 |     const freq = NOTES[index] ?? NOTES[2];

Parsing ecmascript source code failed

Import traces:
  Client Component Browser:
    ./lib/keySound.ts [Client Component Browser]
    ./components/layout/Navbar.tsx [Client Component Browser]
    ./components/layout/Navbar.tsx [Server Component]
    ./app/page.tsx [Server Component]

  Client Component SSR:
    ./lib/keySound.ts [Client Component SSR]
    ./components/layout/Navbar.tsx [Client Component SSR]
    ./components/layout/Navbar.tsx [Server Component]
    ./app/page.tsx [Server Component] @ http://localhost:3000/_next/static/chunks/node_modules_next_dist_1e8vcs8._.js:1052
[  202797ms] [ERROR] ./lib/keySound.ts:93:12
Error: Return statement is not allowed here
  91 | }
  92 |   const ac = getContext();
> 93 |   if (!ac) return;
     |            ^^^^^^^
  94 |   try {
  95 |     const t = ac.currentTime;
  96 |     const freq = NOTES[index] ?? NOTES[2];

Parsing ecmascript source code failed

Import traces:
  Client Component Browser:
    ./lib/keySound.ts [Client Component Browser]
    ./components/layout/Navbar.tsx [Client Component Browser]
    ./components/layout/Navbar.tsx [Server Component]
    ./app/page.tsx [Server Component]

  Client Component SSR:
    ./lib/keySound.ts [Client Component SSR]
    ./components/layout/Navbar.tsx [Client Component SSR]
    ./components/layout/Navbar.tsx [Server Component]
    ./app/page.tsx [Server Component] @ http://localhost:3000/_next/static/chunks/node_modules_next_dist_1e8vcs8._.js:1052
[  202861ms] [ERROR] ./lib/keySound.ts:93:12
Error: Return statement is not allowed here
  91 | }
  92 |   const ac = getContext();
> 93 |   if (!ac) return;
     |            ^^^^^^^
  94 |   try {
  95 |     const t = ac.currentTime;
  96 |     const freq = NOTES[index] ?? NOTES[2];

Parsing ecmascript source code failed

Import traces:
  Client Component Browser:
    ./lib/keySound.ts [Client Component Browser]
    ./components/layout/Navbar.tsx [Client Component Browser]
    ./components/layout/Navbar.tsx [Server Component]
    ./app/page.tsx [Server Component]

  Client Component SSR:
    ./lib/keySound.ts [Client Component SSR]
    ./components/layout/Navbar.tsx [Client Component SSR]
    ./components/layout/Navbar.tsx [Server Component]
    ./app/page.tsx [Server Component] @ http://localhost:3000/_next/static/chunks/node_modules_next_dist_1e8vcs8._.js:1052
[  202917ms] [ERROR] ./lib/keySound.ts:93:12
Error: Return statement is not allowed here
  91 | }
  92 |   const ac = getContext();
> 93 |   if (!ac) return;
     |            ^^^^^^^
  94 |   try {
  95 |     const t = ac.currentTime;
  96 |     const freq = NOTES[index] ?? NOTES[2];

Parsing ecmascript source code failed

Import traces:
  Client Component Browser:
    ./lib/keySound.ts [Client Component Browser]
    ./components/layout/Navbar.tsx [Client Component Browser]
    ./components/layout/Navbar.tsx [Server Component]
    ./app/page.tsx [Server Component]

  Client Component SSR:
    ./lib/keySound.ts [Client Component SSR]
    ./components/layout/Navbar.tsx [Client Component SSR]
    ./components/layout/Navbar.tsx [Server Component]
    ./app/page.tsx [Server Component] @ http://localhost:3000/_next/static/chunks/node_modules_next_dist_1e8vcs8._.js:1052
[  202978ms] [ERROR] ./lib/keySound.ts:93:12
Error: Return statement is not allowed here
  91 | }
  92 |   const ac = getContext();
> 93 |   if (!ac) return;
     |            ^^^^^^^
  94 |   try {
  95 |     const t = ac.currentTime;
  96 |     const freq = NOTES[index] ?? NOTES[2];

Parsing ecmascript source code failed

Import traces:
  Client Component Browser:
    ./lib/keySound.ts [Client Component Browser]
    ./components/layout/Navbar.tsx [Client Component Browser]
    ./components/layout/Navbar.tsx [Server Component]
    ./app/page.tsx [Server Component]

  Client Component SSR:
    ./lib/keySound.ts [Client Component SSR]
    ./components/layout/Navbar.tsx [Client Component SSR]
    ./components/layout/Navbar.tsx [Server Component]
    ./app/page.tsx [Server Component] @ http://localhost:3000/_next/static/chunks/node_modules_next_dist_1e8vcs8._.js:1052
[  203033ms] [ERROR] ./lib/keySound.ts:93:12
Error: Return statement is not allowed here
  91 | }
  92 |   const ac = getContext();
> 93 |   if (!ac) return;
     |            ^^^^^^^
  94 |   try {
  95 |     const t = ac.currentTime;
  96 |     const freq = NOTES[index] ?? NOTES[2];

Parsing ecmascript source code failed

Import traces:
  Client Component Browser:
    ./lib/keySound.ts [Client Component Browser]
    ./components/layout/Navbar.tsx [Client Component Browser]
    ./components/layout/Navbar.tsx [Server Component]
    ./app/page.tsx [Server Component]

  Client Component SSR:
    ./lib/keySound.ts [Client Component SSR]
    ./components/layout/Navbar.tsx [Client Component SSR]
    ./components/layout/Navbar.tsx [Server Component]
    ./app/page.tsx [Server Component] @ http://localhost:3000/_next/static/chunks/node_modules_next_dist_1e8vcs8._.js:1052
[  203094ms] [ERROR] ./lib/keySound.ts:93:12
Error: Return statement is not allowed here
  91 | }
  92 |   const ac = getContext();
> 93 |   if (!ac) return;
     |            ^^^^^^^
  94 |   try {
  95 |     const t = ac.currentTime;
  96 |     const freq = NOTES[index] ?? NOTES[2];

Parsing ecmascript source code failed

Import traces:
  Client Component Browser:
    ./lib/keySound.ts [Client Component Browser]
    ./components/layout/Navbar.tsx [Client Component Browser]
    ./components/layout/Navbar.tsx [Server Component]
    ./app/page.tsx [Server Component]

  Client Component SSR:
    ./lib/keySound.ts [Client Component SSR]
    ./components/layout/Navbar.tsx [Client Component SSR]
    ./components/layout/Navbar.tsx [Server Component]
    ./app/page.tsx [Server Component] @ http://localhost:3000/_next/static/chunks/node_modules_next_dist_1e8vcs8._.js:1052
[  203158ms] [ERROR] ./lib/keySound.ts:93:12
Error: Return statement is not allowed here
  91 | }
  92 |   const ac = getContext();
> 93 |   if (!ac) return;
     |            ^^^^^^^
  94 |   try {
  95 |     const t = ac.currentTime;
  96 |     const freq = NOTES[index] ?? NOTES[2];

Parsing ecmascript source code failed

Import traces:
  Client Component Browser:
    ./lib/keySound.ts [Client Component Browser]
    ./components/layout/Navbar.tsx [Client Component Browser]
    ./components/layout/Navbar.tsx [Server Component]
    ./app/page.tsx [Server Component]

  Client Component SSR:
    ./lib/keySound.ts [Client Component SSR]
    ./components/layout/Navbar.tsx [Client Component SSR]
    ./components/layout/Navbar.tsx [Server Component]
    ./app/page.tsx [Server Component] @ http://localhost:3000/_next/static/chunks/node_modules_next_dist_1e8vcs8._.js:1052
[  203216ms] [ERROR] ./lib/keySound.ts:93:12
Error: Return statement is not allowed here
  91 | }
  92 |   const ac = getContext();
> 93 |   if (!ac) return;
     |            ^^^^^^^
  94 |   try {
  95 |     const t = ac.currentTime;
  96 |     const freq = NOTES[index] ?? NOTES[2];

Parsing ecmascript source code failed

Import traces:
  Client Component Browser:
    ./lib/keySound.ts [Client Component Browser]
    ./components/layout/Navbar.tsx [Client Component Browser]
    ./components/layout/Navbar.tsx [Server Component]
    ./app/page.tsx [Server Component]

  Client Component SSR:
    ./lib/keySound.ts [Client Component SSR]
    ./components/layout/Navbar.tsx [Client Component SSR]
    ./components/layout/Navbar.tsx [Server Component]
    ./app/page.tsx [Server Component] @ http://localhost:3000/_next/static/chunks/node_modules_next_dist_1e8vcs8._.js:1052
[  203267ms] [ERROR] ./lib/keySound.ts:93:12
Error: Return statement is not allowed here
  91 | }
  92 |   const ac = getContext();
> 93 |   if (!ac) return;
     |            ^^^^^^^
  94 |   try {
  95 |     const t = ac.currentTime;
  96 |     const freq = NOTES[index] ?? NOTES[2];

Parsing ecmascript source code failed

Import traces:
  Client Component Browser:
    ./lib/keySound.ts [Client Component Browser]
    ./components/layout/Navbar.tsx [Client Component Browser]
    ./components/layout/Navbar.tsx [Server Component]
    ./app/page.tsx [Server Component]

  Client Component SSR:
    ./lib/keySound.ts [Client Component SSR]
    ./components/layout/Navbar.tsx [Client Component SSR]
    ./components/layout/Navbar.tsx [Server Component]
    ./app/page.tsx [Server Component] @ http://localhost:3000/_next/static/chunks/node_modules_next_dist_1e8vcs8._.js:1052
[  203325ms] [ERROR] ./lib/keySound.ts:93:12
Error: Return statement is not allowed here
  91 | }
  92 |   const ac = getContext();
> 93 |   if (!ac) return;
     |            ^^^^^^^
  94 |   try {
  95 |     const t = ac.currentTime;
  96 |     const freq = NOTES[index] ?? NOTES[2];

Parsing ecmascript source code failed

Import traces:
  Client Component Browser:
    ./lib/keySound.ts [Client Component Browser]
    ./components/layout/Navbar.tsx [Client Component Browser]
    ./components/layout/Navbar.tsx [Server Component]
    ./app/page.tsx [Server Component]

  Client Component SSR:
    ./lib/keySound.ts [Client Component SSR]
    ./components/layout/Navbar.tsx [Client Component SSR]
    ./components/layout/Navbar.tsx [Server Component]
    ./app/page.tsx [Server Component] @ http://localhost:3000/_next/static/chunks/node_modules_next_dist_1e8vcs8._.js:1052
[  203380ms] [ERROR] ./lib/keySound.ts:93:12
Error: Return statement is not allowed here
  91 | }
  92 |   const ac = getContext();
> 93 |   if (!ac) return;
     |            ^^^^^^^
  94 |   try {
  95 |     const t = ac.currentTime;
  96 |     const freq = NOTES[index] ?? NOTES[2];

Parsing ecmascript source code failed

Import traces:
  Client Component Browser:
    ./lib/keySound.ts [Client Component Browser]
    ./components/layout/Navbar.tsx [Client Component Browser]
    ./components/layout/Navbar.tsx [Server Component]
    ./app/page.tsx [Server Component]

  Client Component SSR:
    ./lib/keySound.ts [Client Component SSR]
    ./components/layout/Navbar.tsx [Client Component SSR]
    ./components/layout/Navbar.tsx [Server Component]
    ./app/page.tsx [Server Component] @ http://localhost:3000/_next/static/chunks/node_modules_next_dist_1e8vcs8._.js:1052
[  203433ms] [ERROR] ./lib/keySound.ts:93:12
Error: Return statement is not allowed here
  91 | }
  92 |   const ac = getContext();
> 93 |   if (!ac) return;
     |            ^^^^^^^
  94 |   try {
  95 |     const t = ac.currentTime;
  96 |     const freq = NOTES[index] ?? NOTES[2];

Parsing ecmascript source code failed

Import traces:
  Client Component Browser:
    ./lib/keySound.ts [Client Component Browser]
    ./components/layout/Navbar.tsx [Client Component Browser]
    ./components/layout/Navbar.tsx [Server Component]
    ./app/page.tsx [Server Component]

  Client Component SSR:
    ./lib/keySound.ts [Client Component SSR]
    ./components/layout/Navbar.tsx [Client Component SSR]
    ./components/layout/Navbar.tsx [Server Component]
    ./app/page.tsx [Server Component] @ http://localhost:3000/_next/static/chunks/node_modules_next_dist_1e8vcs8._.js:1052
[  203484ms] [ERROR] ./lib/keySound.ts:93:12
Error: Return statement is not allowed here
  91 | }
  92 |   const ac = getContext();
> 93 |   if (!ac) return;
     |            ^^^^^^^
  94 |   try {
  95 |     const t = ac.currentTime;
  96 |     const freq = NOTES[index] ?? NOTES[2];

Parsing ecmascript source code failed

Import traces:
  Client Component Browser:
    ./lib/keySound.ts [Client Component Browser]
    ./components/layout/Navbar.tsx [Client Component Browser]
    ./components/layout/Navbar.tsx [Server Component]
    ./app/page.tsx [Server Component]

  Client Component SSR:
    ./lib/keySound.ts [Client Component SSR]
    ./components/layout/Navbar.tsx [Client Component SSR]
    ./components/layout/Navbar.tsx [Server Component]
    ./app/page.tsx [Server Component] @ http://localhost:3000/_next/static/chunks/node_modules_next_dist_1e8vcs8._.js:1052
[  203547ms] [ERROR] ./lib/keySound.ts:93:12
Error: Return statement is not allowed here
  91 | }
  92 |   const ac = getContext();
> 93 |   if (!ac) return;
     |            ^^^^^^^
  94 |   try {
  95 |     const t = ac.currentTime;
  96 |     const freq = NOTES[index] ?? NOTES[2];

Parsing ecmascript source code failed

Import traces:
  Client Component Browser:
    ./lib/keySound.ts [Client Component Browser]
    ./components/layout/Navbar.tsx [Client Component Browser]
    ./components/layout/Navbar.tsx [Server Component]
    ./app/page.tsx [Server Component]

  Client Component SSR:
    ./lib/keySound.ts [Client Component SSR]
    ./components/layout/Navbar.tsx [Client Component SSR]
    ./components/layout/Navbar.tsx [Server Component]
    ./app/page.tsx [Server Component] @ http://localhost:3000/_next/static/chunks/node_modules_next_dist_1e8vcs8._.js:1052
[  203611ms] [ERROR] ./lib/keySound.ts:93:12
Error: Return statement is not allowed here
  91 | }
  92 |   const ac = getContext();
> 93 |   if (!ac) return;
     |            ^^^^^^^
  94 |   try {
  95 |     const t = ac.currentTime;
  96 |     const freq = NOTES[index] ?? NOTES[2];

Parsing ecmascript source code failed

Import traces:
  Client Component Browser:
    ./lib/keySound.ts [Client Component Browser]
    ./components/layout/Navbar.tsx [Client Component Browser]
    ./components/layout/Navbar.tsx [Server Component]
    ./app/page.tsx [Server Component]

  Client Component SSR:
    ./lib/keySound.ts [Client Component SSR]
    ./components/layout/Navbar.tsx [Client Component SSR]
    ./components/layout/Navbar.tsx [Server Component]
    ./app/page.tsx [Server Component] @ http://localhost:3000/_next/static/chunks/node_modules_next_dist_1e8vcs8._.js:1052
[  203666ms] [ERROR] ./lib/keySound.ts:93:12
Error: Return statement is not allowed here
  91 | }
  92 |   const ac = getContext();
> 93 |   if (!ac) return;
     |            ^^^^^^^
  94 |   try {
  95 |     const t = ac.currentTime;
  96 |     const freq = NOTES[index] ?? NOTES[2];

Parsing ecmascript source code failed

Import traces:
  Client Component Browser:
    ./lib/keySound.ts [Client Component Browser]
    ./components/layout/Navbar.tsx [Client Component Browser]
    ./components/layout/Navbar.tsx [Server Component]
    ./app/page.tsx [Server Component]

  Client Component SSR:
    ./lib/keySound.ts [Client Component SSR]
    ./components/layout/Navbar.tsx [Client Component SSR]
    ./components/layout/Navbar.tsx [Server Component]
    ./app/page.tsx [Server Component] @ http://localhost:3000/_next/static/chunks/node_modules_next_dist_1e8vcs8._.js:1052
[  203714ms] [ERROR] ./lib/keySound.ts:93:12
Error: Return statement is not allowed here
  91 | }
  92 |   const ac = getContext();
> 93 |   if (!ac) return;
     |            ^^^^^^^
  94 |   try {
  95 |     const t = ac.currentTime;
  96 |     const freq = NOTES[index] ?? NOTES[2];

Parsing ecmascript source code failed

Import traces:
  Client Component Browser:
    ./lib/keySound.ts [Client Component Browser]
    ./components/layout/Navbar.tsx [Client Component Browser]
    ./components/layout/Navbar.tsx [Server Component]
    ./app/page.tsx [Server Component]

  Client Component SSR:
    ./lib/keySound.ts [Client Component SSR]
    ./components/layout/Navbar.tsx [Client Component SSR]
    ./components/layout/Navbar.tsx [Server Component]
    ./app/page.tsx [Server Component] @ http://localhost:3000/_next/static/chunks/node_modules_next_dist_1e8vcs8._.js:1052
[  203775ms] [ERROR] ./lib/keySound.ts:93:12
Error: Return statement is not allowed here
  91 | }
  92 |   const ac = getContext();
> 93 |   if (!ac) return;
     |            ^^^^^^^
  94 |   try {
  95 |     const t = ac.currentTime;
  96 |     const freq = NOTES[index] ?? NOTES[2];

Parsing ecmascript source code failed

Import traces:
  Client Component Browser:
    ./lib/keySound.ts [Client Component Browser]
    ./components/layout/Navbar.tsx [Client Component Browser]
    ./components/layout/Navbar.tsx [Server Component]
    ./app/page.tsx [Server Component]

  Client Component SSR:
    ./lib/keySound.ts [Client Component SSR]
    ./components/layout/Navbar.tsx [Client Component SSR]
    ./components/layout/Navbar.tsx [Server Component]
    ./app/page.tsx [Server Component] @ http://localhost:3000/_next/static/chunks/node_modules_next_dist_1e8vcs8._.js:1052
[  203828ms] [ERROR] ./lib/keySound.ts:93:12
Error: Return statement is not allowed here
  91 | }
  92 |   const ac = getContext();
> 93 |   if (!ac) return;
     |            ^^^^^^^
  94 |   try {
  95 |     const t = ac.currentTime;
  96 |     const freq = NOTES[index] ?? NOTES[2];

Parsing ecmascript source code failed

Import traces:
  Client Component Browser:
    ./lib/keySound.ts [Client Component Browser]
    ./components/layout/Navbar.tsx [Client Component Browser]
    ./components/layout/Navbar.tsx [Server Component]
    ./app/page.tsx [Server Component]

  Client Component SSR:
    ./lib/keySound.ts [Client Component SSR]
    ./components/layout/Navbar.tsx [Client Component SSR]
    ./components/layout/Navbar.tsx [Server Component]
    ./app/page.tsx [Server Component] @ http://localhost:3000/_next/static/chunks/node_modules_next_dist_1e8vcs8._.js:1052
[  203883ms] [ERROR] ./lib/keySound.ts:93:12
Error: Return statement is not allowed here
  91 | }
  92 |   const ac = getContext();
> 93 |   if (!ac) return;
     |            ^^^^^^^
  94 |   try {
  95 |     const t = ac.currentTime;
  96 |     const freq = NOTES[index] ?? NOTES[2];

Parsing ecmascript source code failed

Import traces:
  Client Component Browser:
    ./lib/keySound.ts [Client Component Browser]
    ./components/layout/Navbar.tsx [Client Component Browser]
    ./components/layout/Navbar.tsx [Server Component]
    ./app/page.tsx [Server Component]

  Client Component SSR:
    ./lib/keySound.ts [Client Component SSR]
    ./components/layout/Navbar.tsx [Client Component SSR]
    ./components/layout/Navbar.tsx [Server Component]
    ./app/page.tsx [Server Component] @ http://localhost:3000/_next/static/chunks/node_modules_next_dist_1e8vcs8._.js:1052
[  203948ms] [ERROR] ./lib/keySound.ts:93:12
Error: Return statement is not allowed here
  91 | }
  92 |   const ac = getContext();
> 93 |   if (!ac) return;
     |            ^^^^^^^
  94 |   try {
  95 |     const t = ac.currentTime;
  96 |     const freq = NOTES[index] ?? NOTES[2];

Parsing ecmascript source code failed

Import traces:
  Client Component Browser:
    ./lib/keySound.ts [Client Component Browser]
    ./components/layout/Navbar.tsx [Client Component Browser]
    ./components/layout/Navbar.tsx [Server Component]
    ./app/page.tsx [Server Component]

  Client Component SSR:
    ./lib/keySound.ts [Client Component SSR]
    ./components/layout/Navbar.tsx [Client Component SSR]
    ./components/layout/Navbar.tsx [Server Component]
    ./app/page.tsx [Server Component] @ http://localhost:3000/_next/static/chunks/node_modules_next_dist_1e8vcs8._.js:1052
[  204009ms] [ERROR] ./lib/keySound.ts:93:12
Error: Return statement is not allowed here
  91 | }
  92 |   const ac = getContext();
> 93 |   if (!ac) return;
     |            ^^^^^^^
  94 |   try {
  95 |     const t = ac.currentTime;
  96 |     const freq = NOTES[index] ?? NOTES[2];

Parsing ecmascript source code failed

Import traces:
  Client Component Browser:
    ./lib/keySound.ts [Client Component Browser]
    ./components/layout/Navbar.tsx [Client Component Browser]
    ./components/layout/Navbar.tsx [Server Component]
    ./app/page.tsx [Server Component]

  Client Component SSR:
    ./lib/keySound.ts [Client Component SSR]
    ./components/layout/Navbar.tsx [Client Component SSR]
    ./components/layout/Navbar.tsx [Server Component]
    ./app/page.tsx [Server Component] @ http://localhost:3000/_next/static/chunks/node_modules_next_dist_1e8vcs8._.js:1052
[  204060ms] [ERROR] ./lib/keySound.ts:93:12
Error: Return statement is not allowed here
  91 | }
  92 |   const ac = getContext();
> 93 |   if (!ac) return;
     |            ^^^^^^^
  94 |   try {
  95 |     const t = ac.currentTime;
  96 |     const freq = NOTES[index] ?? NOTES[2];

Parsing ecmascript source code failed

Import traces:
  Client Component Browser:
    ./lib/keySound.ts [Client Component Browser]
    ./components/layout/Navbar.tsx [Client Component Browser]
    ./components/layout/Navbar.tsx [Server Component]
    ./app/page.tsx [Server Component]

  Client Component SSR:
    ./lib/keySound.ts [Client Component SSR]
    ./components/layout/Navbar.tsx [Client Component SSR]
    ./components/layout/Navbar.tsx [Server Component]
    ./app/page.tsx [Server Component] @ http://localhost:3000/_next/static/chunks/node_modules_next_dist_1e8vcs8._.js:1052
[  204117ms] [ERROR] ./lib/keySound.ts:93:12
Error: Return statement is not allowed here
  91 | }
  92 |   const ac = getContext();
> 93 |   if (!ac) return;
     |            ^^^^^^^
  94 |   try {
  95 |     const t = ac.currentTime;
  96 |     const freq = NOTES[index] ?? NOTES[2];

Parsing ecmascript source code failed

Import traces:
  Client Component Browser:
    ./lib/keySound.ts [Client Component Browser]
    ./components/layout/Navbar.tsx [Client Component Browser]
    ./components/layout/Navbar.tsx [Server Component]
    ./app/page.tsx [Server Component]

  Client Component SSR:
    ./lib/keySound.ts [Client Component SSR]
    ./components/layout/Navbar.tsx [Client Component SSR]
    ./components/layout/Navbar.tsx [Server Component]
    ./app/page.tsx [Server Component] @ http://localhost:3000/_next/static/chunks/node_modules_next_dist_1e8vcs8._.js:1052
[  204166ms] [ERROR] ./lib/keySound.ts:93:12
Error: Return statement is not allowed here
  91 | }
  92 |   const ac = getContext();
> 93 |   if (!ac) return;
     |            ^^^^^^^
  94 |   try {
  95 |     const t = ac.currentTime;
  96 |     const freq = NOTES[index] ?? NOTES[2];

Parsing ecmascript source code failed

Import traces:
  Client Component Browser:
    ./lib/keySound.ts [Client Component Browser]
    ./components/layout/Navbar.tsx [Client Component Browser]
    ./components/layout/Navbar.tsx [Server Component]
    ./app/page.tsx [Server Component]

  Client Component SSR:
    ./lib/keySound.ts [Client Component SSR]
    ./components/layout/Navbar.tsx [Client Component SSR]
    ./components/layout/Navbar.tsx [Server Component]
    ./app/page.tsx [Server Component] @ http://localhost:3000/_next/static/chunks/node_modules_next_dist_1e8vcs8._.js:1052
[  204229ms] [ERROR] ./lib/keySound.ts:93:12
Error: Return statement is not allowed here
  91 | }
  92 |   const ac = getContext();
> 93 |   if (!ac) return;
     |            ^^^^^^^
  94 |   try {
  95 |     const t = ac.currentTime;
  96 |     const freq = NOTES[index] ?? NOTES[2];

Parsing ecmascript source code failed

Import traces:
  Client Component Browser:
    ./lib/keySound.ts [Client Component Browser]
    ./components/layout/Navbar.tsx [Client Component Browser]
    ./components/layout/Navbar.tsx [Server Component]
    ./app/page.tsx [Server Component]

  Client Component SSR:
    ./lib/keySound.ts [Client Component SSR]
    ./components/layout/Navbar.tsx [Client Component SSR]
    ./components/layout/Navbar.tsx [Server Component]
    ./app/page.tsx [Server Component] @ http://localhost:3000/_next/static/chunks/node_modules_next_dist_1e8vcs8._.js:1052
[  204290ms] [ERROR] ./lib/keySound.ts:93:12
Error: Return statement is not allowed here
  91 | }
  92 |   const ac = getContext();
> 93 |   if (!ac) return;
     |            ^^^^^^^
  94 |   try {
  95 |     const t = ac.currentTime;
  96 |     const freq = NOTES[index] ?? NOTES[2];

Parsing ecmascript source code failed

Import traces:
  Client Component Browser:
    ./lib/keySound.ts [Client Component Browser]
    ./components/layout/Navbar.tsx [Client Component Browser]
    ./components/layout/Navbar.tsx [Server Component]
    ./app/page.tsx [Server Component]

  Client Component SSR:
    ./lib/keySound.ts [Client Component SSR]
    ./components/layout/Navbar.tsx [Client Component SSR]
    ./components/layout/Navbar.tsx [Server Component]
    ./app/page.tsx [Server Component] @ http://localhost:3000/_next/static/chunks/node_modules_next_dist_1e8vcs8._.js:1052
[  204334ms] [ERROR] ./lib/keySound.ts:93:12
Error: Return statement is not allowed here
  91 | }
  92 |   const ac = getContext();
> 93 |   if (!ac) return;
     |            ^^^^^^^
  94 |   try {
  95 |     const t = ac.currentTime;
  96 |     const freq = NOTES[index] ?? NOTES[2];

Parsing ecmascript source code failed

Import traces:
  Client Component Browser:
    ./lib/keySound.ts [Client Component Browser]
    ./components/layout/Navbar.tsx [Client Component Browser]
    ./components/layout/Navbar.tsx [Server Component]
    ./app/page.tsx [Server Component]

  Client Component SSR:
    ./lib/keySound.ts [Client Component SSR]
    ./components/layout/Navbar.tsx [Client Component SSR]
    ./components/layout/Navbar.tsx [Server Component]
    ./app/page.tsx [Server Component] @ http://localhost:3000/_next/static/chunks/node_modules_next_dist_1e8vcs8._.js:1052
[  204398ms] [ERROR] ./lib/keySound.ts:93:12
Error: Return statement is not allowed here
  91 | }
  92 |   const ac = getContext();
> 93 |   if (!ac) return;
     |            ^^^^^^^
  94 |   try {
  95 |     const t = ac.currentTime;
  96 |     const freq = NOTES[index] ?? NOTES[2];

Parsing ecmascript source code failed

Import traces:
  Client Component Browser:
    ./lib/keySound.ts [Client Component Browser]
    ./components/layout/Navbar.tsx [Client Component Browser]
    ./components/layout/Navbar.tsx [Server Component]
    ./app/page.tsx [Server Component]

  Client Component SSR:
    ./lib/keySound.ts [Client Component SSR]
    ./components/layout/Navbar.tsx [Client Component SSR]
    ./components/layout/Navbar.tsx [Server Component]
    ./app/page.tsx [Server Component] @ http://localhost:3000/_next/static/chunks/node_modules_next_dist_1e8vcs8._.js:1052
[  204449ms] [ERROR] ./lib/keySound.ts:93:12
Error: Return statement is not allowed here
  91 | }
  92 |   const ac = getContext();
> 93 |   if (!ac) return;
     |            ^^^^^^^
  94 |   try {
  95 |     const t = ac.currentTime;
  96 |     const freq = NOTES[index] ?? NOTES[2];

Parsing ecmascript source code failed

Import traces:
  Client Component Browser:
    ./lib/keySound.ts [Client Component Browser]
    ./components/layout/Navbar.tsx [Client Component Browser]
    ./components/layout/Navbar.tsx [Server Component]
    ./app/page.tsx [Server Component]

  Client Component SSR:
    ./lib/keySound.ts [Client Component SSR]
    ./components/layout/Navbar.tsx [Client Component SSR]
    ./components/layout/Navbar.tsx [Server Component]
    ./app/page.tsx [Server Component] @ http://localhost:3000/_next/static/chunks/node_modules_next_dist_1e8vcs8._.js:1052
[  204514ms] [ERROR] ./lib/keySound.ts:93:12
Error: Return statement is not allowed here
  91 | }
  92 |   const ac = getContext();
> 93 |   if (!ac) return;
     |            ^^^^^^^
  94 |   try {
  95 |     const t = ac.currentTime;
  96 |     const freq = NOTES[index] ?? NOTES[2];

Parsing ecmascript source code failed

Import traces:
  Client Component Browser:
    ./lib/keySound.ts [Client Component Browser]
    ./components/layout/Navbar.tsx [Client Component Browser]
    ./components/layout/Navbar.tsx [Server Component]
    ./app/page.tsx [Server Component]

  Client Component SSR:
    ./lib/keySound.ts [Client Component SSR]
    ./components/layout/Navbar.tsx [Client Component SSR]
    ./components/layout/Navbar.tsx [Server Component]
    ./app/page.tsx [Server Component] @ http://localhost:3000/_next/static/chunks/node_modules_next_dist_1e8vcs8._.js:1052
[  204578ms] [ERROR] ./lib/keySound.ts:93:12
Error: Return statement is not allowed here
  91 | }
  92 |   const ac = getContext();
> 93 |   if (!ac) return;
     |            ^^^^^^^
  94 |   try {
  95 |     const t = ac.currentTime;
  96 |     const freq = NOTES[index] ?? NOTES[2];

Parsing ecmascript source code failed

Import traces:
  Client Component Browser:
    ./lib/keySound.ts [Client Component Browser]
    ./components/layout/Navbar.tsx [Client Component Browser]
    ./components/layout/Navbar.tsx [Server Component]
    ./app/page.tsx [Server Component]

  Client Component SSR:
    ./lib/keySound.ts [Client Component SSR]
    ./components/layout/Navbar.tsx [Client Component SSR]
    ./components/layout/Navbar.tsx [Server Component]
    ./app/page.tsx [Server Component] @ http://localhost:3000/_next/static/chunks/node_modules_next_dist_1e8vcs8._.js:1052
[  204632ms] [ERROR] ./lib/keySound.ts:93:12
Error: Return statement is not allowed here
  91 | }
  92 |   const ac = getContext();
> 93 |   if (!ac) return;
     |            ^^^^^^^
  94 |   try {
  95 |     const t = ac.currentTime;
  96 |     const freq = NOTES[index] ?? NOTES[2];

Parsing ecmascript source code failed

Import traces:
  Client Component Browser:
    ./lib/keySound.ts [Client Component Browser]
    ./components/layout/Navbar.tsx [Client Component Browser]
    ./components/layout/Navbar.tsx [Server Component]
    ./app/page.tsx [Server Component]

  Client Component SSR:
    ./lib/keySound.ts [Client Component SSR]
    ./components/layout/Navbar.tsx [Client Component SSR]
    ./components/layout/Navbar.tsx [Server Component]
    ./app/page.tsx [Server Component] @ http://localhost:3000/_next/static/chunks/node_modules_next_dist_1e8vcs8._.js:1052
[  204695ms] [ERROR] ./lib/keySound.ts:93:12
Error: Return statement is not allowed here
  91 | }
  92 |   const ac = getContext();
> 93 |   if (!ac) return;
     |            ^^^^^^^
  94 |   try {
  95 |     const t = ac.currentTime;
  96 |     const freq = NOTES[index] ?? NOTES[2];

Parsing ecmascript source code failed

Import traces:
  Client Component Browser:
    ./lib/keySound.ts [Client Component Browser]
    ./components/layout/Navbar.tsx [Client Component Browser]
    ./components/layout/Navbar.tsx [Server Component]
    ./app/page.tsx [Server Component]

  Client Component SSR:
    ./lib/keySound.ts [Client Component SSR]
    ./components/layout/Navbar.tsx [Client Component SSR]
    ./components/layout/Navbar.tsx [Server Component]
    ./app/page.tsx [Server Component] @ http://localhost:3000/_next/static/chunks/node_modules_next_dist_1e8vcs8._.js:1052
[  204744ms] [ERROR] ./lib/keySound.ts:93:12
Error: Return statement is not allowed here
  91 | }
  92 |   const ac = getContext();
> 93 |   if (!ac) return;
     |            ^^^^^^^
  94 |   try {
  95 |     const t = ac.currentTime;
  96 |     const freq = NOTES[index] ?? NOTES[2];

Parsing ecmascript source code failed

Import traces:
  Client Component Browser:
    ./lib/keySound.ts [Client Component Browser]
    ./components/layout/Navbar.tsx [Client Component Browser]
    ./components/layout/Navbar.tsx [Server Component]
    ./app/page.tsx [Server Component]

  Client Component SSR:
    ./lib/keySound.ts [Client Component SSR]
    ./components/layout/Navbar.tsx [Client Component SSR]
    ./components/layout/Navbar.tsx [Server Component]
    ./app/page.tsx [Server Component] @ http://localhost:3000/_next/static/chunks/node_modules_next_dist_1e8vcs8._.js:1052
[  204800ms] [ERROR] ./lib/keySound.ts:93:12
Error: Return statement is not allowed here
  91 | }
  92 |   const ac = getContext();
> 93 |   if (!ac) return;
     |            ^^^^^^^
  94 |   try {
  95 |     const t = ac.currentTime;
  96 |     const freq = NOTES[index] ?? NOTES[2];

Parsing ecmascript source code failed

Import traces:
  Client Component Browser:
    ./lib/keySound.ts [Client Component Browser]
    ./components/layout/Navbar.tsx [Client Component Browser]
    ./components/layout/Navbar.tsx [Server Component]
    ./app/page.tsx [Server Component]

  Client Component SSR:
    ./lib/keySound.ts [Client Component SSR]
    ./components/layout/Navbar.tsx [Client Component SSR]
    ./components/layout/Navbar.tsx [Server Component]
    ./app/page.tsx [Server Component] @ http://localhost:3000/_next/static/chunks/node_modules_next_dist_1e8vcs8._.js:1052
[  204841ms] [ERROR] ./lib/keySound.ts:93:12
Error: Return statement is not allowed here
  91 | }
  92 |   const ac = getContext();
> 93 |   if (!ac) return;
     |            ^^^^^^^
  94 |   try {
  95 |     const t = ac.currentTime;
  96 |     const freq = NOTES[index] ?? NOTES[2];

Parsing ecmascript source code failed

Import traces:
  Client Component Browser:
    ./lib/keySound.ts [Client Component Browser]
    ./components/layout/Navbar.tsx [Client Component Browser]
    ./components/layout/Navbar.tsx [Server Component]
    ./app/page.tsx [Server Component]

  Client Component SSR:
    ./lib/keySound.ts [Client Component SSR]
    ./components/layout/Navbar.tsx [Client Component SSR]
    ./components/layout/Navbar.tsx [Server Component]
    ./app/page.tsx [Server Component] @ http://localhost:3000/_next/static/chunks/node_modules_next_dist_1e8vcs8._.js:1052
[  204900ms] [ERROR] ./lib/keySound.ts:93:12
Error: Return statement is not allowed here
  91 | }
  92 |   const ac = getContext();
> 93 |   if (!ac) return;
     |            ^^^^^^^
  94 |   try {
  95 |     const t = ac.currentTime;
  96 |     const freq = NOTES[index] ?? NOTES[2];

Parsing ecmascript source code failed

Import traces:
  Client Component Browser:
    ./lib/keySound.ts [Client Component Browser]
    ./components/layout/Navbar.tsx [Client Component Browser]
    ./components/layout/Navbar.tsx [Server Component]
    ./app/page.tsx [Server Component]

  Client Component SSR:
    ./lib/keySound.ts [Client Component SSR]
    ./components/layout/Navbar.tsx [Client Component SSR]
    ./components/layout/Navbar.tsx [Server Component]
    ./app/page.tsx [Server Component] @ http://localhost:3000/_next/static/chunks/node_modules_next_dist_1e8vcs8._.js:1052
[  204948ms] [ERROR] ./lib/keySound.ts:93:12
Error: Return statement is not allowed here
  91 | }
  92 |   const ac = getContext();
> 93 |   if (!ac) return;
     |            ^^^^^^^
  94 |   try {
  95 |     const t = ac.currentTime;
  96 |     const freq = NOTES[index] ?? NOTES[2];

Parsing ecmascript source code failed

Import traces:
  Client Component Browser:
    ./lib/keySound.ts [Client Component Browser]
    ./components/layout/Navbar.tsx [Client Component Browser]
    ./components/layout/Navbar.tsx [Server Component]
    ./app/page.tsx [Server Component]

  Client Component SSR:
    ./lib/keySound.ts [Client Component SSR]
    ./components/layout/Navbar.tsx [Client Component SSR]
    ./components/layout/Navbar.tsx [Server Component]
    ./app/page.tsx [Server Component] @ http://localhost:3000/_next/static/chunks/node_modules_next_dist_1e8vcs8._.js:1052
[  205008ms] [ERROR] ./lib/keySound.ts:93:12
Error: Return statement is not allowed here
  91 | }
  92 |   const ac = getContext();
> 93 |   if (!ac) return;
     |            ^^^^^^^
  94 |   try {
  95 |     const t = ac.currentTime;
  96 |     const freq = NOTES[index] ?? NOTES[2];

Parsing ecmascript source code failed

Import traces:
  Client Component Browser:
    ./lib/keySound.ts [Client Component Browser]
    ./components/layout/Navbar.tsx [Client Component Browser]
    ./components/layout/Navbar.tsx [Server Component]
    ./app/page.tsx [Server Component]

  Client Component SSR:
    ./lib/keySound.ts [Client Component SSR]
    ./components/layout/Navbar.tsx [Client Component SSR]
    ./components/layout/Navbar.tsx [Server Component]
    ./app/page.tsx [Server Component] @ http://localhost:3000/_next/static/chunks/node_modules_next_dist_1e8vcs8._.js:1052
[  205065ms] [ERROR] ./lib/keySound.ts:93:12
Error: Return statement is not allowed here
  91 | }
  92 |   const ac = getContext();
> 93 |   if (!ac) return;
     |            ^^^^^^^
  94 |   try {
  95 |     const t = ac.currentTime;
  96 |     const freq = NOTES[index] ?? NOTES[2];

Parsing ecmascript source code failed

Import traces:
  Client Component Browser:
    ./lib/keySound.ts [Client Component Browser]
    ./components/layout/Navbar.tsx [Client Component Browser]
    ./components/layout/Navbar.tsx [Server Component]
    ./app/page.tsx [Server Component]

  Client Component SSR:
    ./lib/keySound.ts [Client Component SSR]
    ./components/layout/Navbar.tsx [Client Component SSR]
    ./components/layout/Navbar.tsx [Server Component]
    ./app/page.tsx [Server Component] @ http://localhost:3000/_next/static/chunks/node_modules_next_dist_1e8vcs8._.js:1052
[  205114ms] [ERROR] ./lib/keySound.ts:93:12
Error: Return statement is not allowed here
  91 | }
  92 |   const ac = getContext();
> 93 |   if (!ac) return;
     |            ^^^^^^^
  94 |   try {
  95 |     const t = ac.currentTime;
  96 |     const freq = NOTES[index] ?? NOTES[2];

Parsing ecmascript source code failed

Import traces:
  Client Component Browser:
    ./lib/keySound.ts [Client Component Browser]
    ./components/layout/Navbar.tsx [Client Component Browser]
    ./components/layout/Navbar.tsx [Server Component]
    ./app/page.tsx [Server Component]

  Client Component SSR:
    ./lib/keySound.ts [Client Component SSR]
    ./components/layout/Navbar.tsx [Client Component SSR]
    ./components/layout/Navbar.tsx [Server Component]
    ./app/page.tsx [Server Component] @ http://localhost:3000/_next/static/chunks/node_modules_next_dist_1e8vcs8._.js:1052
[  205176ms] [ERROR] ./lib/keySound.ts:93:12
Error: Return statement is not allowed here
  91 | }
  92 |   const ac = getContext();
> 93 |   if (!ac) return;
     |            ^^^^^^^
  94 |   try {
  95 |     const t = ac.currentTime;
  96 |     const freq = NOTES[index] ?? NOTES[2];

Parsing ecmascript source code failed

Import traces:
  Client Component Browser:
    ./lib/keySound.ts [Client Component Browser]
    ./components/layout/Navbar.tsx [Client Component Browser]
    ./components/layout/Navbar.tsx [Server Component]
    ./app/page.tsx [Server Component]

  Client Component SSR:
    ./lib/keySound.ts [Client Component SSR]
    ./components/layout/Navbar.tsx [Client Component SSR]
    ./components/layout/Navbar.tsx [Server Component]
    ./app/page.tsx [Server Component] @ http://localhost:3000/_next/static/chunks/node_modules_next_dist_1e8vcs8._.js:1052
[  205231ms] [ERROR] ./lib/keySound.ts:93:12
Error: Return statement is not allowed here
  91 | }
  92 |   const ac = getContext();
> 93 |   if (!ac) return;
     |            ^^^^^^^
  94 |   try {
  95 |     const t = ac.currentTime;
  96 |     const freq = NOTES[index] ?? NOTES[2];

Parsing ecmascript source code failed

Import traces:
  Client Component Browser:
    ./lib/keySound.ts [Client Component Browser]
    ./components/layout/Navbar.tsx [Client Component Browser]
    ./components/layout/Navbar.tsx [Server Component]
    ./app/page.tsx [Server Component]

  Client Component SSR:
    ./lib/keySound.ts [Client Component SSR]
    ./components/layout/Navbar.tsx [Client Component SSR]
    ./components/layout/Navbar.tsx [Server Component]
    ./app/page.tsx [Server Component] @ http://localhost:3000/_next/static/chunks/node_modules_next_dist_1e8vcs8._.js:1052
[  205292ms] [ERROR] ./lib/keySound.ts:93:12
Error: Return statement is not allowed here
  91 | }
  92 |   const ac = getContext();
> 93 |   if (!ac) return;
     |            ^^^^^^^
  94 |   try {
  95 |     const t = ac.currentTime;
  96 |     const freq = NOTES[index] ?? NOTES[2];

Parsing ecmascript source code failed

Import traces:
  Client Component Browser:
    ./lib/keySound.ts [Client Component Browser]
    ./components/layout/Navbar.tsx [Client Component Browser]
    ./components/layout/Navbar.tsx [Server Component]
    ./app/page.tsx [Server Component]

  Client Component SSR:
    ./lib/keySound.ts [Client Component SSR]
    ./components/layout/Navbar.tsx [Client Component SSR]
    ./components/layout/Navbar.tsx [Server Component]
    ./app/page.tsx [Server Component] @ http://localhost:3000/_next/static/chunks/node_modules_next_dist_1e8vcs8._.js:1052
[  205345ms] [ERROR] ./lib/keySound.ts:93:12
Error: Return statement is not allowed here
  91 | }
  92 |   const ac = getContext();
> 93 |   if (!ac) return;
     |            ^^^^^^^
  94 |   try {
  95 |     const t = ac.currentTime;
  96 |     const freq = NOTES[index] ?? NOTES[2];

Parsing ecmascript source code failed

Import traces:
  Client Component Browser:
    ./lib/keySound.ts [Client Component Browser]
    ./components/layout/Navbar.tsx [Client Component Browser]
    ./components/layout/Navbar.tsx [Server Component]
    ./app/page.tsx [Server Component]

  Client Component SSR:
    ./lib/keySound.ts [Client Component SSR]
    ./components/layout/Navbar.tsx [Client Component SSR]
    ./components/layout/Navbar.tsx [Server Component]
    ./app/page.tsx [Server Component] @ http://localhost:3000/_next/static/chunks/node_modules_next_dist_1e8vcs8._.js:1052
[  205410ms] [ERROR] ./lib/keySound.ts:93:12
Error: Return statement is not allowed here
  91 | }
  92 |   const ac = getContext();
> 93 |   if (!ac) return;
     |            ^^^^^^^
  94 |   try {
  95 |     const t = ac.currentTime;
  96 |     const freq = NOTES[index] ?? NOTES[2];

Parsing ecmascript source code failed

Import traces:
  Client Component Browser:
    ./lib/keySound.ts [Client Component Browser]
    ./components/layout/Navbar.tsx [Client Component Browser]
    ./components/layout/Navbar.tsx [Server Component]
    ./app/page.tsx [Server Component]

  Client Component SSR:
    ./lib/keySound.ts [Client Component SSR]
    ./components/layout/Navbar.tsx [Client Component SSR]
    ./components/layout/Navbar.tsx [Server Component]
    ./app/page.tsx [Server Component] @ http://localhost:3000/_next/static/chunks/node_modules_next_dist_1e8vcs8._.js:1052
[  205476ms] [ERROR] ./lib/keySound.ts:93:12
Error: Return statement is not allowed here
  91 | }
  92 |   const ac = getContext();
> 93 |   if (!ac) return;
     |            ^^^^^^^
  94 |   try {
  95 |     const t = ac.currentTime;
  96 |     const freq = NOTES[index] ?? NOTES[2];

Parsing ecmascript source code failed

Import traces:
  Client Component Browser:
    ./lib/keySound.ts [Client Component Browser]
    ./components/layout/Navbar.tsx [Client Component Browser]
    ./components/layout/Navbar.tsx [Server Component]
    ./app/page.tsx [Server Component]

  Client Component SSR:
    ./lib/keySound.ts [Client Component SSR]
    ./components/layout/Navbar.tsx [Client Component SSR]
    ./components/layout/Navbar.tsx [Server Component]
    ./app/page.tsx [Server Component] @ http://localhost:3000/_next/static/chunks/node_modules_next_dist_1e8vcs8._.js:1052
[  205532ms] [ERROR] ./lib/keySound.ts:93:12
Error: Return statement is not allowed here
  91 | }
  92 |   const ac = getContext();
> 93 |   if (!ac) return;
     |            ^^^^^^^
  94 |   try {
  95 |     const t = ac.currentTime;
  96 |     const freq = NOTES[index] ?? NOTES[2];

Parsing ecmascript source code failed

Import traces:
  Client Component Browser:
    ./lib/keySound.ts [Client Component Browser]
    ./components/layout/Navbar.tsx [Client Component Browser]
    ./components/layout/Navbar.tsx [Server Component]
    ./app/page.tsx [Server Component]

  Client Component SSR:
    ./lib/keySound.ts [Client Component SSR]
    ./components/layout/Navbar.tsx [Client Component SSR]
    ./components/layout/Navbar.tsx [Server Component]
    ./app/page.tsx [Server Component] @ http://localhost:3000/_next/static/chunks/node_modules_next_dist_1e8vcs8._.js:1052
[  205586ms] [ERROR] ./lib/keySound.ts:93:12
Error: Return statement is not allowed here
  91 | }
  92 |   const ac = getContext();
> 93 |   if (!ac) return;
     |            ^^^^^^^
  94 |   try {
  95 |     const t = ac.currentTime;
  96 |     const freq = NOTES[index] ?? NOTES[2];

Parsing ecmascript source code failed

Import traces:
  Client Component Browser:
    ./lib/keySound.ts [Client Component Browser]
    ./components/layout/Navbar.tsx [Client Component Browser]
    ./components/layout/Navbar.tsx [Server Component]
    ./app/page.tsx [Server Component]

  Client Component SSR:
    ./lib/keySound.ts [Client Component SSR]
    ./components/layout/Navbar.tsx [Client Component SSR]
    ./components/layout/Navbar.tsx [Server Component]
    ./app/page.tsx [Server Component] @ http://localhost:3000/_next/static/chunks/node_modules_next_dist_1e8vcs8._.js:1052
[  205649ms] [ERROR] ./lib/keySound.ts:93:12
Error: Return statement is not allowed here
  91 | }
  92 |   const ac = getContext();
> 93 |   if (!ac) return;
     |            ^^^^^^^
  94 |   try {
  95 |     const t = ac.currentTime;
  96 |     const freq = NOTES[index] ?? NOTES[2];

Parsing ecmascript source code failed

Import traces:
  Client Component Browser:
    ./lib/keySound.ts [Client Component Browser]
    ./components/layout/Navbar.tsx [Client Component Browser]
    ./components/layout/Navbar.tsx [Server Component]
    ./app/page.tsx [Server Component]

  Client Component SSR:
    ./lib/keySound.ts [Client Component SSR]
    ./components/layout/Navbar.tsx [Client Component SSR]
    ./components/layout/Navbar.tsx [Server Component]
    ./app/page.tsx [Server Component] @ http://localhost:3000/_next/static/chunks/node_modules_next_dist_1e8vcs8._.js:1052
[  205708ms] [ERROR] ./lib/keySound.ts:93:12
Error: Return statement is not allowed here
  91 | }
  92 |   const ac = getContext();
> 93 |   if (!ac) return;
     |            ^^^^^^^
  94 |   try {
  95 |     const t = ac.currentTime;
  96 |     const freq = NOTES[index] ?? NOTES[2];

Parsing ecmascript source code failed

Import traces:
  Client Component Browser:
    ./lib/keySound.ts [Client Component Browser]
    ./components/layout/Navbar.tsx [Client Component Browser]
    ./components/layout/Navbar.tsx [Server Component]
    ./app/page.tsx [Server Component]

  Client Component SSR:
    ./lib/keySound.ts [Client Component SSR]
    ./components/layout/Navbar.tsx [Client Component SSR]
    ./components/layout/Navbar.tsx [Server Component]
    ./app/page.tsx [Server Component] @ http://localhost:3000/_next/static/chunks/node_modules_next_dist_1e8vcs8._.js:1052
[  205766ms] [ERROR] ./lib/keySound.ts:93:12
Error: Return statement is not allowed here
  91 | }
  92 |   const ac = getContext();
> 93 |   if (!ac) return;
     |            ^^^^^^^
  94 |   try {
  95 |     const t = ac.currentTime;
  96 |     const freq = NOTES[index] ?? NOTES[2];

Parsing ecmascript source code failed

Import traces:
  Client Component Browser:
    ./lib/keySound.ts [Client Component Browser]
    ./components/layout/Navbar.tsx [Client Component Browser]
    ./components/layout/Navbar.tsx [Server Component]
    ./app/page.tsx [Server Component]

  Client Component SSR:
    ./lib/keySound.ts [Client Component SSR]
    ./components/layout/Navbar.tsx [Client Component SSR]
    ./components/layout/Navbar.tsx [Server Component]
    ./app/page.tsx [Server Component] @ http://localhost:3000/_next/static/chunks/node_modules_next_dist_1e8vcs8._.js:1052
[  205832ms] [ERROR] ./lib/keySound.ts:93:12
Error: Return statement is not allowed here
  91 | }
  92 |   const ac = getContext();
> 93 |   if (!ac) return;
     |            ^^^^^^^
  94 |   try {
  95 |     const t = ac.currentTime;
  96 |     const freq = NOTES[index] ?? NOTES[2];

Parsing ecmascript source code failed

Import traces:
  Client Component Browser:
    ./lib/keySound.ts [Client Component Browser]
    ./components/layout/Navbar.tsx [Client Component Browser]
    ./components/layout/Navbar.tsx [Server Component]
    ./app/page.tsx [Server Component]

  Client Component SSR:
    ./lib/keySound.ts [Client Component SSR]
    ./components/layout/Navbar.tsx [Client Component SSR]
    ./components/layout/Navbar.tsx [Server Component]
    ./app/page.tsx [Server Component] @ http://localhost:3000/_next/static/chunks/node_modules_next_dist_1e8vcs8._.js:1052
[  205876ms] [ERROR] ./lib/keySound.ts:93:12
Error: Return statement is not allowed here
  91 | }
  92 |   const ac = getContext();
> 93 |   if (!ac) return;
     |            ^^^^^^^
  94 |   try {
  95 |     const t = ac.currentTime;
  96 |     const freq = NOTES[index] ?? NOTES[2];

Parsing ecmascript source code failed

Import traces:
  Client Component Browser:
    ./lib/keySound.ts [Client Component Browser]
    ./components/layout/Navbar.tsx [Client Component Browser]
    ./components/layout/Navbar.tsx [Server Component]
    ./app/page.tsx [Server Component]

  Client Component SSR:
    ./lib/keySound.ts [Client Component SSR]
    ./components/layout/Navbar.tsx [Client Component SSR]
    ./components/layout/Navbar.tsx [Server Component]
    ./app/page.tsx [Server Component] @ http://localhost:3000/_next/static/chunks/node_modules_next_dist_1e8vcs8._.js:1052
[  205933ms] [ERROR] ./lib/keySound.ts:93:12
Error: Return statement is not allowed here
  91 | }
  92 |   const ac = getContext();
> 93 |   if (!ac) return;
     |            ^^^^^^^
  94 |   try {
  95 |     const t = ac.currentTime;
  96 |     const freq = NOTES[index] ?? NOTES[2];

Parsing ecmascript source code failed

Import traces:
  Client Component Browser:
    ./lib/keySound.ts [Client Component Browser]
    ./components/layout/Navbar.tsx [Client Component Browser]
    ./components/layout/Navbar.tsx [Server Component]
    ./app/page.tsx [Server Component]

  Client Component SSR:
    ./lib/keySound.ts [Client Component SSR]
    ./components/layout/Navbar.tsx [Client Component SSR]
    ./components/layout/Navbar.tsx [Server Component]
    ./app/page.tsx [Server Component] @ http://localhost:3000/_next/static/chunks/node_modules_next_dist_1e8vcs8._.js:1052
[  205978ms] [ERROR] ./lib/keySound.ts:93:12
Error: Return statement is not allowed here
  91 | }
  92 |   const ac = getContext();
> 93 |   if (!ac) return;
     |            ^^^^^^^
  94 |   try {
  95 |     const t = ac.currentTime;
  96 |     const freq = NOTES[index] ?? NOTES[2];

Parsing ecmascript source code failed

Import traces:
  Client Component Browser:
    ./lib/keySound.ts [Client Component Browser]
    ./components/layout/Navbar.tsx [Client Component Browser]
    ./components/layout/Navbar.tsx [Server Component]
    ./app/page.tsx [Server Component]

  Client Component SSR:
    ./lib/keySound.ts [Client Component SSR]
    ./components/layout/Navbar.tsx [Client Component SSR]
    ./components/layout/Navbar.tsx [Server Component]
    ./app/page.tsx [Server Component] @ http://localhost:3000/_next/static/chunks/node_modules_next_dist_1e8vcs8._.js:1052
[  206033ms] [ERROR] ./lib/keySound.ts:93:12
Error: Return statement is not allowed here
  91 | }
  92 |   const ac = getContext();
> 93 |   if (!ac) return;
     |            ^^^^^^^
  94 |   try {
  95 |     const t = ac.currentTime;
  96 |     const freq = NOTES[index] ?? NOTES[2];

Parsing ecmascript source code failed

Import traces:
  Client Component Browser:
    ./lib/keySound.ts [Client Component Browser]
    ./components/layout/Navbar.tsx [Client Component Browser]
    ./components/layout/Navbar.tsx [Server Component]
    ./app/page.tsx [Server Component]

  Client Component SSR:
    ./lib/keySound.ts [Client Component SSR]
    ./components/layout/Navbar.tsx [Client Component SSR]
    ./components/layout/Navbar.tsx [Server Component]
    ./app/page.tsx [Server Component] @ http://localhost:3000/_next/static/chunks/node_modules_next_dist_1e8vcs8._.js:1052
[  206093ms] [ERROR] ./lib/keySound.ts:93:12
Error: Return statement is not allowed here
  91 | }
  92 |   const ac = getContext();
> 93 |   if (!ac) return;
     |            ^^^^^^^
  94 |   try {
  95 |     const t = ac.currentTime;
  96 |     const freq = NOTES[index] ?? NOTES[2];

Parsing ecmascript source code failed

Import traces:
  Client Component Browser:
    ./lib/keySound.ts [Client Component Browser]
    ./components/layout/Navbar.tsx [Client Component Browser]
    ./components/layout/Navbar.tsx [Server Component]
    ./app/page.tsx [Server Component]

  Client Component SSR:
    ./lib/keySound.ts [Client Component SSR]
    ./components/layout/Navbar.tsx [Client Component SSR]
    ./components/layout/Navbar.tsx [Server Component]
    ./app/page.tsx [Server Component] @ http://localhost:3000/_next/static/chunks/node_modules_next_dist_1e8vcs8._.js:1052
[  206145ms] [ERROR] ./lib/keySound.ts:93:12
Error: Return statement is not allowed here
  91 | }
  92 |   const ac = getContext();
> 93 |   if (!ac) return;
     |            ^^^^^^^
  94 |   try {
  95 |     const t = ac.currentTime;
  96 |     const freq = NOTES[index] ?? NOTES[2];

Parsing ecmascript source code failed

Import traces:
  Client Component Browser:
    ./lib/keySound.ts [Client Component Browser]
    ./components/layout/Navbar.tsx [Client Component Browser]
    ./components/layout/Navbar.tsx [Server Component]
    ./app/page.tsx [Server Component]

  Client Component SSR:
    ./lib/keySound.ts [Client Component SSR]
    ./components/layout/Navbar.tsx [Client Component SSR]
    ./components/layout/Navbar.tsx [Server Component]
    ./app/page.tsx [Server Component] @ http://localhost:3000/_next/static/chunks/node_modules_next_dist_1e8vcs8._.js:1052
[  206194ms] [ERROR] ./lib/keySound.ts:93:12
Error: Return statement is not allowed here
  91 | }
  92 |   const ac = getContext();
> 93 |   if (!ac) return;
     |            ^^^^^^^
  94 |   try {
  95 |     const t = ac.currentTime;
  96 |     const freq = NOTES[index] ?? NOTES[2];

Parsing ecmascript source code failed

Import traces:
  Client Component Browser:
    ./lib/keySound.ts [Client Component Browser]
    ./components/layout/Navbar.tsx [Client Component Browser]
    ./components/layout/Navbar.tsx [Server Component]
    ./app/page.tsx [Server Component]

  Client Component SSR:
    ./lib/keySound.ts [Client Component SSR]
    ./components/layout/Navbar.tsx [Client Component SSR]
    ./components/layout/Navbar.tsx [Server Component]
    ./app/page.tsx [Server Component] @ http://localhost:3000/_next/static/chunks/node_modules_next_dist_1e8vcs8._.js:1052
[  206245ms] [ERROR] ./lib/keySound.ts:93:12
Error: Return statement is not allowed here
  91 | }
  92 |   const ac = getContext();
> 93 |   if (!ac) return;
     |            ^^^^^^^
  94 |   try {
  95 |     const t = ac.currentTime;
  96 |     const freq = NOTES[index] ?? NOTES[2];

Parsing ecmascript source code failed

Import traces:
  Client Component Browser:
    ./lib/keySound.ts [Client Component Browser]
    ./components/layout/Navbar.tsx [Client Component Browser]
    ./components/layout/Navbar.tsx [Server Component]
    ./app/page.tsx [Server Component]

  Client Component SSR:
    ./lib/keySound.ts [Client Component SSR]
    ./components/layout/Navbar.tsx [Client Component SSR]
    ./components/layout/Navbar.tsx [Server Component]
    ./app/page.tsx [Server Component] @ http://localhost:3000/_next/static/chunks/node_modules_next_dist_1e8vcs8._.js:1052
[  206302ms] [ERROR] ./lib/keySound.ts:93:12
Error: Return statement is not allowed here
  91 | }
  92 |   const ac = getContext();
> 93 |   if (!ac) return;
     |            ^^^^^^^
  94 |   try {
  95 |     const t = ac.currentTime;
  96 |     const freq = NOTES[index] ?? NOTES[2];

Parsing ecmascript source code failed

Import traces:
  Client Component Browser:
    ./lib/keySound.ts [Client Component Browser]
    ./components/layout/Navbar.tsx [Client Component Browser]
    ./components/layout/Navbar.tsx [Server Component]
    ./app/page.tsx [Server Component]

  Client Component SSR:
    ./lib/keySound.ts [Client Component SSR]
    ./components/layout/Navbar.tsx [Client Component SSR]
    ./components/layout/Navbar.tsx [Server Component]
    ./app/page.tsx [Server Component] @ http://localhost:3000/_next/static/chunks/node_modules_next_dist_1e8vcs8._.js:1052
[  206365ms] [ERROR] ./lib/keySound.ts:93:12
Error: Return statement is not allowed here
  91 | }
  92 |   const ac = getContext();
> 93 |   if (!ac) return;
     |            ^^^^^^^
  94 |   try {
  95 |     const t = ac.currentTime;
  96 |     const freq = NOTES[index] ?? NOTES[2];

Parsing ecmascript source code failed

Import traces:
  Client Component Browser:
    ./lib/keySound.ts [Client Component Browser]
    ./components/layout/Navbar.tsx [Client Component Browser]
    ./components/layout/Navbar.tsx [Server Component]
    ./app/page.tsx [Server Component]

  Client Component SSR:
    ./lib/keySound.ts [Client Component SSR]
    ./components/layout/Navbar.tsx [Client Component SSR]
    ./components/layout/Navbar.tsx [Server Component]
    ./app/page.tsx [Server Component] @ http://localhost:3000/_next/static/chunks/node_modules_next_dist_1e8vcs8._.js:1052
[  206418ms] [ERROR] ./lib/keySound.ts:93:12
Error: Return statement is not allowed here
  91 | }
  92 |   const ac = getContext();
> 93 |   if (!ac) return;
     |            ^^^^^^^
  94 |   try {
  95 |     const t = ac.currentTime;
  96 |     const freq = NOTES[index] ?? NOTES[2];

Parsing ecmascript source code failed

Import traces:
  Client Component Browser:
    ./lib/keySound.ts [Client Component Browser]
    ./components/layout/Navbar.tsx [Client Component Browser]
    ./components/layout/Navbar.tsx [Server Component]
    ./app/page.tsx [Server Component]

  Client Component SSR:
    ./lib/keySound.ts [Client Component SSR]
    ./components/layout/Navbar.tsx [Client Component SSR]
    ./components/layout/Navbar.tsx [Server Component]
    ./app/page.tsx [Server Component] @ http://localhost:3000/_next/static/chunks/node_modules_next_dist_1e8vcs8._.js:1052
[  206482ms] [ERROR] ./lib/keySound.ts:93:12
Error: Return statement is not allowed here
  91 | }
  92 |   const ac = getContext();
> 93 |   if (!ac) return;
     |            ^^^^^^^
  94 |   try {
  95 |     const t = ac.currentTime;
  96 |     const freq = NOTES[index] ?? NOTES[2];

Parsing ecmascript source code failed

Import traces:
  Client Component Browser:
    ./lib/keySound.ts [Client Component Browser]
    ./components/layout/Navbar.tsx [Client Component Browser]
    ./components/layout/Navbar.tsx [Server Component]
    ./app/page.tsx [Server Component]

  Client Component SSR:
    ./lib/keySound.ts [Client Component SSR]
    ./components/layout/Navbar.tsx [Client Component SSR]
    ./components/layout/Navbar.tsx [Server Component]
    ./app/page.tsx [Server Component] @ http://localhost:3000/_next/static/chunks/node_modules_next_dist_1e8vcs8._.js:1052
[  206533ms] [ERROR] ./lib/keySound.ts:93:12
Error: Return statement is not allowed here
  91 | }
  92 |   const ac = getContext();
> 93 |   if (!ac) return;
     |            ^^^^^^^
  94 |   try {
  95 |     const t = ac.currentTime;
  96 |     const freq = NOTES[index] ?? NOTES[2];

Parsing ecmascript source code failed

Import traces:
  Client Component Browser:
    ./lib/keySound.ts [Client Component Browser]
    ./components/layout/Navbar.tsx [Client Component Browser]
    ./components/layout/Navbar.tsx [Server Component]
    ./app/page.tsx [Server Component]

  Client Component SSR:
    ./lib/keySound.ts [Client Component SSR]
    ./components/layout/Navbar.tsx [Client Component SSR]
    ./components/layout/Navbar.tsx [Server Component]
    ./app/page.tsx [Server Component] @ http://localhost:3000/_next/static/chunks/node_modules_next_dist_1e8vcs8._.js:1052
[  206578ms] [ERROR] ./lib/keySound.ts:93:12
Error: Return statement is not allowed here
  91 | }
  92 |   const ac = getContext();
> 93 |   if (!ac) return;
     |            ^^^^^^^
  94 |   try {
  95 |     const t = ac.currentTime;
  96 |     const freq = NOTES[index] ?? NOTES[2];

Parsing ecmascript source code failed

Import traces:
  Client Component Browser:
    ./lib/keySound.ts [Client Component Browser]
    ./components/layout/Navbar.tsx [Client Component Browser]
    ./components/layout/Navbar.tsx [Server Component]
    ./app/page.tsx [Server Component]

  Client Component SSR:
    ./lib/keySound.ts [Client Component SSR]
    ./components/layout/Navbar.tsx [Client Component SSR]
    ./components/layout/Navbar.tsx [Server Component]
    ./app/page.tsx [Server Component] @ http://localhost:3000/_next/static/chunks/node_modules_next_dist_1e8vcs8._.js:1052
[  206633ms] [ERROR] ./lib/keySound.ts:93:12
Error: Return statement is not allowed here
  91 | }
  92 |   const ac = getContext();
> 93 |   if (!ac) return;
     |            ^^^^^^^
  94 |   try {
  95 |     const t = ac.currentTime;
  96 |     const freq = NOTES[index] ?? NOTES[2];

Parsing ecmascript source code failed

Import traces:
  Client Component Browser:
    ./lib/keySound.ts [Client Component Browser]
    ./components/layout/Navbar.tsx [Client Component Browser]
    ./components/layout/Navbar.tsx [Server Component]
    ./app/page.tsx [Server Component]

  Client Component SSR:
    ./lib/keySound.ts [Client Component SSR]
    ./components/layout/Navbar.tsx [Client Component SSR]
    ./components/layout/Navbar.tsx [Server Component]
    ./app/page.tsx [Server Component] @ http://localhost:3000/_next/static/chunks/node_modules_next_dist_1e8vcs8._.js:1052
[  206709ms] [ERROR] ./lib/keySound.ts:93:12
Error: Return statement is not allowed here
  91 | }
  92 |   const ac = getContext();
> 93 |   if (!ac) return;
     |            ^^^^^^^
  94 |   try {
  95 |     const t = ac.currentTime;
  96 |     const freq = NOTES[index] ?? NOTES[2];

Parsing ecmascript source code failed

Import traces:
  Client Component Browser:
    ./lib/keySound.ts [Client Component Browser]
    ./components/layout/Navbar.tsx [Client Component Browser]
    ./components/layout/Navbar.tsx [Server Component]
    ./app/page.tsx [Server Component]

  Client Component SSR:
    ./lib/keySound.ts [Client Component SSR]
    ./components/layout/Navbar.tsx [Client Component SSR]
    ./components/layout/Navbar.tsx [Server Component]
    ./app/page.tsx [Server Component] @ http://localhost:3000/_next/static/chunks/node_modules_next_dist_1e8vcs8._.js:1052
[  206775ms] [ERROR] ./lib/keySound.ts:93:12
Error: Return statement is not allowed here
  91 | }
  92 |   const ac = getContext();
> 93 |   if (!ac) return;
     |            ^^^^^^^
  94 |   try {
  95 |     const t = ac.currentTime;
  96 |     const freq = NOTES[index] ?? NOTES[2];

Parsing ecmascript source code failed

Import traces:
  Client Component Browser:
    ./lib/keySound.ts [Client Component Browser]
    ./components/layout/Navbar.tsx [Client Component Browser]
    ./components/layout/Navbar.tsx [Server Component]
    ./app/page.tsx [Server Component]

  Client Component SSR:
    ./lib/keySound.ts [Client Component SSR]
    ./components/layout/Navbar.tsx [Client Component SSR]
    ./components/layout/Navbar.tsx [Server Component]
    ./app/page.tsx [Server Component] @ http://localhost:3000/_next/static/chunks/node_modules_next_dist_1e8vcs8._.js:1052
[  206832ms] [ERROR] ./lib/keySound.ts:93:12
Error: Return statement is not allowed here
  91 | }
  92 |   const ac = getContext();
> 93 |   if (!ac) return;
     |            ^^^^^^^
  94 |   try {
  95 |     const t = ac.currentTime;
  96 |     const freq = NOTES[index] ?? NOTES[2];

Parsing ecmascript source code failed

Import traces:
  Client Component Browser:
    ./lib/keySound.ts [Client Component Browser]
    ./components/layout/Navbar.tsx [Client Component Browser]
    ./components/layout/Navbar.tsx [Server Component]
    ./app/page.tsx [Server Component]

  Client Component SSR:
    ./lib/keySound.ts [Client Component SSR]
    ./components/layout/Navbar.tsx [Client Component SSR]
    ./components/layout/Navbar.tsx [Server Component]
    ./app/page.tsx [Server Component] @ http://localhost:3000/_next/static/chunks/node_modules_next_dist_1e8vcs8._.js:1052
[  206898ms] [ERROR] ./lib/keySound.ts:93:12
Error: Return statement is not allowed here
  91 | }
  92 |   const ac = getContext();
> 93 |   if (!ac) return;
     |            ^^^^^^^
  94 |   try {
  95 |     const t = ac.currentTime;
  96 |     const freq = NOTES[index] ?? NOTES[2];

Parsing ecmascript source code failed

Import traces:
  Client Component Browser:
    ./lib/keySound.ts [Client Component Browser]
    ./components/layout/Navbar.tsx [Client Component Browser]
    ./components/layout/Navbar.tsx [Server Component]
    ./app/page.tsx [Server Component]

  Client Component SSR:
    ./lib/keySound.ts [Client Component SSR]
    ./components/layout/Navbar.tsx [Client Component SSR]
    ./components/layout/Navbar.tsx [Server Component]
    ./app/page.tsx [Server Component] @ http://localhost:3000/_next/static/chunks/node_modules_next_dist_1e8vcs8._.js:1052
[  206958ms] [ERROR] ./lib/keySound.ts:93:12
Error: Return statement is not allowed here
  91 | }
  92 |   const ac = getContext();
> 93 |   if (!ac) return;
     |            ^^^^^^^
  94 |   try {
  95 |     const t = ac.currentTime;
  96 |     const freq = NOTES[index] ?? NOTES[2];

Parsing ecmascript source code failed

Import traces:
  Client Component Browser:
    ./lib/keySound.ts [Client Component Browser]
    ./components/layout/Navbar.tsx [Client Component Browser]
    ./components/layout/Navbar.tsx [Server Component]
    ./app/page.tsx [Server Component]

  Client Component SSR:
    ./lib/keySound.ts [Client Component SSR]
    ./components/layout/Navbar.tsx [Client Component SSR]
    ./components/layout/Navbar.tsx [Server Component]
    ./app/page.tsx [Server Component] @ http://localhost:3000/_next/static/chunks/node_modules_next_dist_1e8vcs8._.js:1052
[  207014ms] [ERROR] ./lib/keySound.ts:93:12
Error: Return statement is not allowed here
  91 | }
  92 |   const ac = getContext();
> 93 |   if (!ac) return;
     |            ^^^^^^^
  94 |   try {
  95 |     const t = ac.currentTime;
  96 |     const freq = NOTES[index] ?? NOTES[2];

Parsing ecmascript source code failed

Import traces:
  Client Component Browser:
    ./lib/keySound.ts [Client Component Browser]
    ./components/layout/Navbar.tsx [Client Component Browser]
    ./components/layout/Navbar.tsx [Server Component]
    ./app/page.tsx [Server Component]

  Client Component SSR:
    ./lib/keySound.ts [Client Component SSR]
    ./components/layout/Navbar.tsx [Client Component SSR]
    ./components/layout/Navbar.tsx [Server Component]
    ./app/page.tsx [Server Component] @ http://localhost:3000/_next/static/chunks/node_modules_next_dist_1e8vcs8._.js:1052
[  207066ms] [ERROR] ./lib/keySound.ts:93:12
Error: Return statement is not allowed here
  91 | }
  92 |   const ac = getContext();
> 93 |   if (!ac) return;
     |            ^^^^^^^
  94 |   try {
  95 |     const t = ac.currentTime;
  96 |     const freq = NOTES[index] ?? NOTES[2];

Parsing ecmascript source code failed

Import traces:
  Client Component Browser:
    ./lib/keySound.ts [Client Component Browser]
    ./components/layout/Navbar.tsx [Client Component Browser]
    ./components/layout/Navbar.tsx [Server Component]
    ./app/page.tsx [Server Component]

  Client Component SSR:
    ./lib/keySound.ts [Client Component SSR]
    ./components/layout/Navbar.tsx [Client Component SSR]
    ./components/layout/Navbar.tsx [Server Component]
    ./app/page.tsx [Server Component] @ http://localhost:3000/_next/static/chunks/node_modules_next_dist_1e8vcs8._.js:1052
[  207116ms] [ERROR] ./lib/keySound.ts:93:12
Error: Return statement is not allowed here
  91 | }
  92 |   const ac = getContext();
> 93 |   if (!ac) return;
     |            ^^^^^^^
  94 |   try {
  95 |     const t = ac.currentTime;
  96 |     const freq = NOTES[index] ?? NOTES[2];

Parsing ecmascript source code failed

Import traces:
  Client Component Browser:
    ./lib/keySound.ts [Client Component Browser]
    ./components/layout/Navbar.tsx [Client Component Browser]
    ./components/layout/Navbar.tsx [Server Component]
    ./app/page.tsx [Server Component]

  Client Component SSR:
    ./lib/keySound.ts [Client Component SSR]
    ./components/layout/Navbar.tsx [Client Component SSR]
    ./components/layout/Navbar.tsx [Server Component]
    ./app/page.tsx [Server Component] @ http://localhost:3000/_next/static/chunks/node_modules_next_dist_1e8vcs8._.js:1052
[  207177ms] [ERROR] ./lib/keySound.ts:93:12
Error: Return statement is not allowed here
  91 | }
  92 |   const ac = getContext();
> 93 |   if (!ac) return;
     |            ^^^^^^^
  94 |   try {
  95 |     const t = ac.currentTime;
  96 |     const freq = NOTES[index] ?? NOTES[2];

Parsing ecmascript source code failed

Import traces:
  Client Component Browser:
    ./lib/keySound.ts [Client Component Browser]
    ./components/layout/Navbar.tsx [Client Component Browser]
    ./components/layout/Navbar.tsx [Server Component]
    ./app/page.tsx [Server Component]

  Client Component SSR:
    ./lib/keySound.ts [Client Component SSR]
    ./components/layout/Navbar.tsx [Client Component SSR]
    ./components/layout/Navbar.tsx [Server Component]
    ./app/page.tsx [Server Component] @ http://localhost:3000/_next/static/chunks/node_modules_next_dist_1e8vcs8._.js:1052
[  207233ms] [ERROR] ./lib/keySound.ts:93:12
Error: Return statement is not allowed here
  91 | }
  92 |   const ac = getContext();
> 93 |   if (!ac) return;
     |            ^^^^^^^
  94 |   try {
  95 |     const t = ac.currentTime;
  96 |     const freq = NOTES[index] ?? NOTES[2];

Parsing ecmascript source code failed

Import traces:
  Client Component Browser:
    ./lib/keySound.ts [Client Component Browser]
    ./components/layout/Navbar.tsx [Client Component Browser]
    ./components/layout/Navbar.tsx [Server Component]
    ./app/page.tsx [Server Component]

  Client Component SSR:
    ./lib/keySound.ts [Client Component SSR]
    ./components/layout/Navbar.tsx [Client Component SSR]
    ./components/layout/Navbar.tsx [Server Component]
    ./app/page.tsx [Server Component] @ http://localhost:3000/_next/static/chunks/node_modules_next_dist_1e8vcs8._.js:1052
[  207298ms] [ERROR] ./lib/keySound.ts:93:12
Error: Return statement is not allowed here
  91 | }
  92 |   const ac = getContext();
> 93 |   if (!ac) return;
     |            ^^^^^^^
  94 |   try {
  95 |     const t = ac.currentTime;
  96 |     const freq = NOTES[index] ?? NOTES[2];

Parsing ecmascript source code failed

Import traces:
  Client Component Browser:
    ./lib/keySound.ts [Client Component Browser]
    ./components/layout/Navbar.tsx [Client Component Browser]
    ./components/layout/Navbar.tsx [Server Component]
    ./app/page.tsx [Server Component]

  Client Component SSR:
    ./lib/keySound.ts [Client Component SSR]
    ./components/layout/Navbar.tsx [Client Component SSR]
    ./components/layout/Navbar.tsx [Server Component]
    ./app/page.tsx [Server Component] @ http://localhost:3000/_next/static/chunks/node_modules_next_dist_1e8vcs8._.js:1052
[  207358ms] [ERROR] ./lib/keySound.ts:93:12
Error: Return statement is not allowed here
  91 | }
  92 |   const ac = getContext();
> 93 |   if (!ac) return;
     |            ^^^^^^^
  94 |   try {
  95 |     const t = ac.currentTime;
  96 |     const freq = NOTES[index] ?? NOTES[2];

Parsing ecmascript source code failed

Import traces:
  Client Component Browser:
    ./lib/keySound.ts [Client Component Browser]
    ./components/layout/Navbar.tsx [Client Component Browser]
    ./components/layout/Navbar.tsx [Server Component]
    ./app/page.tsx [Server Component]

  Client Component SSR:
    ./lib/keySound.ts [Client Component SSR]
    ./components/layout/Navbar.tsx [Client Component SSR]
    ./components/layout/Navbar.tsx [Server Component]
    ./app/page.tsx [Server Component] @ http://localhost:3000/_next/static/chunks/node_modules_next_dist_1e8vcs8._.js:1052
[  207415ms] [ERROR] ./lib/keySound.ts:93:12
Error: Return statement is not allowed here
  91 | }
  92 |   const ac = getContext();
> 93 |   if (!ac) return;
     |            ^^^^^^^
  94 |   try {
  95 |     const t = ac.currentTime;
  96 |     const freq = NOTES[index] ?? NOTES[2];

Parsing ecmascript source code failed

Import traces:
  Client Component Browser:
    ./lib/keySound.ts [Client Component Browser]
    ./components/layout/Navbar.tsx [Client Component Browser]
    ./components/layout/Navbar.tsx [Server Component]
    ./app/page.tsx [Server Component]

  Client Component SSR:
    ./lib/keySound.ts [Client Component SSR]
    ./components/layout/Navbar.tsx [Client Component SSR]
    ./components/layout/Navbar.tsx [Server Component]
    ./app/page.tsx [Server Component] @ http://localhost:3000/_next/static/chunks/node_modules_next_dist_1e8vcs8._.js:1052
[  207472ms] [ERROR] ./lib/keySound.ts:93:12
Error: Return statement is not allowed here
  91 | }
  92 |   const ac = getContext();
> 93 |   if (!ac) return;
     |            ^^^^^^^
  94 |   try {
  95 |     const t = ac.currentTime;
  96 |     const freq = NOTES[index] ?? NOTES[2];

Parsing ecmascript source code failed

Import traces:
  Client Component Browser:
    ./lib/keySound.ts [Client Component Browser]
    ./components/layout/Navbar.tsx [Client Component Browser]
    ./components/layout/Navbar.tsx [Server Component]
    ./app/page.tsx [Server Component]

  Client Component SSR:
    ./lib/keySound.ts [Client Component SSR]
    ./components/layout/Navbar.tsx [Client Component SSR]
    ./components/layout/Navbar.tsx [Server Component]
    ./app/page.tsx [Server Component] @ http://localhost:3000/_next/static/chunks/node_modules_next_dist_1e8vcs8._.js:1052
[  207528ms] [ERROR] ./lib/keySound.ts:93:12
Error: Return statement is not allowed here
  91 | }
  92 |   const ac = getContext();
> 93 |   if (!ac) return;
     |            ^^^^^^^
  94 |   try {
  95 |     const t = ac.currentTime;
  96 |     const freq = NOTES[index] ?? NOTES[2];

Parsing ecmascript source code failed

Import traces:
  Client Component Browser:
    ./lib/keySound.ts [Client Component Browser]
    ./components/layout/Navbar.tsx [Client Component Browser]
    ./components/layout/Navbar.tsx [Server Component]
    ./app/page.tsx [Server Component]

  Client Component SSR:
    ./lib/keySound.ts [Client Component SSR]
    ./components/layout/Navbar.tsx [Client Component SSR]
    ./components/layout/Navbar.tsx [Server Component]
    ./app/page.tsx [Server Component] @ http://localhost:3000/_next/static/chunks/node_modules_next_dist_1e8vcs8._.js:1052
[  207585ms] [ERROR] ./lib/keySound.ts:93:12
Error: Return statement is not allowed here
  91 | }
  92 |   const ac = getContext();
> 93 |   if (!ac) return;
     |            ^^^^^^^
  94 |   try {
  95 |     const t = ac.currentTime;
  96 |     const freq = NOTES[index] ?? NOTES[2];

Parsing ecmascript source code failed

Import traces:
  Client Component Browser:
    ./lib/keySound.ts [Client Component Browser]
    ./components/layout/Navbar.tsx [Client Component Browser]
    ./components/layout/Navbar.tsx [Server Component]
    ./app/page.tsx [Server Component]

  Client Component SSR:
    ./lib/keySound.ts [Client Component SSR]
    ./components/layout/Navbar.tsx [Client Component SSR]
    ./components/layout/Navbar.tsx [Server Component]
    ./app/page.tsx [Server Component] @ http://localhost:3000/_next/static/chunks/node_modules_next_dist_1e8vcs8._.js:1052
[  207646ms] [ERROR] ./lib/keySound.ts:93:12
Error: Return statement is not allowed here
  91 | }
  92 |   const ac = getContext();
> 93 |   if (!ac) return;
     |            ^^^^^^^
  94 |   try {
  95 |     const t = ac.currentTime;
  96 |     const freq = NOTES[index] ?? NOTES[2];

Parsing ecmascript source code failed

Import traces:
  Client Component Browser:
    ./lib/keySound.ts [Client Component Browser]
    ./components/layout/Navbar.tsx [Client Component Browser]
    ./components/layout/Navbar.tsx [Server Component]
    ./app/page.tsx [Server Component]

  Client Component SSR:
    ./lib/keySound.ts [Client Component SSR]
    ./components/layout/Navbar.tsx [Client Component SSR]
    ./components/layout/Navbar.tsx [Server Component]
    ./app/page.tsx [Server Component] @ http://localhost:3000/_next/static/chunks/node_modules_next_dist_1e8vcs8._.js:1052
[  207710ms] [ERROR] ./lib/keySound.ts:93:12
Error: Return statement is not allowed here
  91 | }
  92 |   const ac = getContext();
> 93 |   if (!ac) return;
     |            ^^^^^^^
  94 |   try {
  95 |     const t = ac.currentTime;
  96 |     const freq = NOTES[index] ?? NOTES[2];

Parsing ecmascript source code failed

Import traces:
  Client Component Browser:
    ./lib/keySound.ts [Client Component Browser]
    ./components/layout/Navbar.tsx [Client Component Browser]
    ./components/layout/Navbar.tsx [Server Component]
    ./app/page.tsx [Server Component]

  Client Component SSR:
    ./lib/keySound.ts [Client Component SSR]
    ./components/layout/Navbar.tsx [Client Component SSR]
    ./components/layout/Navbar.tsx [Server Component]
    ./app/page.tsx [Server Component] @ http://localhost:3000/_next/static/chunks/node_modules_next_dist_1e8vcs8._.js:1052
[  207767ms] [ERROR] ./lib/keySound.ts:93:12
Error: Return statement is not allowed here
  91 | }
  92 |   const ac = getContext();
> 93 |   if (!ac) return;
     |            ^^^^^^^
  94 |   try {
  95 |     const t = ac.currentTime;
  96 |     const freq = NOTES[index] ?? NOTES[2];

Parsing ecmascript source code failed

Import traces:
  Client Component Browser:
    ./lib/keySound.ts [Client Component Browser]
    ./components/layout/Navbar.tsx [Client Component Browser]
    ./components/layout/Navbar.tsx [Server Component]
    ./app/page.tsx [Server Component]

  Client Component SSR:
    ./lib/keySound.ts [Client Component SSR]
    ./components/layout/Navbar.tsx [Client Component SSR]
    ./components/layout/Navbar.tsx [Server Component]
    ./app/page.tsx [Server Component] @ http://localhost:3000/_next/static/chunks/node_modules_next_dist_1e8vcs8._.js:1052
[  207825ms] [ERROR] ./lib/keySound.ts:93:12
Error: Return statement is not allowed here
  91 | }
  92 |   const ac = getContext();
> 93 |   if (!ac) return;
     |            ^^^^^^^
  94 |   try {
  95 |     const t = ac.currentTime;
  96 |     const freq = NOTES[index] ?? NOTES[2];

Parsing ecmascript source code failed

Import traces:
  Client Component Browser:
    ./lib/keySound.ts [Client Component Browser]
    ./components/layout/Navbar.tsx [Client Component Browser]
    ./components/layout/Navbar.tsx [Server Component]
    ./app/page.tsx [Server Component]

  Client Component SSR:
    ./lib/keySound.ts [Client Component SSR]
    ./components/layout/Navbar.tsx [Client Component SSR]
    ./components/layout/Navbar.tsx [Server Component]
    ./app/page.tsx [Server Component] @ http://localhost:3000/_next/static/chunks/node_modules_next_dist_1e8vcs8._.js:1052
[  207882ms] [ERROR] ./lib/keySound.ts:93:12
Error: Return statement is not allowed here
  91 | }
  92 |   const ac = getContext();
> 93 |   if (!ac) return;
     |            ^^^^^^^
  94 |   try {
  95 |     const t = ac.currentTime;
  96 |     const freq = NOTES[index] ?? NOTES[2];

Parsing ecmascript source code failed

Import traces:
  Client Component Browser:
    ./lib/keySound.ts [Client Component Browser]
    ./components/layout/Navbar.tsx [Client Component Browser]
    ./components/layout/Navbar.tsx [Server Component]
    ./app/page.tsx [Server Component]

  Client Component SSR:
    ./lib/keySound.ts [Client Component SSR]
    ./components/layout/Navbar.tsx [Client Component SSR]
    ./components/layout/Navbar.tsx [Server Component]
    ./app/page.tsx [Server Component] @ http://localhost:3000/_next/static/chunks/node_modules_next_dist_1e8vcs8._.js:1052
[  207932ms] [ERROR] ./lib/keySound.ts:93:12
Error: Return statement is not allowed here
  91 | }
  92 |   const ac = getContext();
> 93 |   if (!ac) return;
     |            ^^^^^^^
  94 |   try {
  95 |     const t = ac.currentTime;
  96 |     const freq = NOTES[index] ?? NOTES[2];

Parsing ecmascript source code failed

Import traces:
  Client Component Browser:
    ./lib/keySound.ts [Client Component Browser]
    ./components/layout/Navbar.tsx [Client Component Browser]
    ./components/layout/Navbar.tsx [Server Component]
    ./app/page.tsx [Server Component]

  Client Component SSR:
    ./lib/keySound.ts [Client Component SSR]
    ./components/layout/Navbar.tsx [Client Component SSR]
    ./components/layout/Navbar.tsx [Server Component]
    ./app/page.tsx [Server Component] @ http://localhost:3000/_next/static/chunks/node_modules_next_dist_1e8vcs8._.js:1052
[  207992ms] [ERROR] ./lib/keySound.ts:93:12
Error: Return statement is not allowed here
  91 | }
  92 |   const ac = getContext();
> 93 |   if (!ac) return;
     |            ^^^^^^^
  94 |   try {
  95 |     const t = ac.currentTime;
  96 |     const freq = NOTES[index] ?? NOTES[2];

Parsing ecmascript source code failed

Import traces:
  Client Component Browser:
    ./lib/keySound.ts [Client Component Browser]
    ./components/layout/Navbar.tsx [Client Component Browser]
    ./components/layout/Navbar.tsx [Server Component]
    ./app/page.tsx [Server Component]

  Client Component SSR:
    ./lib/keySound.ts [Client Component SSR]
    ./components/layout/Navbar.tsx [Client Component SSR]
    ./components/layout/Navbar.tsx [Server Component]
    ./app/page.tsx [Server Component] @ http://localhost:3000/_next/static/chunks/node_modules_next_dist_1e8vcs8._.js:1052
[  208049ms] [ERROR] ./lib/keySound.ts:93:12
Error: Return statement is not allowed here
  91 | }
  92 |   const ac = getContext();
> 93 |   if (!ac) return;
     |            ^^^^^^^
  94 |   try {
  95 |     const t = ac.currentTime;
  96 |     const freq = NOTES[index] ?? NOTES[2];

Parsing ecmascript source code failed

Import traces:
  Client Component Browser:
    ./lib/keySound.ts [Client Component Browser]
    ./components/layout/Navbar.tsx [Client Component Browser]
    ./components/layout/Navbar.tsx [Server Component]
    ./app/page.tsx [Server Component]

  Client Component SSR:
    ./lib/keySound.ts [Client Component SSR]
    ./components/layout/Navbar.tsx [Client Component SSR]
    ./components/layout/Navbar.tsx [Server Component]
    ./app/page.tsx [Server Component] @ http://localhost:3000/_next/static/chunks/node_modules_next_dist_1e8vcs8._.js:1052
[  208102ms] [ERROR] ./lib/keySound.ts:93:12
Error: Return statement is not allowed here
  91 | }
  92 |   const ac = getContext();
> 93 |   if (!ac) return;
     |            ^^^^^^^
  94 |   try {
  95 |     const t = ac.currentTime;
  96 |     const freq = NOTES[index] ?? NOTES[2];

Parsing ecmascript source code failed

Import traces:
  Client Component Browser:
    ./lib/keySound.ts [Client Component Browser]
    ./components/layout/Navbar.tsx [Client Component Browser]
    ./components/layout/Navbar.tsx [Server Component]
    ./app/page.tsx [Server Component]

  Client Component SSR:
    ./lib/keySound.ts [Client Component SSR]
    ./components/layout/Navbar.tsx [Client Component SSR]
    ./components/layout/Navbar.tsx [Server Component]
    ./app/page.tsx [Server Component] @ http://localhost:3000/_next/static/chunks/node_modules_next_dist_1e8vcs8._.js:1052
[  208165ms] [ERROR] ./lib/keySound.ts:93:12
Error: Return statement is not allowed here
  91 | }
  92 |   const ac = getContext();
> 93 |   if (!ac) return;
     |            ^^^^^^^
  94 |   try {
  95 |     const t = ac.currentTime;
  96 |     const freq = NOTES[index] ?? NOTES[2];

Parsing ecmascript source code failed

Import traces:
  Client Component Browser:
    ./lib/keySound.ts [Client Component Browser]
    ./components/layout/Navbar.tsx [Client Component Browser]
    ./components/layout/Navbar.tsx [Server Component]
    ./app/page.tsx [Server Component]

  Client Component SSR:
    ./lib/keySound.ts [Client Component SSR]
    ./components/layout/Navbar.tsx [Client Component SSR]
    ./components/layout/Navbar.tsx [Server Component]
    ./app/page.tsx [Server Component] @ http://localhost:3000/_next/static/chunks/node_modules_next_dist_1e8vcs8._.js:1052
[  208226ms] [ERROR] ./lib/keySound.ts:93:12
Error: Return statement is not allowed here
  91 | }
  92 |   const ac = getContext();
> 93 |   if (!ac) return;
     |            ^^^^^^^
  94 |   try {
  95 |     const t = ac.currentTime;
  96 |     const freq = NOTES[index] ?? NOTES[2];

Parsing ecmascript source code failed

Import traces:
  Client Component Browser:
    ./lib/keySound.ts [Client Component Browser]
    ./components/layout/Navbar.tsx [Client Component Browser]
    ./components/layout/Navbar.tsx [Server Component]
    ./app/page.tsx [Server Component]

  Client Component SSR:
    ./lib/keySound.ts [Client Component SSR]
    ./components/layout/Navbar.tsx [Client Component SSR]
    ./components/layout/Navbar.tsx [Server Component]
    ./app/page.tsx [Server Component] @ http://localhost:3000/_next/static/chunks/node_modules_next_dist_1e8vcs8._.js:1052
[  208282ms] [ERROR] ./lib/keySound.ts:93:12
Error: Return statement is not allowed here
  91 | }
  92 |   const ac = getContext();
> 93 |   if (!ac) return;
     |            ^^^^^^^
  94 |   try {
  95 |     const t = ac.currentTime;
  96 |     const freq = NOTES[index] ?? NOTES[2];

Parsing ecmascript source code failed

Import traces:
  Client Component Browser:
    ./lib/keySound.ts [Client Component Browser]
    ./components/layout/Navbar.tsx [Client Component Browser]
    ./components/layout/Navbar.tsx [Server Component]
    ./app/page.tsx [Server Component]

  Client Component SSR:
    ./lib/keySound.ts [Client Component SSR]
    ./components/layout/Navbar.tsx [Client Component SSR]
    ./components/layout/Navbar.tsx [Server Component]
    ./app/page.tsx [Server Component] @ http://localhost:3000/_next/static/chunks/node_modules_next_dist_1e8vcs8._.js:1052
[  208335ms] [ERROR] ./lib/keySound.ts:93:12
Error: Return statement is not allowed here
  91 | }
  92 |   const ac = getContext();
> 93 |   if (!ac) return;
     |            ^^^^^^^
  94 |   try {
  95 |     const t = ac.currentTime;
  96 |     const freq = NOTES[index] ?? NOTES[2];

Parsing ecmascript source code failed

Import traces:
  Client Component Browser:
    ./lib/keySound.ts [Client Component Browser]
    ./components/layout/Navbar.tsx [Client Component Browser]
    ./components/layout/Navbar.tsx [Server Component]
    ./app/page.tsx [Server Component]

  Client Component SSR:
    ./lib/keySound.ts [Client Component SSR]
    ./components/layout/Navbar.tsx [Client Component SSR]
    ./components/layout/Navbar.tsx [Server Component]
    ./app/page.tsx [Server Component] @ http://localhost:3000/_next/static/chunks/node_modules_next_dist_1e8vcs8._.js:1052
[  208391ms] [ERROR] ./lib/keySound.ts:93:12
Error: Return statement is not allowed here
  91 | }
  92 |   const ac = getContext();
> 93 |   if (!ac) return;
     |            ^^^^^^^
  94 |   try {
  95 |     const t = ac.currentTime;
  96 |     const freq = NOTES[index] ?? NOTES[2];

Parsing ecmascript source code failed

Import traces:
  Client Component Browser:
    ./lib/keySound.ts [Client Component Browser]
    ./components/layout/Navbar.tsx [Client Component Browser]
    ./components/layout/Navbar.tsx [Server Component]
    ./app/page.tsx [Server Component]

  Client Component SSR:
    ./lib/keySound.ts [Client Component SSR]
    ./components/layout/Navbar.tsx [Client Component SSR]
    ./components/layout/Navbar.tsx [Server Component]
    ./app/page.tsx [Server Component] @ http://localhost:3000/_next/static/chunks/node_modules_next_dist_1e8vcs8._.js:1052
[  208448ms] [ERROR] ./lib/keySound.ts:93:12
Error: Return statement is not allowed here
  91 | }
  92 |   const ac = getContext();
> 93 |   if (!ac) return;
     |            ^^^^^^^
  94 |   try {
  95 |     const t = ac.currentTime;
  96 |     const freq = NOTES[index] ?? NOTES[2];

Parsing ecmascript source code failed

Import traces:
  Client Component Browser:
    ./lib/keySound.ts [Client Component Browser]
    ./components/layout/Navbar.tsx [Client Component Browser]
    ./components/layout/Navbar.tsx [Server Component]
    ./app/page.tsx [Server Component]

  Client Component SSR:
    ./lib/keySound.ts [Client Component SSR]
    ./components/layout/Navbar.tsx [Client Component SSR]
    ./components/layout/Navbar.tsx [Server Component]
    ./app/page.tsx [Server Component] @ http://localhost:3000/_next/static/chunks/node_modules_next_dist_1e8vcs8._.js:1052
[  208510ms] [ERROR] ./lib/keySound.ts:93:12
Error: Return statement is not allowed here
  91 | }
  92 |   const ac = getContext();
> 93 |   if (!ac) return;
     |            ^^^^^^^
  94 |   try {
  95 |     const t = ac.currentTime;
  96 |     const freq = NOTES[index] ?? NOTES[2];

Parsing ecmascript source code failed

Import traces:
  Client Component Browser:
    ./lib/keySound.ts [Client Component Browser]
    ./components/layout/Navbar.tsx [Client Component Browser]
    ./components/layout/Navbar.tsx [Server Component]
    ./app/page.tsx [Server Component]

  Client Component SSR:
    ./lib/keySound.ts [Client Component SSR]
    ./components/layout/Navbar.tsx [Client Component SSR]
    ./components/layout/Navbar.tsx [Server Component]
    ./app/page.tsx [Server Component] @ http://localhost:3000/_next/static/chunks/node_modules_next_dist_1e8vcs8._.js:1052
[  208567ms] [ERROR] ./lib/keySound.ts:93:12
Error: Return statement is not allowed here
  91 | }
  92 |   const ac = getContext();
> 93 |   if (!ac) return;
     |            ^^^^^^^
  94 |   try {
  95 |     const t = ac.currentTime;
  96 |     const freq = NOTES[index] ?? NOTES[2];

Parsing ecmascript source code failed

Import traces:
  Client Component Browser:
    ./lib/keySound.ts [Client Component Browser]
    ./components/layout/Navbar.tsx [Client Component Browser]
    ./components/layout/Navbar.tsx [Server Component]
    ./app/page.tsx [Server Component]

  Client Component SSR:
    ./lib/keySound.ts [Client Component SSR]
    ./components/layout/Navbar.tsx [Client Component SSR]
    ./components/layout/Navbar.tsx [Server Component]
    ./app/page.tsx [Server Component] @ http://localhost:3000/_next/static/chunks/node_modules_next_dist_1e8vcs8._.js:1052
[  208631ms] [ERROR] ./lib/keySound.ts:93:12
Error: Return statement is not allowed here
  91 | }
  92 |   const ac = getContext();
> 93 |   if (!ac) return;
     |            ^^^^^^^
  94 |   try {
  95 |     const t = ac.currentTime;
  96 |     const freq = NOTES[index] ?? NOTES[2];

Parsing ecmascript source code failed

Import traces:
  Client Component Browser:
    ./lib/keySound.ts [Client Component Browser]
    ./components/layout/Navbar.tsx [Client Component Browser]
    ./components/layout/Navbar.tsx [Server Component]
    ./app/page.tsx [Server Component]

  Client Component SSR:
    ./lib/keySound.ts [Client Component SSR]
    ./components/layout/Navbar.tsx [Client Component SSR]
    ./components/layout/Navbar.tsx [Server Component]
    ./app/page.tsx [Server Component] @ http://localhost:3000/_next/static/chunks/node_modules_next_dist_1e8vcs8._.js:1052
[  208692ms] [ERROR] ./lib/keySound.ts:93:12
Error: Return statement is not allowed here
  91 | }
  92 |   const ac = getContext();
> 93 |   if (!ac) return;
     |            ^^^^^^^
  94 |   try {
  95 |     const t = ac.currentTime;
  96 |     const freq = NOTES[index] ?? NOTES[2];

Parsing ecmascript source code failed

Import traces:
  Client Component Browser:
    ./lib/keySound.ts [Client Component Browser]
    ./components/layout/Navbar.tsx [Client Component Browser]
    ./components/layout/Navbar.tsx [Server Component]
    ./app/page.tsx [Server Component]

  Client Component SSR:
    ./lib/keySound.ts [Client Component SSR]
    ./components/layout/Navbar.tsx [Client Component SSR]
    ./components/layout/Navbar.tsx [Server Component]
    ./app/page.tsx [Server Component] @ http://localhost:3000/_next/static/chunks/node_modules_next_dist_1e8vcs8._.js:1052
[  208748ms] [ERROR] ./lib/keySound.ts:93:12
Error: Return statement is not allowed here
  91 | }
  92 |   const ac = getContext();
> 93 |   if (!ac) return;
     |            ^^^^^^^
  94 |   try {
  95 |     const t = ac.currentTime;
  96 |     const freq = NOTES[index] ?? NOTES[2];

Parsing ecmascript source code failed

Import traces:
  Client Component Browser:
    ./lib/keySound.ts [Client Component Browser]
    ./components/layout/Navbar.tsx [Client Component Browser]
    ./components/layout/Navbar.tsx [Server Component]
    ./app/page.tsx [Server Component]

  Client Component SSR:
    ./lib/keySound.ts [Client Component SSR]
    ./components/layout/Navbar.tsx [Client Component SSR]
    ./components/layout/Navbar.tsx [Server Component]
    ./app/page.tsx [Server Component] @ http://localhost:3000/_next/static/chunks/node_modules_next_dist_1e8vcs8._.js:1052
[  208808ms] [ERROR] ./lib/keySound.ts:93:12
Error: Return statement is not allowed here
  91 | }
  92 |   const ac = getContext();
> 93 |   if (!ac) return;
     |            ^^^^^^^
  94 |   try {
  95 |     const t = ac.currentTime;
  96 |     const freq = NOTES[index] ?? NOTES[2];

Parsing ecmascript source code failed

Import traces:
  Client Component Browser:
    ./lib/keySound.ts [Client Component Browser]
    ./components/layout/Navbar.tsx [Client Component Browser]
    ./components/layout/Navbar.tsx [Server Component]
    ./app/page.tsx [Server Component]

  Client Component SSR:
    ./lib/keySound.ts [Client Component SSR]
    ./components/layout/Navbar.tsx [Client Component SSR]
    ./components/layout/Navbar.tsx [Server Component]
    ./app/page.tsx [Server Component] @ http://localhost:3000/_next/static/chunks/node_modules_next_dist_1e8vcs8._.js:1052
[  208852ms] [ERROR] ./lib/keySound.ts:93:12
Error: Return statement is not allowed here
  91 | }
  92 |   const ac = getContext();
> 93 |   if (!ac) return;
     |            ^^^^^^^
  94 |   try {
  95 |     const t = ac.currentTime;
  96 |     const freq = NOTES[index] ?? NOTES[2];

Parsing ecmascript source code failed

Import traces:
  Client Component Browser:
    ./lib/keySound.ts [Client Component Browser]
    ./components/layout/Navbar.tsx [Client Component Browser]
    ./components/layout/Navbar.tsx [Server Component]
    ./app/page.tsx [Server Component]

  Client Component SSR:
    ./lib/keySound.ts [Client Component SSR]
    ./components/layout/Navbar.tsx [Client Component SSR]
    ./components/layout/Navbar.tsx [Server Component]
    ./app/page.tsx [Server Component] @ http://localhost:3000/_next/static/chunks/node_modules_next_dist_1e8vcs8._.js:1052
[  208914ms] [ERROR] ./lib/keySound.ts:93:12
Error: Return statement is not allowed here
  91 | }
  92 |   const ac = getContext();
> 93 |   if (!ac) return;
     |            ^^^^^^^
  94 |   try {
  95 |     const t = ac.currentTime;
  96 |     const freq = NOTES[index] ?? NOTES[2];

Parsing ecmascript source code failed

Import traces:
  Client Component Browser:
    ./lib/keySound.ts [Client Component Browser]
    ./components/layout/Navbar.tsx [Client Component Browser]
    ./components/layout/Navbar.tsx [Server Component]
    ./app/page.tsx [Server Component]

  Client Component SSR:
    ./lib/keySound.ts [Client Component SSR]
    ./components/layout/Navbar.tsx [Client Component SSR]
    ./components/layout/Navbar.tsx [Server Component]
    ./app/page.tsx [Server Component] @ http://localhost:3000/_next/static/chunks/node_modules_next_dist_1e8vcs8._.js:1052
[  208974ms] [ERROR] ./lib/keySound.ts:93:12
Error: Return statement is not allowed here
  91 | }
  92 |   const ac = getContext();
> 93 |   if (!ac) return;
     |            ^^^^^^^
  94 |   try {
  95 |     const t = ac.currentTime;
  96 |     const freq = NOTES[index] ?? NOTES[2];

Parsing ecmascript source code failed

Import traces:
  Client Component Browser:
    ./lib/keySound.ts [Client Component Browser]
    ./components/layout/Navbar.tsx [Client Component Browser]
    ./components/layout/Navbar.tsx [Server Component]
    ./app/page.tsx [Server Component]

  Client Component SSR:
    ./lib/keySound.ts [Client Component SSR]
    ./components/layout/Navbar.tsx [Client Component SSR]
    ./components/layout/Navbar.tsx [Server Component]
    ./app/page.tsx [Server Component] @ http://localhost:3000/_next/static/chunks/node_modules_next_dist_1e8vcs8._.js:1052
[  209021ms] [ERROR] ./lib/keySound.ts:93:12
Error: Return statement is not allowed here
  91 | }
  92 |   const ac = getContext();
> 93 |   if (!ac) return;
     |            ^^^^^^^
  94 |   try {
  95 |     const t = ac.currentTime;
  96 |     const freq = NOTES[index] ?? NOTES[2];

Parsing ecmascript source code failed

Import traces:
  Client Component Browser:
    ./lib/keySound.ts [Client Component Browser]
    ./components/layout/Navbar.tsx [Client Component Browser]
    ./components/layout/Navbar.tsx [Server Component]
    ./app/page.tsx [Server Component]

  Client Component SSR:
    ./lib/keySound.ts [Client Component SSR]
    ./components/layout/Navbar.tsx [Client Component SSR]
    ./components/layout/Navbar.tsx [Server Component]
    ./app/page.tsx [Server Component] @ http://localhost:3000/_next/static/chunks/node_modules_next_dist_1e8vcs8._.js:1052
[  209081ms] [ERROR] ./lib/keySound.ts:93:12
Error: Return statement is not allowed here
  91 | }
  92 |   const ac = getContext();
> 93 |   if (!ac) return;
     |            ^^^^^^^
  94 |   try {
  95 |     const t = ac.currentTime;
  96 |     const freq = NOTES[index] ?? NOTES[2];

Parsing ecmascript source code failed

Import traces:
  Client Component Browser:
    ./lib/keySound.ts [Client Component Browser]
    ./components/layout/Navbar.tsx [Client Component Browser]
    ./components/layout/Navbar.tsx [Server Component]
    ./app/page.tsx [Server Component]

  Client Component SSR:
    ./lib/keySound.ts [Client Component SSR]
    ./components/layout/Navbar.tsx [Client Component SSR]
    ./components/layout/Navbar.tsx [Server Component]
    ./app/page.tsx [Server Component] @ http://localhost:3000/_next/static/chunks/node_modules_next_dist_1e8vcs8._.js:1052
[  209146ms] [ERROR] ./lib/keySound.ts:93:12
Error: Return statement is not allowed here
  91 | }
  92 |   const ac = getContext();
> 93 |   if (!ac) return;
     |            ^^^^^^^
  94 |   try {
  95 |     const t = ac.currentTime;
  96 |     const freq = NOTES[index] ?? NOTES[2];

Parsing ecmascript source code failed

Import traces:
  Client Component Browser:
    ./lib/keySound.ts [Client Component Browser]
    ./components/layout/Navbar.tsx [Client Component Browser]
    ./components/layout/Navbar.tsx [Server Component]
    ./app/page.tsx [Server Component]

  Client Component SSR:
    ./lib/keySound.ts [Client Component SSR]
    ./components/layout/Navbar.tsx [Client Component SSR]
    ./components/layout/Navbar.tsx [Server Component]
    ./app/page.tsx [Server Component] @ http://localhost:3000/_next/static/chunks/node_modules_next_dist_1e8vcs8._.js:1052
[  209199ms] [ERROR] ./lib/keySound.ts:93:12
Error: Return statement is not allowed here
  91 | }
  92 |   const ac = getContext();
> 93 |   if (!ac) return;
     |            ^^^^^^^
  94 |   try {
  95 |     const t = ac.currentTime;
  96 |     const freq = NOTES[index] ?? NOTES[2];

Parsing ecmascript source code failed

Import traces:
  Client Component Browser:
    ./lib/keySound.ts [Client Component Browser]
    ./components/layout/Navbar.tsx [Client Component Browser]
    ./components/layout/Navbar.tsx [Server Component]
    ./app/page.tsx [Server Component]

  Client Component SSR:
    ./lib/keySound.ts [Client Component SSR]
    ./components/layout/Navbar.tsx [Client Component SSR]
    ./components/layout/Navbar.tsx [Server Component]
    ./app/page.tsx [Server Component] @ http://localhost:3000/_next/static/chunks/node_modules_next_dist_1e8vcs8._.js:1052
[  209250ms] [ERROR] ./lib/keySound.ts:93:12
Error: Return statement is not allowed here
  91 | }
  92 |   const ac = getContext();
> 93 |   if (!ac) return;
     |            ^^^^^^^
  94 |   try {
  95 |     const t = ac.currentTime;
  96 |     const freq = NOTES[index] ?? NOTES[2];

Parsing ecmascript source code failed

Import traces:
  Client Component Browser:
    ./lib/keySound.ts [Client Component Browser]
    ./components/layout/Navbar.tsx [Client Component Browser]
    ./components/layout/Navbar.tsx [Server Component]
    ./app/page.tsx [Server Component]

  Client Component SSR:
    ./lib/keySound.ts [Client Component SSR]
    ./components/layout/Navbar.tsx [Client Component SSR]
    ./components/layout/Navbar.tsx [Server Component]
    ./app/page.tsx [Server Component] @ http://localhost:3000/_next/static/chunks/node_modules_next_dist_1e8vcs8._.js:1052
[  209309ms] [ERROR] ./lib/keySound.ts:93:12
Error: Return statement is not allowed here
  91 | }
  92 |   const ac = getContext();
> 93 |   if (!ac) return;
     |            ^^^^^^^
  94 |   try {
  95 |     const t = ac.currentTime;
  96 |     const freq = NOTES[index] ?? NOTES[2];

Parsing ecmascript source code failed

Import traces:
  Client Component Browser:
    ./lib/keySound.ts [Client Component Browser]
    ./components/layout/Navbar.tsx [Client Component Browser]
    ./components/layout/Navbar.tsx [Server Component]
    ./app/page.tsx [Server Component]

  Client Component SSR:
    ./lib/keySound.ts [Client Component SSR]
    ./components/layout/Navbar.tsx [Client Component SSR]
    ./components/layout/Navbar.tsx [Server Component]
    ./app/page.tsx [Server Component] @ http://localhost:3000/_next/static/chunks/node_modules_next_dist_1e8vcs8._.js:1052
[  209349ms] [ERROR] ./lib/keySound.ts:93:12
Error: Return statement is not allowed here
  91 | }
  92 |   const ac = getContext();
> 93 |   if (!ac) return;
     |            ^^^^^^^
  94 |   try {
  95 |     const t = ac.currentTime;
  96 |     const freq = NOTES[index] ?? NOTES[2];

Parsing ecmascript source code failed

Import traces:
  Client Component Browser:
    ./lib/keySound.ts [Client Component Browser]
    ./components/layout/Navbar.tsx [Client Component Browser]
    ./components/layout/Navbar.tsx [Server Component]
    ./app/page.tsx [Server Component]

  Client Component SSR:
    ./lib/keySound.ts [Client Component SSR]
    ./components/layout/Navbar.tsx [Client Component SSR]
    ./components/layout/Navbar.tsx [Server Component]
    ./app/page.tsx [Server Component] @ http://localhost:3000/_next/static/chunks/node_modules_next_dist_1e8vcs8._.js:1052
[  209414ms] [ERROR] ./lib/keySound.ts:93:12
Error: Return statement is not allowed here
  91 | }
  92 |   const ac = getContext();
> 93 |   if (!ac) return;
     |            ^^^^^^^
  94 |   try {
  95 |     const t = ac.currentTime;
  96 |     const freq = NOTES[index] ?? NOTES[2];

Parsing ecmascript source code failed

Import traces:
  Client Component Browser:
    ./lib/keySound.ts [Client Component Browser]
    ./components/layout/Navbar.tsx [Client Component Browser]
    ./components/layout/Navbar.tsx [Server Component]
    ./app/page.tsx [Server Component]

  Client Component SSR:
    ./lib/keySound.ts [Client Component SSR]
    ./components/layout/Navbar.tsx [Client Component SSR]
    ./components/layout/Navbar.tsx [Server Component]
    ./app/page.tsx [Server Component] @ http://localhost:3000/_next/static/chunks/node_modules_next_dist_1e8vcs8._.js:1052
[  209467ms] [ERROR] ./lib/keySound.ts:93:12
Error: Return statement is not allowed here
  91 | }
  92 |   const ac = getContext();
> 93 |   if (!ac) return;
     |            ^^^^^^^
  94 |   try {
  95 |     const t = ac.currentTime;
  96 |     const freq = NOTES[index] ?? NOTES[2];

Parsing ecmascript source code failed

Import traces:
  Client Component Browser:
    ./lib/keySound.ts [Client Component Browser]
    ./components/layout/Navbar.tsx [Client Component Browser]
    ./components/layout/Navbar.tsx [Server Component]
    ./app/page.tsx [Server Component]

  Client Component SSR:
    ./lib/keySound.ts [Client Component SSR]
    ./components/layout/Navbar.tsx [Client Component SSR]
    ./components/layout/Navbar.tsx [Server Component]
    ./app/page.tsx [Server Component] @ http://localhost:3000/_next/static/chunks/node_modules_next_dist_1e8vcs8._.js:1052
[  209529ms] [ERROR] ./lib/keySound.ts:93:12
Error: Return statement is not allowed here
  91 | }
  92 |   const ac = getContext();
> 93 |   if (!ac) return;
     |            ^^^^^^^
  94 |   try {
  95 |     const t = ac.currentTime;
  96 |     const freq = NOTES[index] ?? NOTES[2];

Parsing ecmascript source code failed

Import traces:
  Client Component Browser:
    ./lib/keySound.ts [Client Component Browser]
    ./components/layout/Navbar.tsx [Client Component Browser]
    ./components/layout/Navbar.tsx [Server Component]
    ./app/page.tsx [Server Component]

  Client Component SSR:
    ./lib/keySound.ts [Client Component SSR]
    ./components/layout/Navbar.tsx [Client Component SSR]
    ./components/layout/Navbar.tsx [Server Component]
    ./app/page.tsx [Server Component] @ http://localhost:3000/_next/static/chunks/node_modules_next_dist_1e8vcs8._.js:1052
[  209583ms] [ERROR] ./lib/keySound.ts:93:12
Error: Return statement is not allowed here
  91 | }
  92 |   const ac = getContext();
> 93 |   if (!ac) return;
     |            ^^^^^^^
  94 |   try {
  95 |     const t = ac.currentTime;
  96 |     const freq = NOTES[index] ?? NOTES[2];

Parsing ecmascript source code failed

Import traces:
  Client Component Browser:
    ./lib/keySound.ts [Client Component Browser]
    ./components/layout/Navbar.tsx [Client Component Browser]
    ./components/layout/Navbar.tsx [Server Component]
    ./app/page.tsx [Server Component]

  Client Component SSR:
    ./lib/keySound.ts [Client Component SSR]
    ./components/layout/Navbar.tsx [Client Component SSR]
    ./components/layout/Navbar.tsx [Server Component]
    ./app/page.tsx [Server Component] @ http://localhost:3000/_next/static/chunks/node_modules_next_dist_1e8vcs8._.js:1052
[  209647ms] [ERROR] ./lib/keySound.ts:93:12
Error: Return statement is not allowed here
  91 | }
  92 |   const ac = getContext();
> 93 |   if (!ac) return;
     |            ^^^^^^^
  94 |   try {
  95 |     const t = ac.currentTime;
  96 |     const freq = NOTES[index] ?? NOTES[2];

Parsing ecmascript source code failed

Import traces:
  Client Component Browser:
    ./lib/keySound.ts [Client Component Browser]
    ./components/layout/Navbar.tsx [Client Component Browser]
    ./components/layout/Navbar.tsx [Server Component]
    ./app/page.tsx [Server Component]

  Client Component SSR:
    ./lib/keySound.ts [Client Component SSR]
    ./components/layout/Navbar.tsx [Client Component SSR]
    ./components/layout/Navbar.tsx [Server Component]
    ./app/page.tsx [Server Component] @ http://localhost:3000/_next/static/chunks/node_modules_next_dist_1e8vcs8._.js:1052
[  209711ms] [ERROR] ./lib/keySound.ts:93:12
Error: Return statement is not allowed here
  91 | }
  92 |   const ac = getContext();
> 93 |   if (!ac) return;
     |            ^^^^^^^
  94 |   try {
  95 |     const t = ac.currentTime;
  96 |     const freq = NOTES[index] ?? NOTES[2];

Parsing ecmascript source code failed

Import traces:
  Client Component Browser:
    ./lib/keySound.ts [Client Component Browser]
    ./components/layout/Navbar.tsx [Client Component Browser]
    ./components/layout/Navbar.tsx [Server Component]
    ./app/page.tsx [Server Component]

  Client Component SSR:
    ./lib/keySound.ts [Client Component SSR]
    ./components/layout/Navbar.tsx [Client Component SSR]
    ./components/layout/Navbar.tsx [Server Component]
    ./app/page.tsx [Server Component] @ http://localhost:3000/_next/static/chunks/node_modules_next_dist_1e8vcs8._.js:1052
[  209824ms] [LOG] [Fast Refresh] rebuilding @ http://localhost:3000/_next/static/chunks/node_modules_next_dist_1e8vcs8._.js:776
[  209906ms] [LOG] [Fast Refresh] done in 57ms @ http://localhost:3000/_next/static/chunks/node_modules_next_dist_1e8vcs8._.js:776
[  209980ms] [LOG] [Fast Refresh] done in 57ms @ http://localhost:3000/_next/static/chunks/node_modules_next_dist_1e8vcs8._.js:776
[  245595ms] [LOG] [Fast Refresh] rebuilding @ http://localhost:3000/_next/static/chunks/node_modules_next_dist_1e8vcs8._.js:776
[  245723ms] [LOG] [Fast Refresh] done in 182ms @ http://localhost:3000/_next/static/chunks/node_modules_next_dist_1e8vcs8._.js:776
[  245771ms] [LOG] [Fast Refresh] done in 182ms @ http://localhost:3000/_next/static/chunks/node_modules_next_dist_1e8vcs8._.js:776
[  262189ms] [LOG] [Fast Refresh] rebuilding @ http://localhost:3000/_next/static/chunks/node_modules_next_dist_1e8vcs8._.js:776
[  262365ms] [LOG] [Fast Refresh] done in 264ms @ http://localhost:3000/_next/static/chunks/node_modules_next_dist_1e8vcs8._.js:776
[  308032ms] [LOG] [Fast Refresh] rebuilding @ http://localhost:3000/_next/static/chunks/node_modules_next_dist_1e8vcs8._.js:776
[  308635ms] [LOG] [Fast Refresh] done in 703ms @ http://localhost:3000/_next/static/chunks/node_modules_next_dist_1e8vcs8._.js:776
[  325485ms] [LOG] [Fast Refresh] rebuilding @ http://localhost:3000/_next/static/chunks/node_modules_next_dist_1e8vcs8._.js:776
[  325523ms] [ERROR] The final argument passed to %s changed size between renders. The order and size of this array must remain constant.

Previous: %s
Incoming: %s useEffect [light, (o)=>{
            let r = typeof o == "function" ? o(c) : o;
            n(r);
            try {
                localStorage.setItem(m, r);
            } catch (v) {}
        }] [light, (o)=>{
            let r = typeof o == "function" ? o(c) : o;
            n(r);
            try {
                localStorage.setItem(m, r);
            } catch (v) {}
        }, [object Object]] @ http://localhost:3000/_next/static/chunks/node_modules_next_dist_1e8vcs8._.js:1052
[  325597ms] [LOG] [Fast Refresh] done in 190ms @ http://localhost:3000/_next/static/chunks/node_modules_next_dist_1e8vcs8._.js:776
[  325647ms] [LOG] [Fast Refresh] done in 190ms @ http://localhost:3000/_next/static/chunks/node_modules_next_dist_1e8vcs8._.js:776
